nli_id,url,period_detected,live_status,problem,current_034,suggested_034,heading_rom,heading_heb,wikidata,batch_921,pipeline_result
987012654573505171,https://www.nli.org.il/he/authorities/987012654573505171,20260212-20260218,live,dms-with-decimal-seconds-unpadded ; dms-missing-leading-zero,[geohack] d=01256.88 e=01256.88 f=451335.04 g=451335.04 || [geonames] d=E01230 e=E01230 f=N451339 g=N451339,d=E0001230 e=E0001230 f=N0451339 g=N0451339,Saint Privat en Périgord (France),סן פריבה-אן-פריגור (צרפת),Q27139960,BMC 202401,FAILURE in SQL Server (invalid geography)
987012881576405171,https://www.nli.org.il/he/authorities/987012881576405171,20260305-20260311,live,contains-space,[geonames] d=E0 313059 e=E0 313059 f=N0305619 g=N0305619,,Thmuis (Extinct city),תמוויס (עיר קדומה),Q4459073,,skipped: no valid 034
987011433527505171,https://www.nli.org.il/he/authorities/987011433527505171,20260528-20260603,live,contains-space,[geonames] d=E 1103920 e=E 1103920 f=N 0471910 g=N 0471910,,Ȯndȯrkhaan (Mongolia),אונדורחאן (מונגוליה),Q297632 | 33147121745226392173,,skipped: no valid 034
987013787265205171,https://www.nli.org.il/he/authorities/987013787265205171,20260528-20260603,live,contains-space,[geonames] d=E 1065003 e=E 1065003 f=N 0482531 g=N 0482531,,Batsu̇mbėr Sum (Mongolia),בצומבר סום (מונגוליה),Q3396615,,skipped: no valid 034
987012857476805171,https://www.nli.org.il/he/authorities/987012857476805171,20250916-20250922,live,contains-space+decimal-degrees+incomplete-point (missing $e and/or $g),[] d= e=E 033.3726 f=N028.8973 g=,,Maghareh Site (Egypt),אתר מע'רה (מצרים),Q1548813,css 202407,skipped: no valid 034
987013552077705171,https://www.nli.org.il/he/authorities/987013552077705171,20260219-20260225,live,contains-space+decimal-degrees+incomplete-point (missing $e and/or $g),[] d= e=E 43.8858 f=N13.7831 g=,,Shar'ab as-Salam (Yemen : District),שרעב אל-סלאם (תימן : מחוז),Q4120340,css 202507,skipped: no valid 034
987013553559905171,https://www.nli.org.il/he/authorities/987013553559905171,20260305-20260311,live,contains-space+decimal-degrees+incomplete-point (missing $e and/or $g),[] d= e=E 0.61583 f=N51.21583 g=,,East Sutton (England),מזרח סטון (אנגליה),Q930290,css 202507,skipped: no valid 034
987013617167705171,https://www.nli.org.il/he/authorities/987013617167705171,20260305-20260311,live,contains-space+decimal-degrees+incomplete-point (missing $e and/or $g),[] d= e=E 84.35 f=N21.07 g=,,Redhakhol (India),רהדהקול (הודו),Q2006708,css 202508,skipped: no valid 034
987013617169205171,https://www.nli.org.il/he/authorities/987013617169205171,20260305-20260311,live,contains-space+decimal-degrees+incomplete-point (missing $e and/or $g),[] d= e=E 69.4 f=N40.4 g=,,Sogdia (Uzbekistan),סוגדיה (אוזבקיסטן),Q486244,css 202508,skipped: no valid 034
987013961920605171,https://www.nli.org.il/he/authorities/987013961920605171,20260305-20260311,live,contains-space+decimal-degrees+incomplete-point (missing $e and/or $g),[] d= e=E35.4614 f=N32.0958 35.4614 g=,,Zaretan (Extinct city) (West Bank),צרתן (עיר קדומה) (יהודה ושומרון),Q147911,css 202512,skipped: no valid 034
987013617161705171,https://www.nli.org.il/he/authorities/987013617161705171,20260305-20260311,live,contains-space+decimal-degrees+incomplete-point (missing $e and/or $g),[] d= e=E71.3315 f=N 38.2886 g=,,Vanj River (Tajikistan),נהר ונג' (טג'יקיסטן),Q4121876,css 202509,skipped: no valid 034
987013617166805171,https://www.nli.org.il/he/authorities/987013617166805171,20260305-20260311,live,contains-space+decimal-degrees+incomplete-point (missing $e and/or $g),[] d= e=E 23.24 f=N70.42 g=,,Seiland (Norway),סילנד (נורווגיה),Q3245106,css 202508,skipped: no valid 034
987013526575305171,https://www.nli.org.il/he/authorities/987013526575305171,20260305-20260311,live,contains-space+decimal-degrees+incomplete-point (missing $e and/or $g),[] d=W 043.2 e= f= g=S019.9,,Iron Quadrangle (Brazil),מרובע הברזל (ברזיל),Q10355821,css 202507,skipped: no valid 034
987013553548905171,https://www.nli.org.il/he/authorities/987013553548905171,20260305-20260311,live,contains-space+decimal-degrees+incomplete-point (missing $e and/or $g),[] d=W 0.523 e= f=N50.949 g=,,Hardham (England),הרדהם (אנגליה),Q5655956,css 202507,skipped: no valid 034
987013553563805171,https://www.nli.org.il/he/authorities/987013553563805171,20260305-20260311,live,contains-space+decimal-degrees+incomplete-point (missing $e and/or $g),[] d= e=E 83.6096 f=N24.69743 g=,,Adhaura (India),אדהאורה (הודו),Q105082166,css 202507,skipped: no valid 034
987013553575005171,https://www.nli.org.il/he/authorities/987013553575005171,20260305-20260311,live,contains-space+decimal-degrees+incomplete-point (missing $e and/or $g),[] d= e=E 021.78 f=N049.25 g=,,Chotča (Slovakia),חוטצה (סלובקיה),Q1037225,css 202507,skipped: no valid 034
987013602036005171,https://www.nli.org.il/he/authorities/987013602036005171,20260305-20260311,live,contains-space+decimal-degrees+incomplete-point (missing $e and/or $g),[] d=W 2.8110 e= f=N51.0600 g=,,Low Ham (England),לו האם (אנגליה),Q6692879,css 202508,skipped: no valid 034
987013602036405171,https://www.nli.org.il/he/authorities/987013602036405171,20260305-20260311,live,contains-space+decimal-degrees+incomplete-point (missing $e and/or $g),[] d= e=E 0.13 f=N050.90 g=,,Laughton (England),לופטון (אנגליה),Q1961167,css 202508,skipped: no valid 034
987013552076805171,https://www.nli.org.il/he/authorities/987013552076805171,20260305-20260311,live,contains-space+decimal-degrees+incomplete-point (missing $e and/or $g),[] d= e=E 2.911 f=N42.162 g=,,Bàscara (Spain),בסקרה (ספרד),Q11232,css 202507,skipped: no valid 034
987013553560005171,https://www.nli.org.il/he/authorities/987013553560005171,20260305-20260311,live,contains-space+decimal-degrees+incomplete-point (missing $e and/or $g),[] d= e=E 37.2556 f=N12.3500 g=,,Dembiya (Ethiopia),דמביה (אתיופיה),Q2895561,css 202507,skipped: no valid 034
987013553563605171,https://www.nli.org.il/he/authorities/987013553563605171,20260305-20260311,live,contains-space+decimal-degrees+incomplete-point (missing $e and/or $g),[] d= e=E15.66792 f=N 44.00995 g=,,Asseria (Croatia),אסריה (קרואטיה),Q741219,css 202507,skipped: no valid 034
987012799072805171,https://www.nli.org.il/he/authorities/987012799072805171,20250115-20250121,live,contains-space+dms-missing-leading-zero,[geonames] d=E 00846 e=E 00846 f=N04824 g=N04824,,"Bad Imnau (Haigerloch, Germany)","באד אימנאו (הייגרלוך, גרמניה)",Q2657759,css 202405,skipped: no valid 034
987013387633905171,https://www.nli.org.il/he/authorities/987013387633905171,20260212-20260218,live,contains-space+dms-missing-leading-zero,[geonames] d=E253456 e=d E253456 f=N482028 g=N482028,,Kalnivtsi (Ukraine),קלניבצי (אוקראינה),Q4210557,BMC 202504,skipped: no valid 034
987013609579605171,https://www.nli.org.il/he/authorities/987013609579605171,20250826-20250901,live,contains-space+dms-missing-leading-zero+incomplete-point (missing $e and/or $g),[] d= e=E 0102 f=N04851 g=,,Pflaumloch (Germany),פפלאומלוך (גרמניה),,css 202508,skipped: no valid 034
987013617160605171,https://www.nli.org.il/he/authorities/987013617160605171,20250930-20251006,live,contains-space+dms-missing-leading-zero+incomplete-point (missing $e and/or $g),[] d= e=E 00820 f=N05047 g=,,Wissenbach (Germany),ויסנבך (גרמניה),Q2586171,css 202509,skipped: no valid 034
987013617163405171,https://www.nli.org.il/he/authorities/987013617163405171,20251125-20251201,live,contains-space+dms-missing-leading-zero+incomplete-point (missing $e and/or $g),[] d= e=E 00054 f=N00611 g=,,Tadzewu (Ghana),טדזוו (גאנה),Q7674698,css 202509,skipped: no valid 034
987013617164005171,https://www.nli.org.il/he/authorities/987013617164005171,20251125-20251201,live,contains-space+dms-missing-leading-zero+incomplete-point (missing $e and/or $g),[] d= e=E01539 f=N 04811 g=,,Stattersdorf (Austria),סטטרסדורף (אוסטריה),Q485971,css 202509,skipped: no valid 034
987012876369505171,https://www.nli.org.il/he/authorities/987012876369505171,20260212-20260218,live,contains-space+dms-missing-leading-zero+incomplete-point (missing $e and/or $g),[] d= e=E00949 f=N04658 9°49′E g=,,St. Antönien (Switzerland),סנט אנטונין (שווייץ),Q65057,css 202408,skipped: no valid 034
987013609580105171,https://www.nli.org.il/he/authorities/987013609580105171,20260305-20260311,live,contains-space+dms-missing-leading-zero+incomplete-point (missing $e and/or $g),[] d=W 0085 e= f=N03111 g=,,Ouirgane (Morocco),וירכאן (מרוקו),Q3358143,css 202508,skipped: no valid 034
987013552077005171,https://www.nli.org.il/he/authorities/987013552077005171,20260305-20260311,live,contains-space+dms-missing-leading-zero+incomplete-point (missing $e and/or $g),[] d=W 00130 e= f=N04131 g=,,Arándiga (Spain),ארנדיגה (ספרד),Q1650685,css 202507,skipped: no valid 034
987013526576305171,https://www.nli.org.il/he/authorities/987013526576305171,20260305-20260311,live,contains-space+dms-missing-leading-zero+incomplete-point (missing $e and/or $g),[] d= e=E 01010 f=N0489 g=,,Osterberg (Germany),אוסטרברג (גרמניה),Q31663,css 202507,skipped: no valid 034
987013602036305171,https://www.nli.org.il/he/authorities/987013602036305171,20260305-20260311,live,contains-space+dms-missing-leading-zero+incomplete-point (missing $e and/or $g),[] d= e=E 0429 f=N05107 g=,,Lint (Belgium),לינט (בלגיה),Q725268,css 202508,skipped: no valid 034
987013553574805171,https://www.nli.org.il/he/authorities/987013553574805171,20260305-20260311,live,contains-space+dms-missing-leading-zero+incomplete-point (missing $e and/or $g),[] d= e=E 0033025 f=N040341 g=,,Cobeña (Spain),קובן (ספרד),Q659582,css 202507,skipped: no valid 034
987013617174705171,https://www.nli.org.il/he/authorities/987013617174705171,20260305-20260311,live,contains-space+dms-missing-leading-zero+incomplete-point (missing $e and/or $g),[] d= e=E 00937 f=N05138 g=,,Vernawahlshausen (Germany),פרנאוואלסהאוזן (גרמניה),Q2517253,css 202508,skipped: no valid 034
987013617175705171,https://www.nli.org.il/he/authorities/987013617175705171,20260305-20260311,live,contains-space+dms-missing-leading-zero+incomplete-point (missing $e and/or $g),[] d=W 00501 e= f=N04139 g=,,Torrelobatón (Spain),טורלובטון (ספרד),Q1651719,css 202508,skipped: no valid 034
987013553559505171,https://www.nli.org.il/he/authorities/987013553559505171,20260305-20260311,live,contains-space+dms-missing-leading-zero+incomplete-point (missing $e and/or $g),[] d=W 05740 e= f=N03619 g=,,Exaltación de la Cruz Partido (Argentina),אקסלטסיון דה לה קרוז פרטידו (ארגנטינה),Q253247,css 202507,skipped: no valid 034
987013553562705171,https://www.nli.org.il/he/authorities/987013553562705171,20260305-20260311,live,contains-space+dms-missing-leading-zero+incomplete-point (missing $e and/or $g),[] d=W 770648 e= f=N390623 g=,,Lake Bernard Frank (Md.),אגם ברנרד פרנק (מרילנד),Q6474971,css 202507,skipped: no valid 034
987013588386205171,https://www.nli.org.il/he/authorities/987013588386205171,20260305-20260311,live,contains-space+dms-missing-leading-zero+incomplete-point (missing $e and/or $g),[] d= e=E 01604 f=N03939 g=,,Mottafollone (Italy),מוטאפולונה (איטליה),Q53921,css 202508,skipped: no valid 034
987013508131905171,https://www.nli.org.il/he/authorities/987013508131905171,20260305-20260311,live,contains-space+dms-missing-leading-zero+incomplete-point (missing $e and/or $g),[] d=W 05822 e= f= g=S03449,,Burzaco (Argentina),בורזקו (ארגנטינה),Q1017208,css 202506,skipped: no valid 034
987013526575905171,https://www.nli.org.il/he/authorities/987013526575905171,20260305-20260311,live,contains-space+dms-missing-leading-zero+incomplete-point (missing $e and/or $g),[] d= e=E 0165518 f=N048755 g=,,Pfaffenberg (Austria),פפנברג (אוסטריה),Q75838297,css 202507,skipped: no valid 034
987013553571505171,https://www.nli.org.il/he/authorities/987013553571505171,20260305-20260311,live,contains-space+dms-missing-leading-zero+incomplete-point (missing $e and/or $g),[] d= e=E 01524 f=N05229 g=,,Goruńsko (Poland),גורונסקו (פולין),Q5420857,css 202507,skipped: no valid 034
987013588386405171,https://www.nli.org.il/he/authorities/987013588386405171,20260305-20260311,live,contains-space+dms-missing-leading-zero+incomplete-point (missing $e and/or $g),[] d= e=E 01338 f=N04319 g=,,Montecosaro (Italy),מונטסקרו (איטליה),Q83104,css 202508,skipped: no valid 034
987013553546705171,https://www.nli.org.il/he/authorities/987013553546705171,20260305-20260311,live,contains-space+dms-missing-leading-zero+incomplete-point (missing $e and/or $g),[] d= e=E 01216 f=N05339 g=,,Krakow am See (Germany),קרקוב אם סה (גרמניה),Q536858,css 202507,skipped: no valid 034
987013617161205171,https://www.nli.org.il/he/authorities/987013617161205171,20260305-20260311,live,contains-space+dms-missing-leading-zero+incomplete-point (missing $e and/or $g),[] d= e=E 010490 f=N046520 g=,,Vernagtferner (Austria),ורנגטפרנר (אוסטריה),Q2517250,css 202509,skipped: no valid 034
987013617167405171,https://www.nli.org.il/he/authorities/987013617167405171,20260305-20260311,live,contains-space+dms-missing-leading-zero+incomplete-point (missing $e and/or $g),[] d= e=E 00716 f=N04629 g=,,Saanen (Switzerland),זאנן (שווייץ),Q66629,css 202508,skipped: no valid 034
987013617167905171,https://www.nli.org.il/he/authorities/987013617167905171,20260305-20260311,live,contains-space+dms-missing-leading-zero+incomplete-point (missing $e and/or $g),[] d= e=E 115103 f= g=S154702,,Porto Alexandre (Angola),פורטו אלכסנדרה (אנגולה),Q21411302,css 202508,skipped: no valid 034
987013609580205171,https://www.nli.org.il/he/authorities/987013609580205171,20260305-20260311,live,contains-space+dms-missing-leading-zero+incomplete-point (missing $e and/or $g),[] d= e=E 00827 f=N04922 g=,,Otterstadt (Germany),אוטרשטדט (גרמניה),Q23035,css 202508,skipped: no valid 034
987013612473005171,https://www.nli.org.il/he/authorities/987013612473005171,20260305-20260311,live,contains-space+dms-missing-leading-zero+incomplete-point (missing $e and/or $g),[] d= e=E 00648 f=N05313 g=,,Slochteren (Netherlands),סלוחטרן (הולנד),Q850211,css 202508,skipped: no valid 034
987013553546805171,https://www.nli.org.il/he/authorities/987013553546805171,20260305-20260311,live,contains-space+dms-missing-leading-zero+incomplete-point (missing $e and/or $g),[] d= e=E01715 f=N 05045 g=,,Krajno (Poland),קראינה (פולין),Q6435901,css 202507,skipped: no valid 034
987013553557605171,https://www.nli.org.il/he/authorities/987013553557605171,20260305-20260311,live,contains-space+dms-missing-leading-zero+incomplete-point (missing $e and/or $g),[] d= e=E 00843 f=N05040 g=,,Staufenberg (Germany),שטאופנברג (גרמניה),Q635910,css 202507,skipped: no valid 034
987013588386505171,https://www.nli.org.il/he/authorities/987013588386505171,20260305-20260311,live,contains-space+dms-missing-leading-zero+incomplete-point (missing $e and/or $g),[] d= e=E01108 f=N 004945 g=,,Mittlerweilersbach (Germany),מיטלרוויילרסבך (גרמניה),Q67909853,css 202508,skipped: no valid 034
987013602034005171,https://www.nli.org.il/he/authorities/987013602034005171,20260305-20260311,live,contains-space+dms-missing-leading-zero+incomplete-point (missing $e and/or $g),[] d= e=E2146 f=N 04808 g=,,Nagyhalász (Hungary),נוג'הולאס (הונגריה),Q933442,css 202508,skipped: no valid 034
987013612473305171,https://www.nli.org.il/he/authorities/987013612473305171,20260305-20260311,live,contains-space+dms-missing-leading-zero+incomplete-point (missing $e and/or $g),[] d=W 00220 e= f=N03712 g=,,Senés (Spain),סנס (ספרד),Q1628441,css 202508,skipped: no valid 034
987013609579405171,https://www.nli.org.il/he/authorities/987013609579405171,20260305-20260311,live,contains-space+dms-missing-leading-zero+incomplete-point (missing $e and/or $g),[] d= e=E 03119 f=N04817 g=,,Pischtschanyj Brid (Ukraine),פישטשניי בריד (אוקראינה),Q4360113,css 202508,skipped: no valid 034
987013612472705171,https://www.nli.org.il/he/authorities/987013612472705171,20260305-20260311,live,contains-space+dms-missing-leading-zero+incomplete-point (missing $e and/or $g),[] d= e=E  02412 f=N04858 g=,,Svarychiv (Ukraine),סוואריצ'יב (אוקראינה),Q4409985,css 202508,skipped: no valid 034
987013609578505171,https://www.nli.org.il/he/authorities/987013609578505171,20260305-20260311,live,contains-space+dms-missing-leading-zero+incomplete-point (missing $e and/or $g),[] d= e=E 0063 f=N0521 g=,,Rheden (Netherlands),רדן (הולנד),Q843899,css 202508,skipped: no valid 034
987013609578905171,https://www.nli.org.il/he/authorities/987013609578905171,20260305-20260311,live,contains-space+dms-missing-leading-zero+incomplete-point (missing $e and/or $g),[] d= e=E 02135 f=N04446 g=,,Pojejena (Romania),פוג'ג'נה (רומניה),Q12725050,css 202508,skipped: no valid 034
987013617167605171,https://www.nli.org.il/he/authorities/987013617167605171,20260305-20260311,live,contains-space+dms-missing-leading-zero+incomplete-point (missing $e and/or $g),[] d= e=E 02353 f=N04603 g=,,Roșia de Secaș (Romania),רוזיה דה סקאס (רומניה),Q12148995,css 202508,skipped: no valid 034
987013617162805171,https://www.nli.org.il/he/authorities/987013617162805171,20260305-20260311,live,contains-space+dms-missing-leading-zero+incomplete-point (missing $e and/or $g),[] d= e=E 002450 f=N036160 g=,,Titteri (Algeria),טיטרי (אלג'יריה),Q12185205,css 202509,skipped: no valid 034
987013617166605171,https://www.nli.org.il/he/authorities/987013617166605171,20260305-20260311,live,contains-space+dms-missing-leading-zero+incomplete-point (missing $e and/or $g),[] d= e=E 056154 f=N025495 g=,,Shimal (United Arab Emirates),שימל (איחוד האמירויות הערביות),Q7496816,css 202508,skipped: no valid 034
987013617167305171,https://www.nli.org.il/he/authorities/987013617167305171,20260305-20260311,live,contains-space+dms-missing-leading-zero+incomplete-point (missing $e and/or $g),[] d=W 09117 e= f=N01442 g=,,San Juan La Laguna (Guatemala),סן חואן לה לגונה (גואטמלה),Q2403501,css 202508,skipped: no valid 034
987013617169905171,https://www.nli.org.il/he/authorities/987013617169905171,20260305-20260311,live,contains-space+dms-missing-leading-zero+incomplete-point (missing $e and/or $g),[] d= e=E 00652 f=N05305 g=,,Wildervank (Netherlands),וילדרואנק (הולנד),Q956545,css 202508,skipped: no valid 034
987013553862105171,https://www.nli.org.il/he/authorities/987013553862105171,20250805-20250811,live,contains-space+dms-missing-leading-zero+no-hemisphere,[] d=E25803 e=E25803 f=N 481655 g=481655,,Voulx (France),וול (צרפת),1788159474075427661052 | Q1456260,beb 202507,skipped: no valid 034
987013617166005171,https://www.nli.org.il/he/authorities/987013617166005171,20251125-20251201,live,contains-space+dms-with-decimal-seconds-unpadded+incomplete-point (missing $e and/or $g),[] d= e=E 3520.01 f=N048490.01 g=,,Marais de Saint-Gond (France),מרה דה סן גאון (צרפת),,css 202509,skipped: no valid 034
987013508131805171,https://www.nli.org.il/he/authorities/987013508131805171,20260305-20260311,live,contains-space+hemisphere-letter-only,[] d=W 0060940 e=E f=N0363738 g=S,,Doña Blanca Site (Argentina),אתר דונה בלאנקה (ארגנטינה),Q6169531,css 202506,skipped: no valid 034
987013609579505171,https://www.nli.org.il/he/authorities/987013609579505171,20250826-20250901,live,contains-space+incomplete-point (missing $e and/or $g),[] d= e=E 018859 f=N0485859 g=,,Piechov (Slovakia),פיאחוב (סלובקיה),,css 202508,skipped: no valid 034
987013617169605171,https://www.nli.org.il/he/authorities/987013617169605171,20251125-20251201,live,contains-space+incomplete-point (missing $e and/or $g),[] d= e=E 0283321 f=N0505834 g=,,Zhabche (Ukraine),ז'אבצ'ה (אוקראינה),,css 202508,skipped: no valid 034
987013617160805171,https://www.nli.org.il/he/authorities/987013617160805171,20251125-20251201,live,contains-space+incomplete-point (missing $e and/or $g),[] d= e=E 0094633 f=N0572018 g=,,Vrensted (Denmark),ורנסטד (דנמרק),Q1993008,css 202509,skipped: no valid 034
987013617165605171,https://www.nli.org.il/he/authorities/987013617165605171,20251125-20251201,live,contains-space+incomplete-point (missing $e and/or $g),[] d= e=E 0061800 f=N0503625 g=,,Simmerath (Germany),סימרת (גרמניה),Q200836,css 202509,skipped: no valid 034
987013552079505171,https://www.nli.org.il/he/authorities/987013552079505171,20251216-20251222,live,contains-space+incomplete-point (missing $e and/or $g),[] d= e=E 024950 f=N0 52463 g=,,Orlovo (Belarus),אורלובה (בלארוס),,css 202507,skipped: no valid 034
987013927741105171,https://www.nli.org.il/he/authorities/987013927741105171,20251216-20251222,live,contains-space+incomplete-point (missing $e and/or $g),[] d= e=E0355300 f=N03238 00 g=,,Harima Region (Jordan),אזור חרימא (ירדן),,css 202512,skipped: no valid 034
987013912440505171,https://www.nli.org.il/he/authorities/987013912440505171,20251216-20251222,live,contains-space+incomplete-point (missing $e and/or $g),[] d= e=E0355300 f=N03238 00 g=,,Harima (Jordan),חרימא (ירדן),,css 202512,skipped: no valid 034
987013588386105171,https://www.nli.org.il/he/authorities/987013588386105171,20260212-20260218,live,contains-space+incomplete-point (missing $e and/or $g),[] d= e=E 0075240 f=N0494408 g=,,Münsterappel (Germany),מונסטראפל (גרמניה),Q631796,css 202508,skipped: no valid 034
987013526574705171,https://www.nli.org.il/he/authorities/987013526574705171,20260305-20260311,live,contains-space+incomplete-point (missing $e and/or $g),[] d=W 0675325 e= f= g=S0233525,,Socaire (Chile),סוקייר (צ'ילה),Q7550265,css 202507,skipped: no valid 034
987013526576005171,https://www.nli.org.il/he/authorities/987013526576005171,20260305-20260311,live,contains-space+incomplete-point (missing $e and/or $g),[] d= e=E 0264338 f=N0471458 g=,,Pașcani (Romania),פשקאן (רומניה),Q736305,css 202507,skipped: no valid 034
987013526576505171,https://www.nli.org.il/he/authorities/987013526576505171,20260305-20260311,live,contains-space+incomplete-point (missing $e and/or $g),[] d= e=E 0222321 f=N 0510653 g=,,Niedrzwica Duża (Poland),נדויצה דוז'ה (פולין),Q3990648,css 202507,skipped: no valid 034
987013553547905171,https://www.nli.org.il/he/authorities/987013553547905171,20260305-20260311,live,contains-space+incomplete-point (missing $e and/or $g),[] d= e=E  02213 f=N 4755 g=,,Hodász (Hungary),האדאס (הונגריה),Q1037269,css 202507,skipped: no valid 034
987013553548105171,https://www.nli.org.il/he/authorities/987013553548105171,20260305-20260311,live,contains-space+incomplete-point (missing $e and/or $g),[] d= e=E 0042920 f=N0515705 g=,,"Hillegersberg (Rotterdam, Netherlands)","הילגרסברג (רוטרדם, הולנד)",Q2400537,css 202507,skipped: no valid 034
987013553571905171,https://www.nli.org.il/he/authorities/987013553571905171,20260305-20260311,live,contains-space+incomplete-point (missing $e and/or $g),[] d= e=E 00752 f=N 04942 g=,,Gaugrehweiler (Germany),גאוגרוויילר (גרמניה),Q642168,css 202507,skipped: no valid 034
987013553572005171,https://www.nli.org.il/he/authorities/987013553572005171,20260305-20260311,live,contains-space+incomplete-point (missing $e and/or $g),[] d=W 0052935 e= f=N 0411353 g=,,Fuentesaúco (Spain),פואנטסאוקו (ספרד),Q1765240,css 202507,skipped: no valid 034
987013588387305171,https://www.nli.org.il/he/authorities/987013588387305171,20260305-20260311,live,contains-space+incomplete-point (missing $e and/or $g),[] d= e=E 0215434 f=N0494812 g=,,Lutcza (Poland),ליוטשה (פולין),Q6705393,css 202508,skipped: no valid 034
987013602035905171,https://www.nli.org.il/he/authorities/987013602035905171,20260305-20260311,live,contains-space+incomplete-point (missing $e and/or $g),[] d=W 0020314 e= f=N0465528 g=,,Marais breton (France),מארה ברטון (צרפת),Q3287374,css 202508,skipped: no valid 034
987013508132005171,https://www.nli.org.il/he/authorities/987013508132005171,20260305-20260311,live,contains-space+incomplete-point (missing $e and/or $g),[] d= e=E 32.92124 f= g=S 2.714431,,Bukumbi (Tanzania),בוקומבי (טנזניה),Q55577052,css 202506,skipped: no valid 034
987013553572205171,https://www.nli.org.il/he/authorities/987013553572205171,20260305-20260311,live,contains-space+incomplete-point (missing $e and/or $g),[] d= e=E 0063201 f=N 0493236 g=,,Freudenburg (Germany),פרוידנבורג (גרמניה),Q569706,css 202507,skipped: no valid 034
987013612473705171,https://www.nli.org.il/he/authorities/987013612473705171,20260305-20260311,live,contains-space+incomplete-point (missing $e and/or $g),[] d= e= f=N04549 W 07354 g=,,Sainte-Sophie (Québec),סנט סופי (קוויבק),Q684201,css 202508,skipped: no valid 034
987013553571105171,https://www.nli.org.il/he/authorities/987013553571105171,20260305-20260311,live,contains-space+incomplete-point (missing $e and/or $g),[] d= e=E 0194722 f=N 0474850 g=,,Gyöngyöspata (Hungary),ג'נג'ש-פאטא (הונגריה),Q1030385,css 202507,skipped: no valid 034
987013508129405171,https://www.nli.org.il/he/authorities/987013508129405171,20260305-20260311,live,contains-space+incomplete-point (missing $e and/or $g),[] d= e=E  0004915 f=N0440638 g=,,"Donzac (Tarn-et-Garonne, France)","דונזאק (טארן וגארון, צרפת)",Q1432317,css 202506,skipped: no valid 034
987013526576705171,https://www.nli.org.il/he/authorities/987013526576705171,20260305-20260311,live,contains-space+incomplete-point (missing $e and/or $g),[] d= e=E 0254454 f=N0484625 g=,,Hynkivtsi (Ukraine),הינקיבצי (אוקראינה),Q4138685,css 202507,skipped: no valid 034
987013553546905171,https://www.nli.org.il/he/authorities/987013553546905171,20260305-20260311,live,contains-space+incomplete-point (missing $e and/or $g),[] d= e=E 0191534 f=N 0533625 g=,,Kisielice (Poland),קיז'ליצה (פולין),Q989801,css 202507,skipped: no valid 034
987013553548005171,https://www.nli.org.il/he/authorities/987013553548005171,20260305-20260311,live,contains-space+incomplete-point (missing $e and/or $g),[] d= e=E 00429 f=N05158 4°29 g=,,"Schiebroek (Rotterdam, Netherlands)","שיברוק (רוטרדם, הולנד)",Q2434010,css 202507,skipped: no valid 034
987013553559805171,https://www.nli.org.il/he/authorities/987013553559805171,20260305-20260311,live,contains-space+incomplete-point (missing $e and/or $g),[] d= e=E 0115710 f=N0512557 g=,,White Elster River (Germany),נהר אלסטר הלבן (גרמניה),Q44729,css 202507,skipped: no valid 034
987013553563205171,https://www.nli.org.il/he/authorities/987013553563205171,20260305-20260311,live,contains-space+incomplete-point (missing $e and/or $g),[] d=W 9.1757° e= f=N 53.7459 g=,,Ballyglass (Ireland),באליגלאס (אירלנד),Q59723993,css 202507,skipped: no valid 034
987013553574105171,https://www.nli.org.il/he/authorities/987013553574105171,20260305-20260311,live,contains-space+incomplete-point (missing $e and/or $g),[] d= e=E 0070233 f=N0503203 g=,,Dernau (Germany),דרנאו (גרמניה),Q566415,css 202507,skipped: no valid 034
987013553574705171,https://www.nli.org.il/he/authorities/987013553574705171,20260305-20260311,live,contains-space+incomplete-point (missing $e and/or $g),[] d= e=E0035053 f=N 0513555 g=,,Colijnsplaat (Netherlands),קולינספלאט (הולנד),Q538319,css 202507,skipped: no valid 034
987013602036105171,https://www.nli.org.il/he/authorities/987013602036105171,20260305-20260311,live,contains-space+incomplete-point (missing $e and/or $g),[] d=W 785447 e= f=N0385347 g=,,Lost River State Park (W. Va.),פארק מדינה לוסט ריבר (וירג'יניה המערבית),Q6684222,css 202508,skipped: no valid 034
987013609579805171,https://www.nli.org.il/he/authorities/987013609579805171,20260305-20260311,live,contains-space+incomplete-point (missing $e and/or $g),[] d= e=E 0060102 f=N0443104 g=,,Pelleautier (France),פלוטייר (צרפת),Q1087604,css 202508,skipped: no valid 034
987013553560305171,https://www.nli.org.il/he/authorities/987013553560305171,20260305-20260311,live,contains-space+incomplete-point (missing $e and/or $g),[] d= e=E 02716 f=N 04224 g=,,Debelt (Bulgaria),דבלט (בולגריה),Q1181468,css 202507,skipped: no valid 034
987013617175605171,https://www.nli.org.il/he/authorities/987013617175605171,20260305-20260311,live,contains-space+incomplete-point (missing $e and/or $g),[] d= e=E 0072759 f=N0483546 g=,,Traenheim (France),טריינהיים (צרפת),Q21377,css 202508,skipped: no valid 034
987013553547505171,https://www.nli.org.il/he/authorities/987013553547505171,20260305-20260311,live,contains-space+incomplete-point (missing $e and/or $g),[] d= e=E 0104413 f=N 051222 g=,,"Immenrode (Sondershausen, Germany)","אימנרודה (סונדרסהאוזן, גרמניה)",Q1659994,css 202507,skipped: no valid 034
987013553562605171,https://www.nli.org.il/he/authorities/987013553562605171,20260305-20260311,live,contains-space+incomplete-point (missing $e and/or $g),[] d= e=E 0092220 f=N0561050 g=,,Bølling Lake (Denmark),אגם בולינג (דנמרק),Q1020215,css 202507,skipped: no valid 034
987013553573305171,https://www.nli.org.il/he/authorities/987013553573305171,20260305-20260311,live,contains-space+incomplete-point (missing $e and/or $g),[] d= e=E0093356 f=N0471425 9°33′56″E g=,,Eschnerberg (Liechtenstein),אשנרברג (ליכטנשטיין),Q1367118,css 202507,skipped: no valid 034
987013553561205171,https://www.nli.org.il/he/authorities/987013553561205171,20260305-20260311,live,contains-space+incomplete-point (missing $e and/or $g),[] d=W 0040740 e= f=N0502144 g=,,Cattewater (England),קטווטר (אנגליה),Q5054084,css 202507,skipped: no valid 034
987013617167805171,https://www.nli.org.il/he/authorities/987013617167805171,20260305-20260311,live,contains-space+incomplete-point (missing $e and/or $g),[] d= e=E 0054713 f=N0500501 g=,,Rachamps (Belgium),רשאן (בלגיה),Q1946278,css 202508,skipped: no valid 034
987013617168005171,https://www.nli.org.il/he/authorities/987013617168005171,20260305-20260311,live,contains-space+incomplete-point (missing $e and/or $g),[] d= e= f=N53.2498 W 1.9259 g=,,Poole's Cavern (England),מערת פול (אנגליה),Q15267449,css 202508,skipped: no valid 034
987013617162705171,https://www.nli.org.il/he/authorities/987013617162705171,20260305-20260311,live,contains-space+incomplete-point (missing $e and/or $g),[] d= e=E 0725500 f=N 0392000 g=,,Trans-Alay Range,הרי טרנס-אלאי,Q1206886,css 202509,skipped: no valid 034
987013617169705171,https://www.nli.org.il/he/authorities/987013617169705171,20260305-20260311,live,contains-space+incomplete-point (missing $e and/or $g),[] d= e=E 0521711 f=N0325411 g=,,Zefreh (Iran),זפרה (איראן),Q5955073,css 202508,skipped: no valid 034
987013617169805171,https://www.nli.org.il/he/authorities/987013617169805171,20260305-20260311,live,contains-space+incomplete-point (missing $e and/or $g),[] d=W 0033725 e= f=N 0395410 g=,,Yepes (Spain),יפס (ספרד),Q1442903,css 202508,skipped: no valid 034
987013553561705171,https://www.nli.org.il/he/authorities/987013553561705171,20260305-20260311,live,contains-space+incomplete-point (missing $e and/or $g),[] d=W 53371.2 e= f=N 491658.8 g=,,Lumsden (Newfoundland and Labrador),לומסדן (ניופאונדלנד ולברדור),Q6703440,css 202507,skipped: no valid 034
987013588386805171,https://www.nli.org.il/he/authorities/987013588386805171,20260305-20260311,live,contains-space+incomplete-point (missing $e and/or $g),[] d= e=E 0074954 f=N0501331 g=,,Miehlen (Germany),מיהלן (גרמניה),Q631119,css 202508,skipped: no valid 034
987013612473405171,https://www.nli.org.il/he/authorities/987013612473405171,20260305-20260311,live,contains-space+incomplete-point (missing $e and/or $g),[] d= e=E 0291448 f=N0530342 g=,,Syaliba (Belarus),סיאליבה (בלארוס),Q16696015,css 202508,skipped: no valid 034
987013553547105171,https://www.nli.org.il/he/authorities/987013553547105171,20260305-20260311,live,contains-space+incomplete-point (missing $e and/or $g),[] d= e=E 02652 f=N 05518 g=,,Kaziany (Belarus),קזיאני (בלארוס),Q2626927,css 202507,skipped: no valid 034
987013553558205171,https://www.nli.org.il/he/authorities/987013553558205171,20260305-20260311,live,contains-space+incomplete-point (missing $e and/or $g),[] d=W 0171948 e= f=N0642512 g=,,Grímsvötn (Iceland),גרימסווטן (איסלנד),Q182913,css 202507,skipped: no valid 034
987013588383605171,https://www.nli.org.il/he/authorities/987013588383605171,20260305-20260311,live,contains-space+incomplete-point (missing $e and/or $g),[] d= e=E 0445745 f=N0404641 g=,,Haghartsin (Armenia),האגהרצין (ארמניה),Q2536499,css 202508,skipped: no valid 034
987013552079805171,https://www.nli.org.il/he/authorities/987013552079805171,20260305-20260311,live,contains-space+incomplete-point (missing $e and/or $g),[] d= e=E 013500 f=N0574730 g=,,Viskan River (Sweden),נהר ויסקן (שוודיה),Q1537948,css 202507,skipped: no valid 034
987013553547605171,https://www.nli.org.il/he/authorities/987013553547605171,20260305-20260311,live,contains-space+incomplete-point (missing $e and/or $g),[] d= e=E 0073208 f=N 494130 g=,,Hoppstädten (Germany),הופשטטן (גרמניה),Q563769,css 202507,skipped: no valid 034
987013553549305171,https://www.nli.org.il/he/authorities/987013553549305171,20260305-20260311,live,contains-space+incomplete-point (missing $e and/or $g),[] d=W 0785146 e= f=N 0355429 g=,,Research Triangle Park (N.C.),פארק מחקר המשולש (קרולינה הצפונית),Q1187093,css 202507,skipped: no valid 034
987013553560105171,https://www.nli.org.il/he/authorities/987013553560105171,20260305-20260311,live,contains-space+incomplete-point (missing $e and/or $g),[] d= e=E 03810 f=N 01040 g=,,Debre Werq (Ethiopia),דברה ורק (אתיופיה),Q3020936,css 202507,skipped: no valid 034
987013553560605171,https://www.nli.org.il/he/authorities/987013553560605171,20260305-20260311,live,contains-space+incomplete-point (missing $e and/or $g),[] d=W 1113420 e= f=N0331013 g=,,San Tan Valley (Ariz.),סן טן ואלי (אריזונה),Q5241708,css 202507,skipped: no valid 034
987013553546605171,https://www.nli.org.il/he/authorities/987013553546605171,20260305-20260311,live,contains-space+incomplete-point (missing $e and/or $g),[] d= e=E 013010 f=N0502042 g=,,"Krásný Les (Karlovarský kraj, Czech Republic)","קרסני לס (מחוז קארלובץ, צ'כיה)",Q612974,css 202507,skipped: no valid 034
987013553558105171,https://www.nli.org.il/he/authorities/987013553558105171,20260305-20260311,live,contains-space+incomplete-point (missing $e and/or $g),[] d= e=E 0135655 f=N 009563 g=,,Guider (Cameroon),גידר (קמרון),Q2708439,css 202507,skipped: no valid 034
987013553561805171,https://www.nli.org.il/he/authorities/987013553561805171,20260305-20260311,live,contains-space+incomplete-point (missing $e and/or $g),[] d= e=E 0113802.69 f=N0433133.82 g=,,Castiglione Ubertini (Italy),קסטיליונה אוברטיני (איטליה),Q3663055,css 202507,skipped: no valid 034
987013553571805171,https://www.nli.org.il/he/authorities/987013553571805171,20260305-20260311,live,contains-space+incomplete-point (missing $e and/or $g),[] d= e=E 01003 f=N 05128 g=,,Gelliehausen (Germany),גליהאוזן (גרמניה),Q1499751,css 202507,skipped: no valid 034
987013553572705171,https://www.nli.org.il/he/authorities/987013553572705171,20260305-20260311,live,contains-space+incomplete-point (missing $e and/or $g),[] d= e=E 021°9 f=N 0467 g=,,Felnac (Romania),פלנק (רומניה),Q5056375,css 202507,skipped: no valid 034
987013553562305171,https://www.nli.org.il/he/authorities/987013553562305171,20260305-20260311,live,contains-space+incomplete-point (missing $e and/or $g),[] d= e=E0032429 f=N 051224 g=,,Cadzand (Netherlands),קדזנד (הולנד),Q1025352,css 202507,skipped: no valid 034
987013609578405171,https://www.nli.org.il/he/authorities/987013609578405171,20260305-20260311,live,contains-space+incomplete-point (missing $e and/or $g),[] d= e=E 0052815 f=N0442333 g=,,Rosans (France),רוזאנס (צרפת),Q1020764,css 202508,skipped: no valid 034
987013612472805171,https://www.nli.org.il/he/authorities/987013612472805171,20260305-20260311,live,contains-space+incomplete-point (missing $e and/or $g),[] d=W 0734653 e= f=N0422325 g=,,Stuyvesant (N.Y.),סטייווסנט (ניו יורק),Q3708883,css 202508,skipped: no valid 034
987013617161905171,https://www.nli.org.il/he/authorities/987013617161905171,20260305-20260311,live,contains-space+incomplete-point (missing $e and/or $g),[] d= e=E 02344 f=N 05040 g=,,"Turkowice (Lublin Voivodeship, Poland)","טורקוביצה (מחוז לובלין, פולין)",Q742619,css 202509,skipped: no valid 034
987013526575805171,https://www.nli.org.il/he/authorities/987013526575805171,20260305-20260311,live,contains-space+incomplete-point (missing $e and/or $g)+other,[] d=W 11354 e= f=N4100N g=,,Pilot Valley Playa (Nevada and Utah),פיילוט ואלי פלאיה (נבדה ויוטה),Q7194465,css 202507,skipped: no valid 034
987013526576605171,https://www.nli.org.il/he/authorities/987013526576605171,20260305-20260311,live,contains-space+incomplete-point (missing $e and/or $g)+other,[] d= e=E 024.646 f=N054.627. g=,,Nečiūnai (Lithuania),נצ'יונאי (ליטא),Q12666817,css 202507,skipped: no valid 034
987012882070405171,https://www.nli.org.il/he/authorities/987012882070405171,20250122-20250128,live,decimal-degrees+incomplete-point (missing $e and/or $g),[] d=W099.27298 e= f=N018.30089 g=,,Atopula (Mexico),אטופולה (מקסיקו),Q20252706,css 202408,skipped: no valid 034
987013617164605171,https://www.nli.org.il/he/authorities/987013617164605171,20251125-20251201,live,decimal-degrees+incomplete-point (missing $e and/or $g),[] d= e=E0.3207 f=N51.4160 g=,,Southfleet (England),סאותפליט (אנגליה),Q1888467,css 202509,skipped: no valid 034
987013617163005171,https://www.nli.org.il/he/authorities/987013617163005171,20251125-20251201,live,decimal-degrees+incomplete-point (missing $e and/or $g),[] d=W2.3885 e= f=N12.3317 g=,,Tiogo Mossi (Burkina Faso),טיוגו מוסי (בורקינה פאסו),Q7808716,css 202509,skipped: no valid 034
987013435606105171,https://www.nli.org.il/he/authorities/987013435606105171,20260115-20260121,live,decimal-degrees+incomplete-point (missing $e and/or $g),[] d= e=E39.915176 f=N40.206345 g=,,Büyüktepe Höyük (Turkey),בויוקטפה הויוק (טורקיה),,css 202505,skipped: no valid 034
987013588383205171,https://www.nli.org.il/he/authorities/987013588383205171,20260305-20260311,live,decimal-degrees+incomplete-point (missing $e and/or $g),[] d=W2.3059 e= f=N50.9444 g=,,Hinton St. Mary (England),הינטון סנט מרי (אנגליה),Q1770969,css 202508,skipped: no valid 034
987013432793305171,https://www.nli.org.il/he/authorities/987013432793305171,20260305-20260311,live,decimal-degrees+incomplete-point (missing $e and/or $g),[] d=W117.8584 e= f=N057.7882 g=,,Keg River (Alta.),קג ריבר (אלברטה),Q14874830,css 202505,skipped: no valid 034
987013553558305171,https://www.nli.org.il/he/authorities/987013553558305171,20260305-20260311,live,decimal-degrees+incomplete-point (missing $e and/or $g),[] d=W2.2057 e= f=N52.4971 g=,,Greensforge (England),גרינספורג' (אנגליה),Q5604506,css 202507,skipped: no valid 034
987013588383505171,https://www.nli.org.il/he/authorities/987013588383505171,20260305-20260311,live,decimal-degrees+incomplete-point (missing $e and/or $g),[] d=W1.924748 e= f=N52.53057 g=,,Hamstead (England),המסטד (אנגליה),Q5646419,css 202508,skipped: no valid 034
987013612473505171,https://www.nli.org.il/he/authorities/987013612473505171,20260305-20260311,live,decimal-degrees+incomplete-point (missing $e and/or $g),[] d= e=E001.249 f=N041.445 g=,,Sarral (Spain),סראל (ספרד),Q1995219,css 202508,skipped: no valid 034
987013508125405171,https://www.nli.org.il/he/authorities/987013508125405171,20260305-20260311,live,decimal-degrees+incomplete-point (missing $e and/or $g),[] d= e=E23.159 f=N37.380 g=,,Kranidi (Greece),קרנידי (יוון),Q743420,css 202506,skipped: no valid 034
987013617169105171,https://www.nli.org.il/he/authorities/987013617169105171,20260305-20260311,live,decimal-degrees+incomplete-point (missing $e and/or $g),[] d= e=E12.5173 f=N41.8575 g=,,Vigna Randanini (Italy),ויניה רנדניני (איטליה),Q3663214,css 202508,skipped: no valid 034
987013432790705171,https://www.nli.org.il/he/authorities/987013432790705171,20260305-20260311,live,decimal-degrees+incomplete-point (missing $e and/or $g),[] d=W145.7905556 e= f=N63.7830556 g=,,Donnelly Dome (Alaska),כיפת דונלי (אלסקה),Q49025459,css 202505,skipped: no valid 034
987013508129605171,https://www.nli.org.il/he/authorities/987013508129605171,20260305-20260311,live,decimal-degrees+incomplete-point (missing $e and/or $g),[] d= e=E10.3347 f=N46.0278 g=,,Cemmo (Italy),צ'מו (איטליה),Q576418,css 202506,skipped: no valid 034
987013432790405171,https://www.nli.org.il/he/authorities/987013432790405171,20260305-20260311,live,decimal-degrees+incomplete-point (missing $e and/or $g),[] d= e=E007.631 f=N051.038 g=,,Genkel River (Germany),נהר גנקל (גרמניה),Q879955,css 202505,skipped: no valid 034
987013432791605171,https://www.nli.org.il/he/authorities/987013432791605171,20260305-20260311,live,decimal-degrees+incomplete-point (missing $e and/or $g),[] d= e=E135.5095 f= g=S019.80367,,Barkly Region (N.T.),אזור ברקלי (טריטוריה צפונית),Q1529979,css 202505,skipped: no valid 034
987013617166705171,https://www.nli.org.il/he/authorities/987013617166705171,20260305-20260311,live,decimal-degrees+incomplete-point (missing $e and/or $g),[] d= e=E44.476862 f=N40.156965 g=,,Shengavit (Armenia),שנגוויט (ארמניה),Q7494260,css 202508,skipped: no valid 034
987013553563405171,https://www.nli.org.il/he/authorities/987013553563405171,20260305-20260311,live,decimal-degrees+incomplete-point (missing $e and/or $g)+other,[] d=W1.49° e= f=N52.370 g=,,Baginton (England),בגינטוןן (אנגליה),Q2021921,css 202507,skipped: no valid 034
987012398869205171,https://www.nli.org.il/he/authorities/987012398869205171,20241111-20241117,live,dms-missing-leading-zero,[geonames] d=E00149 e=E00149 f=N03536 g=N03536,d=E0000149 e=E0000149 f=N0003536 g=N0003536,Tissemsilt (Algeria : Province),טיסמסילט (אלג'יריה : פרובינציה),Q235805,css 202306,skipped: no valid 034
987012799072205171,https://www.nli.org.il/he/authorities/987012799072205171,20241118-20241124,live,dms-missing-leading-zero,[geonames] d=E03147 e=E03147 f=N02619 g=N02619,d=E0003147 e=E0003147 f=N0002619 g=N0002619,Bet Khallaf (Egypt),בית חלף (מצרים),Q803982,css 202405,skipped: no valid 034
987007933490305171,https://www.nli.org.il/he/authorities/987007933490305171,20250115-20250121,live,dms-missing-leading-zero,[geonames] d=N00944 e=N00944 f=N04922 g=N04922,d=N0000944 e=N0000944 f=N0004922 g=N0004922,Hohebach (Germany),הוהבך (גרמניה),,css 202001,skipped: no valid 034
987012876369305171,https://www.nli.org.il/he/authorities/987012876369305171,20250115-20250121,live,dms-missing-leading-zero,[geonames] d=E02114 e=E02114 f=N04951 g=N04951,d=E0002114 e=E0002114 f=N0004951 g=N0004951,Swoszowa (Poland),סוסוב (פולין),Q7659378,css 202408,skipped: no valid 034
987012922275805171,https://www.nli.org.il/he/authorities/987012922275805171,20250115-20250121,live,dms-missing-leading-zero,[geonames] d=E01105 e=E01105 f=N05322 g=N05322,d=E0001105 e=E0001105 f=N0005322 g=N0005322,Pritzier (Germany),פריציאר (גרמניה),Q674901,css 202409,skipped: no valid 034
987012859173605171,https://www.nli.org.il/he/authorities/987012859173605171,20250115-20250121,live,dms-missing-leading-zero,[geonames] d=E00842 e=E00842 f=N04438 g=N04438,d=E0000842 e=E0000842 f=N0004438 g=N0004438,Lerma (Italy),לרמה (איטליה),Q17376,css 202407,skipped: no valid 034
987012881572905171,https://www.nli.org.il/he/authorities/987012881572905171,20250115-20250121,live,dms-missing-leading-zero,[geonames] d=E00940 e=E00940 f=N05356 g=N05356,d=E0000940 e=E0000940 f=N0005356 g=N0005356,Wittenbergen (Germany),וויטנברגן (גרמניה),Q638135,css 202408,skipped: no valid 034
987007405585705171,https://www.nli.org.il/he/authorities/987007405585705171,20250122-20250128,live,dms-missing-leading-zero,[geonames] d=N02520 e=N02520 f=N05103 g=N05103,d=N0002520 e=N0002520 f=N0005103 g=N0005103,Sokil (Ukraine),סוקיל (אוקראינה),,css 201807,skipped: no valid 034
987012882071805171,https://www.nli.org.il/he/authorities/987012882071805171,20250122-20250128,live,dms-missing-leading-zero,[geonames] d=E00829 e=E00829 f=N0477 g=N0477,d=E0000829 e=E0000829 f=N0000477 g=N0000477,"Zug, Lake of (Switzerland)",אגם צוג (שווייץ),Q14436,css 202408,skipped: no valid 034
987007539654905171,https://www.nli.org.il/he/authorities/987007539654905171,20250129-20250204,live,dms-missing-leading-zero,[geonames] d=W901305 e=W901305 f=N400034 g=N400034,d=W0901305 e=W0901305 f=N0400034 g=N0400034,Sangamon River Valley (Ill.),עמק נהר סנגמון (אילינוי),,,skipped: no valid 034
987012595476305171,https://www.nli.org.il/he/authorities/987012595476305171,20250129-20250204,live,dms-missing-leading-zero,[geonames] d=W074248 e=W074248 f=N041845 g=N041845,d=W0074248 e=W0074248 f=N0041845 g=N0041845,New Hempstead (N.Y.),ניו המפסטד (ניו יורק),Q3452737,css 202312,skipped: no valid 034
987012331775505171,https://www.nli.org.il/he/authorities/987012331775505171,20250212-20250218,live,dms-missing-leading-zero,[geonames] d=E03534 e=E03534 f=N03204 g=N03204,d=E0003534 e=E0003534 f=N0003204 g=N0003204,Ghor Kebed (Jordan),גור קבד (ירדן),,css 202304,skipped: no valid 034
987011345241405171,https://www.nli.org.il/he/authorities/987011345241405171,20250212-20250218,live,dms-missing-leading-zero,[] d=E0335700 e=E0335700 f=N362525 g=N362525,,"Demircili (Mersin İli, Turkey)","דמירסילי (מרסין אילי, טורקיה)",295165793,,skipped: no valid 034
987012857474605171,https://www.nli.org.il/he/authorities/987012857474605171,20250212-20250218,live,dms-missing-leading-zero,[geonames] d=E10133 e=E10133 f=N00315 g=N00315,d=E0010133 e=E0010133 f=N0000315 g=N0000315,"Kuang (Selangor, Malaysia)","קואנג (סלנגור, מלזיה)",Q2499720,css 202407,skipped: no valid 034
987012882072205171,https://www.nli.org.il/he/authorities/987012882072205171,20250212-20250218,live,dms-missing-leading-zero,[geonames] d=E03516 e=E03516 f=N03310 g=N03310,d=E0003516 e=E0003516 f=N0003310 g=N0003310,Zibqin (Lebanon),זיבקין (לבנון),,css 202408,skipped: no valid 034
987013288657305171,https://www.nli.org.il/he/authorities/987013288657305171,20250312-20250318,live,dms-missing-leading-zero,[geonames] d=E1443557 e=E1443557 f=S372738 g=S372738,,"New Gisborne (Gisborne, Vic.)","ניו גיסבורן (גיסבורן, ויקטוריה)",Q7007809,BMC 202502,skipped: no valid 034
987013288661905171,https://www.nli.org.il/he/authorities/987013288661905171,20250312-20250318,live,dms-missing-leading-zero,[geonames] d=E260314 e=E260314 f=N483400 g=N483400,d=E0260314 e=E0260314 f=N0483400 g=N0483400,Onut (Ukraine),אונוט (אוקראינה),Q2090257,BMC 202502,skipped: no valid 034
987013296476105171,https://www.nli.org.il/he/authorities/987013296476105171,20250312-20250318,live,dms-missing-leading-zero,[geonames] d=E181749 e=E181749 f=N440316 g=N440316,d=E0181749 e=E0181749 f=N0440316 g=N0440316,Dabravine (Bosnia and Herzegovina),דאבראווינה (בוסניה והרצגובינה),Q3011607 | 247829934,BMC 202502,skipped: no valid 034
987007473202005171,https://www.nli.org.il/he/authorities/987007473202005171,20250312-20250318,live,dms-missing-leading-zero,[geonames] d=E160157 e=E160157 f=N465128 g=N465128,d=E0160157 e=E0160157 f=N0465128 g=N0465128,Neuhaus am Klausenbach (Austria),נויהאוס אם קלאוזנבאך (אוסטריה),243906257 | Q662495,,skipped: no valid 034
987008887272705171,https://www.nli.org.il/he/authorities/987008887272705171,20250312-20250318,live,dms-missing-leading-zero,[other] d=E0055836 e=E0055836 f=N504643 g=N504643,,Vaals (Netherlands : Gemeente),וואלס (הולנד),Q9768 | 233815688,,skipped: no valid 034
987013331802105171,https://www.nli.org.il/he/authorities/987013331802105171,20250326-20250401,live,dms-missing-leading-zero,[geonames] d=E190935 e=E190935 f=N501158 g=N501158,d=E0190935 e=E0190935 f=N0501158 g=N0501158,"Brzezinka (Mysłowice, Poland)","בז'אזינקה (מיסלוביץ, פולין)",249307214 | Q11688989,BMC 202503,skipped: no valid 034
987013331806205171,https://www.nli.org.il/he/authorities/987013331806205171,20250326-20250401,live,dms-missing-leading-zero,[geonames] d=E155255 e=E155255 f=N480634 g=N480634,d=E0155255 e=E0155255 f=N0480634 g=N0480634,"Laaben (Brand-Laaben, Austria)","לאבן (ברנד-לאבן, אוסטריה)",243879639 | Q110765426,BMC 202503,skipped: no valid 034
987013339713705171,https://www.nli.org.il/he/authorities/987013339713705171,20250326-20250401,live,dms-missing-leading-zero,[geonames] d=E160600 e=E160600 f=N482300 g=N482300,d=E0160600 e=E0160600 f=N0482300 g=N0482300,Hausleiten (Austria),האוסלייטן (אוסטריה),239569093 | Q21880342,BMC 202503,skipped: no valid 034
987012873877105171,https://www.nli.org.il/he/authorities/987012873877105171,20250402-20250408,live,dms-missing-leading-zero,[geonames] d=E154314 e=E154314 f=N482731 g=N482731,d=E0154314 e=E0154314 f=N0482731 g=N0482731,Hadersdorf am Kamp (Austria),הדרסדורף אם קמפ (אוסטריה),238446271 | Q98774239,BMC 202407,skipped: no valid 034
987012875576705171,https://www.nli.org.il/he/authorities/987012875576705171,20250402-20250408,live,dms-missing-leading-zero,[geonames] d=E211000 e=E211000 f=N480100 g=N480100,d=E0211000 e=E0211000 f=N0480100 g=N0480100,Tiszadob (Hungary),טיסדוב (הונגריה),240066219 | Q253508,BMC 202408,skipped: no valid 034
987012881373905171,https://www.nli.org.il/he/authorities/987012881373905171,20250402-20250408,live,dms-missing-leading-zero,[geonames] d=E114220 e=E114220 f=N455630 g=N455630,d=E0114220 e=E0114220 f=N0455630 g=N0455630,Enego (Italy),אנוגו (איטליה),236628745 | Q46939,BMC 202408,skipped: no valid 034
987012858523505171,https://www.nli.org.il/he/authorities/987012858523505171,20250402-20250408,live,dms-missing-leading-zero,[geonames] d=E162810 e=E162810 f=N475634 g=N475634,d=E0162810 e=E0162810 f=N0475634 g=N0475634,"Deutsch-Brodersdorf (Seibersdorf, Austria)","דויטש-ברודרסדורף (זייברסדורף, אוסטריה)",237475544 | Q106939447,BMC 202407,skipped: no valid 034
987012881363105171,https://www.nli.org.il/he/authorities/987012881363105171,20250402-20250408,live,dms-missing-leading-zero,[geonames] d=E142727 e=E142727 f=N483810 g=N483810,d=E0142727 e=E0142727 f=N0483810 g=N0483810,"Wullowitz (Leopoldschlag, Austria)","וולוביץ (לאופולדשלאג, אוסטריה)",Q4299789,BMC 202408,skipped: no valid 034
987013348415005171,https://www.nli.org.il/he/authorities/987013348415005171,20250402-20250408,live,dms-missing-leading-zero,[geonames] d=E172811 e=E172811 f=N491432 g=N491432,d=E0172811 e=E0172811 f=N0491432 g=N0491432,Kvasice (Czech Republic),קוואסיצה (צ'כיה),7025170592514010550006 | Q1794830,BMC 202503,skipped: no valid 034
987013348811005171,https://www.nli.org.il/he/authorities/987013348811005171,20250402-20250408,live,dms-missing-leading-zero,[geonames] d=E223448 e=E223448 f=N500952 g=N500952,d=E0223448 e=E0223448 f=N0500952 g=N0500952,Ubieszyn (Poland),אוביישין (פולין),110150868291222071971 | Q7876525,BMC 202503,skipped: no valid 034
987013348788505171,https://www.nli.org.il/he/authorities/987013348788505171,20250409-20250415,live,dms-missing-leading-zero,[geonames] d=E255800 e=E255800 f=N480700 g=N480700,d=E0255800 e=E0255800 f=N0480700 g=N0480700,"Mykhaĭlivka (Chernivet︠s︡ʹkyĭ oblastʹ, Ukraine)","מיכאיליבקה (מחוז צ'רניוובצקי, אוקראינה)",Q4297501,BMC 202504,skipped: no valid 034
987013348792405171,https://www.nli.org.il/he/authorities/987013348792405171,20250409-20250415,live,dms-missing-leading-zero,[geonames] d=E262845 e=E262845 f=N473345 g=N473345,d=E0262845 e=E0262845 f=N0473345 g=N0473345,"Chilișeni (Suceava, Romania)","צ'יליסני (סוצ'אבה, רומניה)",Q12116439,BMC 202504,skipped: no valid 034
987010348467205171,https://www.nli.org.il/he/authorities/987010348467205171,20250409-20250415,live,dms-missing-leading-zero,[geonet] d=E0675254 e=E0675254 f=N265809 g=N265809,,Pāṭa (Pakistan),פאטה (פקיסטן),14153713819958661438,,skipped: no valid 034
987012314367705171,https://www.nli.org.il/he/authorities/987012314367705171,20250409-20250415,live,dms-missing-leading-zero,[geonames] d=E0512822 e=E0512822 f=N030116 g=N030116,,Kurangun Site (Iran),אתר קורנגון (איראן),Q1792935,cea 202303,skipped: no valid 034
987012789576505171,https://www.nli.org.il/he/authorities/987012789576505171,20250416-20250422,live,dms-missing-leading-zero,[geonames] d=E02116 e=E02116 f=N04102 g=N04102,d=E0002116 e=E0002116 f=N0004102 g=N0004102,Dihovo (North Macedonia),דיחובו (מקדוניה הצפונית),Q3027881,css 202405,skipped: no valid 034
987013387633305171,https://www.nli.org.il/he/authorities/987013387633305171,20250416-20250422,live,dms-missing-leading-zero,[geonames] d=E253846 e=E253846 f=N483043 g=N483043,d=E0253846 e=E0253846 f=N0483043 g=N0483043,Maliatyntsi (Ukraine),מליטינצי (אוקראינה),Q4279698,BMC 202504,skipped: no valid 034
987013392235205171,https://www.nli.org.il/he/authorities/987013392235205171,20250416-20250422,live,dms-missing-leading-zero,[geonames] d=E160602 e=E160602 f=N484759 g=N484759,d=E0160602 e=E0160602 f=N0484759 g=N0484759,Vrbovec (Czech Republic),ורבובץ (צ'כיה),2241171710781606720008 | Q2304943,BMC 202504,skipped: no valid 034
987013387630905171,https://www.nli.org.il/he/authorities/987013387630905171,20250416-20250422,live,dms-missing-leading-zero,[geonames] d=E60755 e=E60755 f=N515627 g=N515627,d=E0060755 e=E0060755 f=N0515627 g=N0515627,Didam (Netherlands),דידאם (הולנד),Q1210428,BMC 202504,skipped: no valid 034
987013387631105171,https://www.nli.org.il/he/authorities/987013387631105171,20250416-20250422,live,dms-missing-leading-zero,[geonames] d=E61532 e=E61532 f=N515236 g=N515236,d=E0061532 e=E0061532 f=N0515236 g=N0515236,,ס'-הירנברג (הולנד),604147270358235700009 | Q425810,BMC 202504,skipped: no valid 034
987013387633105171,https://www.nli.org.il/he/authorities/987013387633105171,20250416-20250422,live,dms-missing-leading-zero,[geonames] d=E255107 e=E255107 f=N481455 g=N481455,d=E0255107 e=E0255107 f=N0481455 g=N0481455,Mykhalcha (Ukraine),מיכלכה (אוקראינה),Q2089946,BMC 202504,skipped: no valid 034
987013387634505171,https://www.nli.org.il/he/authorities/987013387634505171,20250416-20250422,live,dms-missing-leading-zero,[geonames] d=E255101 e=E255101 f=N481358 g=N481358,d=E0255101 e=E0255101 f=N0481358 g=N0481358,Kamiana (Ukraine),קמיאנה (אוקראינה),Q4211101,BMC 202504,skipped: no valid 034
987013387635305171,https://www.nli.org.il/he/authorities/987013387635305171,20250416-20250422,live,dms-missing-leading-zero,[geonames] d=E253647 e=E253647 f=N482122 g=N482122,d=E0253647 e=E0253647 f=N0482122 g=N0482122,Brusnytsia (Ukraine),ברוסניציה (אוקראינה),Q4097254,BMC 202504,skipped: no valid 034
987013392233205171,https://www.nli.org.il/he/authorities/987013392233205171,20250430-20250506,live,dms-missing-leading-zero,[geonames] d=E183304 e=E183304 f=N495931 g=N495931,d=E0183304 e=E0183304 f=N0495931 g=N0495931,"Połomia (powiat Wodzisławski, Poland)","פולומיה (מחוז וודזיסלב, פולין)",Q7237130,BMC 202504,skipped: no valid 034
987013426656405171,https://www.nli.org.il/he/authorities/987013426656405171,20250514-20250520,live,dms-missing-leading-zero,[geonames] d=E244355 e=E244355 f=N491608 g=N491608,d=E0244355 e=E0244355 f=N0491608 g=N0491608,"Podillia (Ivano-Frankivsʹka oblastʹ, Ukraine)","פודיליה (מחוז איוואנו-פרנקיבסק, אוקראינה) (מחוז איוונו-פרנקיבסק, אוקראינה)",Q4368018,BMC 202505,skipped: no valid 034
987013428158205171,https://www.nli.org.il/he/authorities/987013428158205171,20250514-20250520,live,dms-missing-leading-zero,[geonames] d=E222300 e=E222300 f=N475621 g=N475621,d=E0222300 e=E0222300 f=N0475621 g=N0475621,Kocsord (Hungary),קוצ'ורד (הונגריה),Q587123,BMC 202505,skipped: no valid 034
987013432990705171,https://www.nli.org.il/he/authorities/987013432990705171,20250521-20250527,live,dms-missing-leading-zero,[geonames] d=E150328 e=E150328 f=N500021 g=N500021,d=E0150328 e=E0150328 f=N0500021 g=N0500021,Krychnov (Czech Republic),קריכנוב (צ'כיה),Q2696529,BMC 202505,skipped: no valid 034
987012789571105171,https://www.nli.org.il/he/authorities/987012789571105171,20250528-20250603,live,dms-missing-leading-zero,[geonames] d=E05706 e=E05706 f=N06025 g=N06025,d=E0005706 e=E0005706 f=N0006025 g=N0006025,Krasnovishersk (Russia),קרסנובישרסק (רוסיה),Q155560,css 202405,skipped: no valid 034
987013437215305171,https://www.nli.org.il/he/authorities/987013437215305171,20250528-20250603,live,dms-missing-leading-zero,[geonames] d=E162011 e=E162011 f=N475814 g=N475814,d=E0162011 e=E0162011 f=N0475814 g=N0475814,Oberwaltersdorf (Austria),אוברוולטסדורף (אוסטריה),241237547 | Q666775,BMC 202505,skipped: no valid 034
987013437207705171,https://www.nli.org.il/he/authorities/987013437207705171,20250528-20250603,live,dms-missing-leading-zero,[geonames] d=E160729 e=E160729 f=N483822 g=N483822,d=E0160729 e=E0160729 f=N0483822 g=N0483822,"Immendorf (Wullersdorf, Austria)","אימנדורף (וולרסדורף, אוסטריה)",239220851 | Q106171151,BMC 202505,skipped: no valid 034
987013437212905171,https://www.nli.org.il/he/authorities/987013437212905171,20250528-20250603,live,dms-missing-leading-zero,[geonames] d=E54200 e=E54200 f=N505800 g=N505800,d=E0054200 e=E0054200 f=N0505800 g=N0505800,Maasmechelen (Belgium),מאסמכלן (בלגיה),3636154983539967860002 | Q329633,BMC 202505,skipped: no valid 034
987013437213105171,https://www.nli.org.il/he/authorities/987013437213105171,20250528-20250603,live,dms-missing-leading-zero,[geonames] d=E162200 e=E162200 f=N483200 g=N483200,d=E0162200 e=E0162200 f=N0483200 g=N0483200,"Steinbach (Ernstbrunn, Austria)","שטיינבך (ארנסטברון, אוסטריה)",234819570 | Q96939547,BMC 202505,skipped: no valid 034
987013437217205171,https://www.nli.org.il/he/authorities/987013437217205171,20250528-20250603,live,dms-missing-leading-zero,[geonames] d=E180851 e=E180851 f=N491903 g=N491903,d=E0180851 e=E0180851 f=N0491903 g=N0491903,Halenkov (Czech Republic),הלנקוב (צ'כיה),234862444 | Q1022338,BMC 202505,skipped: no valid 034
987013437203805171,https://www.nli.org.il/he/authorities/987013437203805171,20250604-20250610,live,dms-missing-leading-zero,[geonames] d=E160412 e=E160412 f=N474950 g=N474950,d=E0160412 e=E0160412 f=N0474950 g=N0474950,"Stollhof (Hohe Wand, Austria)","סטולהוף (הוה ונד, אוסטריה)",Q110795620 | 235659970,BMC 202505,skipped: no valid 034
987013437204605171,https://www.nli.org.il/he/authorities/987013437204605171,20250604-20250610,live,dms-missing-leading-zero,[geonames] d=E255832 e=E255832 f=N483657 g=N483657,d=E0255832 e=E0255832 f=N0483657 g=N0483657,"Bridok (Chernivet︠s︡ʹka oblastʹ, Ukraine)","ברידוק (מחוז צ'רנוביץ, אוקראינה)",Q4096774,BMC 202505,skipped: no valid 034
987013437197105171,https://www.nli.org.il/he/authorities/987013437197105171,20250604-20250610,live,dms-missing-leading-zero,[geonames] d=E161132 e=E161132 f=N490453 g=N490453,d=E0161132 e=E0161132 f=N0490453 g=N0490453,Dukovany (Czech Republic),דוקובאני (צ'כיה),249091560 | Q1264678,BMC 202505,skipped: no valid 034
987013437205005171,https://www.nli.org.il/he/authorities/987013437205005171,20250604-20250610,live,dms-missing-leading-zero,[geonames] d=E252333 e=E252333 f=N475105 g=N475105,d=E0252333 e=E0252333 f=N0475105 g=N0475105,Brodina (Romania),ברודינה (רומניה),Q12724578,BMC 202505,skipped: no valid 034
987013437195405171,https://www.nli.org.il/he/authorities/987013437195405171,20250611-20250617,live,dms-missing-leading-zero,[geonames] d=E140043 e=E140043 f=N490630 g=N490630,d=E0140043 e=E0140043 f=N0490630 g=N0490630,"Dub (Prachatice District, Czech Republic)","דוב (מחוז פראחאטיצה, צ'כיה)",Q910476,BMC 202505,skipped: no valid 034
987013437192205171,https://www.nli.org.il/he/authorities/987013437192205171,20250611-20250617,live,dms-missing-leading-zero,[geonames] d=E253930 e=E253930 f=N475515 g=N475515,d=E0253930 e=E0253930 f=N0475515 g=N0475515,Vicovu de Sus (Romania),ויקובו דה סוס (רומניה),Q276145 | 190148570642924311204,BMC 202506,skipped: no valid 034
987013470918105171,https://www.nli.org.il/he/authorities/987013470918105171,20250618-20250624,live,dms-missing-leading-zero,[geonames] d=E150200 e=E150200 f=N482700 g=N482700,d=E0150200 e=E0150200 f=N0482700 g=N0482700,Schönbach (Austria),שנבאך (אוסטריה),242314463 | Q691538,BMC 202506,skipped: no valid 034
987013472828005171,https://www.nli.org.il/he/authorities/987013472828005171,20250618-20250624,live,dms-missing-leading-zero,[geonames] d=E220103 e=E220103 f=N503929 g=N503929,d=E0220103 e=E0220103 f=N0503929 g=N0503929,Wola Rzeczycka (Poland),וולה רז'יצקה (פולין),Q8029604,BMC 202506,skipped: no valid 034
987013475863605171,https://www.nli.org.il/he/authorities/987013475863605171,20250625-20250630,live,dms-missing-leading-zero,[geonames] d=E182915 e=E182915 f=N462741 g=N462741,d=E0182915 e=E0182915 f=N0462741 g=N0462741,Murga (Hungary),מורגה (הונגריה),Q667211,BMC 202506,skipped: no valid 034
987013475863705171,https://www.nli.org.il/he/authorities/987013475863705171,20250625-20250630,live,dms-missing-leading-zero,[geonames] d=E154556 e=E154556 f=N464234 g=N464234,d=E0154556 e=E0154556 f=N0464234 g=N0464234,Mureck (Austria),מורק (אוסטריה),Q163474 | 234129873,BMC 202506,skipped: no valid 034
987013501958505171,https://www.nli.org.il/he/authorities/987013501958505171,20250625-20250630,live,dms-missing-leading-zero,[geonames] d=E250000 e=E250000 f=N483300 g=N483300,d=E0250000 e=E0250000 f=N0483300 g=N0483300,"Dyatkovtsy (Kolomyi︠a︡, Ukraine)","דיאטקובצי (קולומיאה, אוקראינה)",Q123479308,BMC 202506,skipped: no valid 034
987013501958805171,https://www.nli.org.il/he/authorities/987013501958805171,20250625-20250630,live,dms-missing-leading-zero,[geonames] d=E245737 e=E245737 f=N483343 g=N483343,d=E0245737 e=E0245737 f=N0483343 g=N0483343,Sheparivtsi (Ukraine),שפאריבצי (אוקראינה),Q4522913,BMC 202506,skipped: no valid 034
987013501960605171,https://www.nli.org.il/he/authorities/987013501960605171,20250625-20250630,live,dms-missing-leading-zero,[geonames] d=E254111 e=E254111 f=N492002 g=N492002,d=E0254111 e=E0254111 f=N0492002 g=N0492002,Krovynka (Ukraine),קרובינקה (אוקראינה),Q4241498,BMC 202506,skipped: no valid 034
987013501962905171,https://www.nli.org.il/he/authorities/987013501962905171,20250625-20250630,live,dms-missing-leading-zero,[geonames] d=E240101 e=E240101 f=N491553 g=N491553,d=E0240101 e=E0240101 f=N0491553 g=N0491553,Dashava (Ukraine),דשאווה (אוקראינה),Q2602983,BMC 202506,skipped: no valid 034
987013475863505171,https://www.nli.org.il/he/authorities/987013475863505171,20250625-20250630,live,dms-missing-leading-zero,[geonames] d=E254229 e=E254229 f=N482915 g=N482915,d=E0254229 e=E0254229 f=N0482915 g=N0482915,Davydivtsi (Ukraine),דוידיבצי (אוקראינה),Q4153902,BMC 202506,skipped: no valid 034
987013437207105171,https://www.nli.org.il/he/authorities/987013437207105171,20250708-20250714,live,dms-missing-leading-zero,[geonames] d=E171728 e=E171728 f=N470049 g=N470049,d=E0171728 e=E0171728 f=N0470049 g=N0470049,Csabrendek (Hungary),צ'אברנדק (הונגריה),367174411190808502564 | Q870202,BMC 202505,skipped: no valid 034
987013505319805171,https://www.nli.org.il/he/authorities/987013505319805171,20250708-20250714,live,dms-missing-leading-zero,[geonames] d=E164904 e=E164904 f=N494606 g=N494606,d=E0164904 e=E0164904 f=N0494606 g=N0494606,"Studená Loučka (Mohelnice, Czech Republic)","סטודנה לוצ'קה (מוהלניצ'ה, צ'כיה)",Q12056724,BMC 202506,skipped: no valid 034
987013505320305171,https://www.nli.org.il/he/authorities/987013505320305171,20250708-20250714,live,dms-missing-leading-zero,[geonames] d=E260549 e=E260549 f=N491337 g=N491337,d=E0260549 e=E0260549 f=N0491337 g=N0491337,Rashtivtsi (Ukraine),רשטיבצי (אוקראינה),Q4391384,BMC 202506,skipped: no valid 034
987013505318905171,https://www.nli.org.il/he/authorities/987013505318905171,20250708-20250714,live,dms-missing-leading-zero,[geonames] d=E251156 e=E251156 f=N495259 g=N495259,d=E0251156 e=E0251156 f=N0495259 g=N0495259,"Chepeli (Zolochivsʹkyĭ raĭon, Ukraine)","צ'פלי (מחוז זולוצ'יבסקי, אוקראינה)",Q4511841,BMC 202507,skipped: no valid 034
987013544792605171,https://www.nli.org.il/he/authorities/987013544792605171,20250715-20250721,live,dms-missing-leading-zero,[geonames] d=E215559 e=E215559 f=N464631 g=N464631,d=E0215559 e=E0215559 f=N0464631 g=N0464631,Tinca (Romania),טינקה (רומניה),254559104 | Q1093201,BMC 202507,skipped: no valid 034
987013544790705171,https://www.nli.org.il/he/authorities/987013544790705171,20250722-20250728,live,dms-missing-leading-zero,[geonames] d=E174951 e=E174951 f=N493945 g=N493945,d=E0174951 e=E0174951 f=N0493945 g=N0493945,Odry (Czech Republic),אודרי (צ'כיה),147565138 | Q1018329,BMC 202507,skipped: no valid 034
987013552769805171,https://www.nli.org.il/he/authorities/987013552769805171,20250729-20250804,live,dms-missing-leading-zero,[geonames] d=E251308 e=E251308 f=N493932 g=N493932,d=E0251308 e=E0251308 f=N0493932 g=N0493932,Yarchivtsi (Ukraine),יארצ'יבצי (אוקראינה),Q4539085,BMC 202507,skipped: no valid 034
987013553869105171,https://www.nli.org.il/he/authorities/987013553869105171,20250729-20250804,live,dms-missing-leading-zero,[] d=E111549 e=E111549 f=N454425 g=N454425,d=E0111549 e=E0111549 f=N0454425 g=N0454425,Valli del Pasubio (Italy),וואלי דל פאסוביו (איטליה),3958152451240006650002 | Q46263,beb 202507,skipped: no valid 034
987013553870305171,https://www.nli.org.il/he/authorities/987013553870305171,20250729-20250804,live,dms-missing-leading-zero,[geonames] d=E82814 e=E82814 f=N473345 g=N473345,d=E0082814 e=E0082814 f=N0473345 g=N0473345,Zweidlen (Switzerland),צוויידלן (שווייץ),182160062433735790000 | Q232385,beb 202507,skipped: no valid 034
987013553872005171,https://www.nli.org.il/he/authorities/987013553872005171,20250729-20250804,live,dms-missing-leading-zero,[geonames] d=E161158 e=E161158 f=N480659 g=N480659,d=E0161158 e=E0161158 f=N0480659 g=N0480659,Kaltenleutgeben (Austria),קלטנלויטגבן (אוסטריה),246278154 | Q665008,beb 202507,skipped: no valid 034
987013553872305171,https://www.nli.org.il/he/authorities/987013553872305171,20250729-20250804,live,dms-missing-leading-zero,[geonames] d=E63946 e=E63946 f=N475522 g=N475522,d=E0063946 e=E0063946 f=N0475522 g=N0475522,Rupt-sur-Moselle (France),רופט-סור-מוזל (צרפת),159483005 | Q190567,beb 202507,skipped: no valid 034
987013553870005171,https://www.nli.org.il/he/authorities/987013553870005171,20250729-20250804,live,dms-missing-leading-zero,[] d=E63200 e=E63200 f=N502100 g=N502100,d=E0063200 e=E0063200 f=N0502100 g=N0502100,Stadtkyll (Germany),שטדטקיל (גרמניה),240115845 | Q653314,beb 202507,skipped: no valid 034
987013553872605171,https://www.nli.org.il/he/authorities/987013553872605171,20250729-20250804,live,dms-missing-leading-zero,[geonames] d=E112057 e=E112057 f=N470907 g=N470907,d=E0112057 e=E0112057 f=N0470907 g=N0470907,Fulpmes (Austria),פולפמס (אוסטריה),235010815 | Q669803,beb 202507,skipped: no valid 034
987013553869305171,https://www.nli.org.il/he/authorities/987013553869305171,20250729-20250804,live,dms-missing-leading-zero,[geonames] d=E45409 e=E45409 f=N472443 g=N472443,d=E0045409 e=E0045409 f=N0472443 g=N0472443,Val-Suzon (France),ואל-סוזון (צרפת),71163408874400091174 | Q89812,beb 202507,skipped: no valid 034
987013553869705171,https://www.nli.org.il/he/authorities/987013553869705171,20250729-20250804,live,dms-missing-leading-zero,[geonames] d=E64303 e=E64303 f=N480023 g=N480023,d=E0064303 e=E0064303 f=N0480023 g=N0480023,Vagney (France),וגנה (צרפת),243201357 | Q922686,beb 202507,skipped: no valid 034
987013553871305171,https://www.nli.org.il/he/authorities/987013553871305171,20250729-20250804,live,dms-missing-leading-zero,[] d=E75741 e=E75741 f=N463510 g=N463510,d=E0075741 e=E0075741 f=N0463510 g=N0463510,Kleine Scheidegg (Switzerland),קליינה שיידג (שווייץ),238120117 | Q86954,beb 202507,skipped: no valid 034
987013553872705171,https://www.nli.org.il/he/authorities/987013553872705171,20250729-20250804,live,dms-missing-leading-zero,[geonames] d=E155148 e=E155148 f=N474132 g=N474132,d=E0155148 e=E0155148 f=N0474132 g=N0474132,Payerbach (Austria),פאיירבאך (אוסטריה),129883137 | Q676675,beb 202507,skipped: no valid 034
987013552762105171,https://www.nli.org.il/he/authorities/987013552762105171,20250805-20250811,live,dms-missing-leading-zero,[geonames] d=E01859 e=E01859 f=N430608 g=N430608,d=E0001859 e=E0001859 f=N0430608 g=N0430608,Capvern (France),קאפברן (צרפת),41144647648674099072 | Q1094400,BMC 202507,skipped: no valid 034
987013552762205171,https://www.nli.org.il/he/authorities/987013552762205171,20250805-20250811,live,dms-missing-leading-zero,[geonames] d=E185543 e=E185543 f=N501920 g=N501920,d=E0185543 e=E0185543 f=N0501920 g=N0501920,,"לאגייבניקי (ביטום, פולין)",233888679 | Q9393948,BMC 202507,skipped: no valid 034
987013552762305171,https://www.nli.org.il/he/authorities/987013552762305171,20250805-20250811,live,dms-missing-leading-zero,[geonames] d=E164017 e=E164017 f=N465523 g=N465523,d=E0164017 e=E0164017 f=N0465523 g=N0465523,Ozmánbük (Hungary),אוזמנבוק (הונגריה),Q693815,BMC 202507,skipped: no valid 034
987013552765705171,https://www.nli.org.il/he/authorities/987013552765705171,20250805-20250811,live,dms-missing-leading-zero,[geonames] d=E163800 e=E163800 f=N481600 g=N481600,d=E0163800 e=E0163800 f=N0481600 g=N0481600,Markgrafneusiedl (Austria),מרקגרפנויזידל (אוסטריה),247817483 | Q688849,BMC 202507,skipped: no valid 034
987013553859805171,https://www.nli.org.il/he/authorities/987013553859805171,20250805-20250811,live,dms-missing-leading-zero,[] d=E91809 e=E91809 f=N511337 g=N511337,d=E0091809 e=E0091809 f=N0511337 g=N0511337,Wichdorf (Germany),ויכטדורף (גרמניה),235758942 | Q1346017,beb 202507,skipped: no valid 034
987013553861005171,https://www.nli.org.il/he/authorities/987013553861005171,20250805-20250811,live,dms-missing-leading-zero,[] d=E74113 e=E74113 f=N500925 g=N500925,d=E0074113 e=E0074113 f=N0500925 g=N0500925,Werlau (Germany),ורלאו (גרמניה),7497147270571235700002 | Q2560605,beb 202507,skipped: no valid 034
987013553862805171,https://www.nli.org.il/he/authorities/987013553862805171,20250805-20250811,live,dms-missing-leading-zero,[] d=E51300 e=E51300 f=N514151 g=N514151,d=E0051300 e=E0051300 f=N0514151 g=N0514151,Vlijmen (Netherlands),וליימן (הולנד),313431410 | Q1983269,beb 202507,skipped: no valid 034
987013553864005171,https://www.nli.org.il/he/authorities/987013553864005171,20250805-20250811,live,dms-missing-leading-zero,[] d=E70658 e=E70658 f=N470202 g=N470202,d=E0070658 e=E0070658 f=N0470202 g=N0470202,Vinelz (Switzerland),וינלז (שווייץ),245080933 | Q67084,beb 202507,skipped: no valid 034
987013553867705171,https://www.nli.org.il/he/authorities/987013553867705171,20250805-20250811,live,dms-missing-leading-zero,[] d=E74235 e=E74235 f=N484010 g=N484010,d=E0074235 e=E0074235 f=N0484010 g=N0484010,Vendenheim (France),ונדנהיים (צרפת),211961878 | Q21604,beb 202507,skipped: no valid 034
987013552767105171,https://www.nli.org.il/he/authorities/987013552767105171,20250805-20250811,live,dms-missing-leading-zero,[geonames] d=E222212 e=E222212 f=N493439 g=N493439,d=E0222212 e=E0222212 f=N0493439 g=N0493439,Tyrawa Wołoska (Poland),טיראווה וולוסקה (פולין),243866339 | Q1817136,BMC 202507,skipped: no valid 034
987013553861605171,https://www.nli.org.il/he/authorities/987013553861605171,20250805-20250811,live,dms-missing-leading-zero,[] d=E60715 e=E60715 f=N461355 g=N461355,d=E0060715 e=E0060715 f=N0461355 g=N0461355,Le Grand-Saconnex (Switzerland),לה גראן סקונקס (שווייץ),241869513 | Q69714,beb 202507,skipped: no valid 034
987013553861805171,https://www.nli.org.il/he/authorities/987013553861805171,20250805-20250811,live,dms-missing-leading-zero,[] d=E22041 e=E22041 f=N504240 g=N504240,d=E0022041 e=E0022041 f=N0504240 g=N0504240,Wardrecques (France),ורדרק (צרפת),Q991477,beb 202507,skipped: no valid 034
987013553864605171,https://www.nli.org.il/he/authorities/987013553864605171,20250805-20250811,live,dms-missing-leading-zero,[] d=E55555 e=E55555 f=N492802 g=N492802,d=E0055555 e=E0055555 f=N0492802 g=N0492802,Villerupt (France),וילרופט (צרפת),238810413 | Q733313,beb 202507,skipped: no valid 034
987013553865505171,https://www.nli.org.il/he/authorities/987013553865505171,20250805-20250811,live,dms-missing-leading-zero,[] d=E12753 e=E12753 f=N484021 g=N484021,d=E0012753 e=E0012753 f=N0484021 g=N0484021,Villemeux-sur-Eure (France),וילמה-סור-אר (צרפת),Q616543,beb 202507,skipped: no valid 034
987013553860805171,https://www.nli.org.il/he/authorities/987013553860805171,20250805-20250811,live,dms-missing-leading-zero,[] d=E73728 e=E73728 f=N501022 g=N501022,d=E0073728 e=E0073728 f=N0501022 g=N0501022,Rheinbay (Germany),ריינביי (גרמניה),9856149844983902960007 | Q47457064,beb 202507,skipped: no valid 034
987013553864105171,https://www.nli.org.il/he/authorities/987013553864105171,20250805-20250811,live,dms-missing-leading-zero,[] d=E30956 e=E30956 f=N482623 g=N482623,d=E0030956 e=E0030956 f=N0482623 g=N0482623,Vimpelles (France),וימפל (צרפת),Q243603,beb 202507,skipped: no valid 034
987013553864805171,https://www.nli.org.il/he/authorities/987013553864805171,20250805-20250811,live,dms-missing-leading-zero,[] d=E25137 e=E25137 f=N485628 g=N485628,d=E0025137 e=E0025137 f=N0485628 g=N0485628,Villenoy (France),וילנואה (צרפת),139938917 | Q1456243,beb 202507,skipped: no valid 034
987013553865705171,https://www.nli.org.il/he/authorities/987013553865705171,20250805-20250811,live,dms-missing-leading-zero,[] d=E14600 e=E14600 f=N471800 g=N471800,d=E0014600 e=E0014600 f=N0471800 g=N0471800,Villefranche-sur-Cher (France),וילפרנש-סור-שר (צרפת),Q732703,beb 202507,skipped: no valid 034
987013553866305171,https://www.nli.org.il/he/authorities/987013553866305171,20250805-20250811,live,dms-missing-leading-zero,[] d=E30449 e=E30449 f=N481928 g=N481928,d=E0030449 e=E0030449 f=N0481928 g=N0481928,Villeblevin (France),וילבלווין (צרפת),239686984 | Q471870,beb 202507,skipped: no valid 034
987013553868005171,https://www.nli.org.il/he/authorities/987013553868005171,20250805-20250811,live,dms-missing-leading-zero,[] d=E13852 e=E13852 f=N502408 g=N502408,d=E0013852 e=E0013852 f=N0502408 g=N0502408,Verton (France),ורטון (צרפת),67144647643492852619 | Q1023874,beb 202507,skipped: no valid 034
987013553868105171,https://www.nli.org.il/he/authorities/987013553868105171,20250805-20250811,live,dms-missing-leading-zero,[] d=E35029 e=E35029 f=N490456 g=N490456,d=E0035029 e=E0035029 f=N0490456 g=N0490456,Venteuil (France),ונטאי (צרפת),240107922 | Q1103674,beb 202507,skipped: no valid 034
987013553868405171,https://www.nli.org.il/he/authorities/987013553868405171,20250805-20250811,live,dms-missing-leading-zero,[] d=E70119 e=E70119 f=N495319 g=N495319,d=E0070119 e=E0070119 f=N0495319 g=N0495319,Veldenz (Germany),ולדנץ (גרמניה),142698668 | Q569812,beb 202507,skipped: no valid 034
987013553868605171,https://www.nli.org.il/he/authorities/987013553868605171,20250805-20250811,live,dms-missing-leading-zero,[] d=E21124 e=E21124 f=N490550 g=N490550,d=E0021124 e=E0021124 f=N0490550 g=N0490550,Valmondois (France),ולמונדואה (צרפת),234707442 | Q258502,beb 202507,skipped: no valid 034
987013553868205171,https://www.nli.org.il/he/authorities/987013553868205171,20250805-20250811,live,dms-missing-leading-zero,[] d=E51743 e=E51743 f=N433218 g=N433218,d=E0051743 e=E0051743 f=N0433218 g=N0433218,Ventabren (France),ונטברן (צרפת),128761978 | Q843934,beb 202507,skipped: no valid 034
987013601733905171,https://www.nli.org.il/he/authorities/987013601733905171,20250826-20250901,live,dms-missing-leading-zero,[] d=E93550 e=E93550 f=N492913 g=N492913,d=E0093550 e=E0093550 f=N0492913 g=N0492913,Angeltürn (Germany),אנגלטורן (גרמניה),236159125 | Q61533517,beb 202508,skipped: no valid 034
987013603932805171,https://www.nli.org.il/he/authorities/987013603932805171,20250826-20250901,live,dms-missing-leading-zero,[] d=E05331 e=E05331 f=N481146 g=N481146,d=E0005331 e=E0005331 f=N0481146 g=N0481146,Authon-du-Perche (France),אותון-די-פרש (צרפת),Q864126,beb 202508,skipped: no valid 034
987013609373805171,https://www.nli.org.il/he/authorities/987013609373805171,20250826-20250901,live,dms-missing-leading-zero,[] d=E01524 e=E01524 f=N451617 g=N451617,d=E0001524 e=E0001524 f=N0451617 g=N0451617,Bourg-du-Bost (France),בורג-דו-בוסט (צרפת),247002837 | Q521224,beb 202508,skipped: no valid 034
987013609481505171,https://www.nli.org.il/he/authorities/987013609481505171,20250826-20250901,live,dms-missing-leading-zero,[geonames] d=E253818 e=E253818 f=N473859 g=N473859,d=E0253818 e=E0253818 f=N0473859 g=N0473859,"Dragoșa (Frumosu, Romania)","דראגוסה (פרומוסו, רומניה)",Q12102299,BMC 202508,skipped: no valid 034
987013609981305171,https://www.nli.org.il/he/authorities/987013609981305171,20250826-20250901,live,dms-missing-leading-zero,[] d=E25237 e=E25237 f=N491708 g=N491708,d=E0025237 e=E0025237 f=N0491708 g=N0491708,Bethancourt-en-Valois (France),בתנקור-אן-ולואה (צרפת),8888175417547404080007 | Q1098938,beb 202508,skipped: no valid 034
987013609374305171,https://www.nli.org.il/he/authorities/987013609374305171,20250826-20250901,live,dms-missing-leading-zero,[] d=E42203 e=E42203 f=N435747 g=N435747,d=E0042203 e=E0042203 f=N0435747 g=N0435747,"Blauzac (Gard, France)","בלוזק (גארד, צרפת)",80151302817948660404 | Q680610,beb 202508,skipped: no valid 034
987013609981405171,https://www.nli.org.il/he/authorities/987013609981405171,20250826-20250901,live,dms-missing-leading-zero,[] d=E25600 e=E25600 f=N453100 g=N453100,d=E0025600 e=E0025600 f=N0453100 g=N0453100,Besse-et-Saint-Anastaise (France),בסה-את-סן-אנסטז (צרפת),125144648614328314872 | Q326043,beb 202508,skipped: no valid 034
987013611879805171,https://www.nli.org.il/he/authorities/987013611879805171,20250826-20250901,live,dms-missing-leading-zero,[geonames] d=E72111 e=E72111 f=N532348 g=N532348,d=E0072111 e=E0072111 f=N0532348 g=N0532348,"Riepe (Ihlow, Lower Saxony, Germany)","ריפה (איהלוו, סקסוניה התחתונה, גרמניה)",239233566 | Q979861,BMC 202508,skipped: no valid 034
987013611881905171,https://www.nli.org.il/he/authorities/987013611881905171,20250826-20250901,live,dms-missing-leading-zero,[geonames] d=E220346 e=E220346 f=N495754 g=N495754,d=E0220346 e=E0220346 f=N0495754 g=N0495754,Kielnarowa (Poland),קיילנרובה (פולין),317278242 | Q6405271,BMC 202508,skipped: no valid 034
987013609374105171,https://www.nli.org.il/he/authorities/987013609374105171,20250826-20250901,live,dms-missing-leading-zero,[] d=E23522 e=E23522 f=N483143 g=N483143,d=E0023522 e=E0023522 f=N0483143 g=N0483143,Boissise-la-Bertrand (France),בואסיז-לה-ברטראן (צרפת),155107477 | Q243376,beb 202508,skipped: no valid 034
987013609374405171,https://www.nli.org.il/he/authorities/987013609374405171,20250826-20250901,live,dms-missing-leading-zero,[] d=E12846 e=E12846 f=N490253 g=N490253,d=E0012846 e=E0012846 f=N0490253 g=N0490253,"Blaru (Yvelines, France)","בלארו (איוולין, צרפת)",130496891 | Q83420,beb 202508,skipped: no valid 034
987013609376905171,https://www.nli.org.il/he/authorities/987013609376905171,20250826-20250901,live,dms-missing-leading-zero,[] d=E25410 e=E25410 f=N502502 g=N502502,d=E0025410 e=E0025410 f=N0502502 g=N0502502,Billy-Montigny (France),בילי-מונטיני (צרפת),239236158 | Q772803,beb 202508,skipped: no valid 034
987013609479605171,https://www.nli.org.il/he/authorities/987013609479605171,20250826-20250901,live,dms-missing-leading-zero,[geonames] d=E182235 e=E182235 f=N495159 g=N495159,d=E0182235 e=E0182235 f=N0495159 g=N0495159,Rychvald (Czech Republic),ריחוואלד (צ'כיה),Q1018854 | 6336170671829116650004,BMC 202508,skipped: no valid 034
987013609481705171,https://www.nli.org.il/he/authorities/987013609481705171,20250826-20250901,live,dms-missing-leading-zero,[geonames] d=E231754 e=E231754 f=N491054 g=N491054,d=E0231754 e=E0231754 f=N0491054 g=N0491054,Ribnik (Ukraine),ריבניק (אוקראינה),Q4401612,BMC 202508,skipped: no valid 034
987013609981105171,https://www.nli.org.il/he/authorities/987013609981105171,20250826-20250901,live,dms-missing-leading-zero,[] d=E24747 e=E24747 f=N491817 g=N491817,d=E0024747 e=E0024747 f=N0491817 g=N0491817,Bethisy-Saint-Pierre (France),בתיזי-סן-פייר (צרפת),40144648243611325195 | Q737451,beb 202508,skipped: no valid 034
987013609981505171,https://www.nli.org.il/he/authorities/987013609981505171,20250826-20250901,live,dms-missing-leading-zero,[] d=E24548 e=E24548 f=N464445 g=N464445,d=E0024548 e=E0024548 f=N0464445 g=N0464445,Bessais-le-Fromental (France),בסה-לה-פרומנטל (צרפת),547175417597604080001 | Q519446,beb 202508,skipped: no valid 034
987013609981705171,https://www.nli.org.il/he/authorities/987013609981705171,20250826-20250901,live,dms-missing-leading-zero,[] d=E23539 e=E23539 f=N490104 g=N490104,d=E0023539 e=E0023539 f=N0490104 g=N0490104,Le Mesnil-Amelot (France),לה מזניל-אמלו (צרפת),3144648127214648952 | Q271472,beb 202508,skipped: no valid 034
987013617669705171,https://www.nli.org.il/he/authorities/987013617669705171,20250902-20250908,live,dms-missing-leading-zero,[] d=E15226 e=E15226 f=N480147 g=N480147,d=E0015226 e=E0015226 f=N0480147 g=N0480147,"Chevilly (Loiret, France)","שביאי (לוארה, צרפת)",246356933 | Q131957,BEB 202508,skipped: no valid 034
987013617670005171,https://www.nli.org.il/he/authorities/987013617670005171,20250902-20250908,live,dms-missing-leading-zero,[] d=E63811 e=E63811 f=N462023 g=N462023,d=E0063811 e=E0063811 f=N0462023 g=N0462023,Chevenoz (France),שבנוז (צרפת),537175417620904080006 | Q823055,BEB 202508,skipped: no valid 034
987013617673605171,https://www.nli.org.il/he/authorities/987013617673605171,20250902-20250908,live,dms-missing-leading-zero,[] d=E65659 e=E65659 f=N482714 g=N482714,d=E0065659 e=E0065659 f=N0482714 g=N0482714,Celles-sur-Plaine (France),סל-סור-פלן (צרפת),171953696 | Q210727,BEB 202508,skipped: no valid 034
987013617674405171,https://www.nli.org.il/he/authorities/987013617674405171,20250902-20250908,live,dms-missing-leading-zero,[] d=E60425 e=E60425 f=N430542 g=N430542,d=E0060425 e=E0060425 f=N0430542 g=N0430542,Carqueiranne (France),קרקייראן (צרפת),233848851 | Q823062,BEB 202508,skipped: no valid 034
987013617676105171,https://www.nli.org.il/he/authorities/987013617676105171,20250902-20250908,live,dms-missing-leading-zero,[] d=E22038 e=E22038 f=N491847 g=N491847,d=E0022038 e=E0022038 f=N0491847 g=N0491847,"Bury (Oise, France)","בורי (אויס, צרפת)",1443159474350927662822 | Q1339412,BEB 202508,skipped: no valid 034
987013617079505171,https://www.nli.org.il/he/authorities/987013617079505171,20250902-20250908,live,dms-missing-leading-zero,[geonames] d=E201734 e=E201734 f=N542641 g=N542641,d=E0201734 e=E0201734 f=N0542641 g=N0542641,"Kornevo (Kaliningradskai︠a︡ oblastʹ, Russia)","קורנבו (מחוז קלינינגרד, רוסיה)",238143700 | Q991636,BMC 202508,skipped: no valid 034
987013617669005171,https://www.nli.org.il/he/authorities/987013617669005171,20250902-20250908,live,dms-missing-leading-zero,[] d=E53519 e=E53519 f=N434544 g=N434544,d=E0053519 e=E0053519 f=N0434544 g=N0434544,Grambois (France),גרמבווה (צרפת),243888523 | Q623883,BEB 202508,skipped: no valid 034
987013617669205171,https://www.nli.org.il/he/authorities/987013617669205171,20250902-20250908,live,dms-missing-leading-zero,[] d=E30946 e=E30946 f=N472629 g=N472629,d=E0030946 e=E0030946 f=N0472629 g=N0472629,Ciez (France),סייז (צרפת),9918175417596804080009 | Q691784,BEB 202508,skipped: no valid 034
987013617669405171,https://www.nli.org.il/he/authorities/987013617669405171,20250902-20250908,live,dms-missing-leading-zero,[] d=E25239 e=E25239 f=N492616 g=N492616,d=E0025239 e=E0025239 f=N0492616 g=N0492616,Choisy-au-Bac (France),שואזי-או-בק (צרפת),244293654 | Q741010,BEB 202508,skipped: no valid 034
987013617669605171,https://www.nli.org.il/he/authorities/987013617669605171,20250902-20250908,live,dms-missing-leading-zero,[] d=E55101 e=E55101 f=N454910 g=N454910,d=E0055101 e=E0055101 f=N0454910 g=N0454910,Chindrieux (France),שינדריאה (צרפת),88171591066803230008 | Q841386,BEB 202508,skipped: no valid 034
987013617670305171,https://www.nli.org.il/he/authorities/987013617670305171,20250902-20250908,live,dms-missing-leading-zero,[] d=E42022 e=E42022 f=N461226 g=N461226,d=E0042022 e=E0042022 f=N0461226 g=N0461226,Chauffailles (France),שופיי (צרפת),985159474330127662433 | Q750710,BEB 202508,skipped: no valid 034
987013617673805171,https://www.nli.org.il/he/authorities/987013617673805171,20250902-20250908,live,dms-missing-leading-zero,[] d=E00400 e=E00400 f=N482700 g=N482700,d=E0000400 e=E0000400 f=N0482700 g=N0482700,Damigny (France),דאמיני (צרפת),4579158491037211920005 | Q195473,BEB 202508,skipped: no valid 034
987013617674805171,https://www.nli.org.il/he/authorities/987013617674805171,20250902-20250908,live,dms-missing-leading-zero,[] d=E23322 e=E23322 f=N431113 g=N431113,d=E0023322 e=E0023322 f=N0431113 g=N0431113,Capendu (France),קאפנדו (צרפת),172548478 | Q649915,BEB 202508,skipped: no valid 034
987013617676505171,https://www.nli.org.il/he/authorities/987013617676505171,20250902-20250908,live,dms-missing-leading-zero,[] d=E52829 e=E52829 f=N475707 g=N475707,d=E0052829 e=E0052829 f=N0475707 g=N0475707,Bonnecourt (France),בונקור (צרפת),8893175417619104080001 | Q1102941,BEB 202508,skipped: no valid 034
987013617676705171,https://www.nli.org.il/he/authorities/987013617676705171,20250902-20250908,live,dms-missing-leading-zero,[] d=E50221 e=E50221 f=N455712 g=N455712,d=E0050221 e=E0050221 f=N0455712 g=N0455712,Birieux (France),בירייה (צרפת),1368175417574504080000 | Q838480,BEB 202508,skipped: no valid 034
987013617681105171,https://www.nli.org.il/he/authorities/987013617681105171,20250902-20250908,live,dms-missing-leading-zero,[] d=E60237 e=E60237 f=N491004 g=N491004,d=E0060237 e=E0060237 f=N0491004 g=N0491004,Amanvillers (France),אמאנווילר (צרפת),4591175417566504080004 | Q22114,beb 202508,skipped: no valid 034
987013617669105171,https://www.nli.org.il/he/authorities/987013617669105171,20250902-20250908,live,dms-missing-leading-zero,[] d=E14713 e=E14713 f=N481931 g=N481931,d=E0014713 e=E0014713 f=N0481931 g=N0481931,Louville-la-Chenard (France),לוביל-לה-שנאר (צרפת),238786899 | Q477175,BEB 202508,skipped: no valid 034
987013617676205171,https://www.nli.org.il/he/authorities/987013617676205171,20250902-20250908,live,dms-missing-leading-zero,[] d=E24337 e=E24337 f=N502638 g=N502638,d=E0024337 e=E0024337 f=N0502638 g=N0502638,Bully-les-Mines (France),בולי-לה-מין (צרפת),16144647638126012948 | Q516081,BEB 202508,skipped: no valid 034
987013617677105171,https://www.nli.org.il/he/authorities/987013617677105171,20250902-20250908,live,dms-missing-leading-zero,[] d=E21033 e=E21033 f=N431514 g=N431514,d=E0021033 e=E0021033 f=N0431514 g=N0431514,"Alzonne (Aude, France)","אלזון (אוד, צרפת)",173423603 | Q196492,BEB 202508,skipped: no valid 034
987013617678005171,https://www.nli.org.il/he/authorities/987013617678005171,20250902-20250908,live,dms-missing-leading-zero,[] d=E23710 e=E23710 f=N502709 g=N502709,d=E0023710 e=E0023710 f=N0502709 g=N0502709,Barlin (France),בארלן (צרפת),296182572 | Q321965,BEB 202508,skipped: no valid 034
987013617672305171,https://www.nli.org.il/he/authorities/987013617672305171,20250902-20250908,live,dms-missing-leading-zero,[] d=E52246 e=E52246 f=N474241 g=N474241,d=E0052246 e=E0052246 f=N0474241 g=N0474241,"Chassigny (Haute-Marne, France)","שאסיני (הוט-מארן, צרפת)",22144648206594203522 | Q851390,BEB 202508,skipped: no valid 034
987013617672405171,https://www.nli.org.il/he/authorities/987013617672405171,20250902-20250908,live,dms-missing-leading-zero,[] d=E24203 e=E24203 f=N482917 g=N482917,d=E0024203 e=E0024203 f=N0482917 g=N0482917,Chartrettes (France),שארטרט (צרפת),75145542384596640701 | Q271985,BEB 202508,skipped: no valid 034
987013617672605171,https://www.nli.org.il/he/authorities/987013617672605171,20250902-20250908,live,dms-missing-leading-zero,[] d=E41023 e=E41023 f=N482427 g=N482427,d=E0041023 e=E0041023 f=N0482427 g=N0482427,Charmont-sous-Barbuise (France),שרמון-סו-ברבויז (צרפת),248091826 | Q548217,BEB 202508,skipped: no valid 034
987013617673905171,https://www.nli.org.il/he/authorities/987013617673905171,20250902-20250908,live,dms-missing-leading-zero,[] d=E24416 e=E24416 f=N480253 g=N480253,d=E0024416 e=E0024416 f=N0480253 g=N0480253,Cepoy (France),ספואה (צרפת),8892157226608485410008 | Q947185,BEB 202508,skipped: no valid 034
987013617674505171,https://www.nli.org.il/he/authorities/987013617674505171,20250902-20250908,live,dms-missing-leading-zero,[] d=W03006 e=W03006 f=N445342 g=N445342,d=W0003006 e=W0003006 f=N0445342 g=N0445342,Carbon-Blanc,קרבון-בלאן,2043171935876716040003 | Q452472,BEB 202508,skipped: no valid 034
987013617676805171,https://www.nli.org.il/he/authorities/987013617676805171,20250902-20250908,live,dms-missing-leading-zero,[] d=E22435 e=E22435 f=N505744 g=N505744,d=E0022435 e=E0022435 f=N0505744 g=N0505744,"Bierne (Nord, France)","ביירן (נור, צרפת)",61144647645491100512 | Q888374,BEB 202508,skipped: no valid 034
987013617677605171,https://www.nli.org.il/he/authorities/987013617677605171,20250902-20250908,live,dms-missing-leading-zero,[] d=E02956 e=E02956 f=N491349 g=N491349,d=E0002956 e=E0002956 f=N0491349 g=N0491349,Lieurey (France),ליוריי (צרפת),2876175417528204080001 | Q625434,BEB 202508,skipped: no valid 034
987013617669305171,https://www.nli.org.il/he/authorities/987013617669305171,20250902-20250908,live,dms-missing-leading-zero,[] d=E25758 e=E25758 f=N480010 g=N480010,d=E0025758 e=E0025758 f=N0480010 g=N0480010,Chuelles (France),שואל (צרפת),83175417561104080005 | Q1167893,BEB 202508,skipped: no valid 034
987013617669505171,https://www.nli.org.il/he/authorities/987013617669505171,20250902-20250908,live,dms-missing-leading-zero,[] d=E12217 e=E12217 f=N472951 g=N472951,d=E0012217 e=E0012217 f=N0472951 g=N0472951,Chitenay (France),שיטנה (צרפת),71144647647276569743 | Q1135543,BEB 202508,skipped: no valid 034
987013617670105171,https://www.nli.org.il/he/authorities/987013617670105171,20250902-20250908,live,dms-missing-leading-zero,[] d=W01836 e=W01836 f=N451527 g=N451527,d=W0001836 e=W0001836 f=N0451527 g=N0451527,Chepniers (France),שפנייה (צרפת),1692175417563004080007 | Q1078739,BEB 202508,skipped: no valid 034
987013617672205171,https://www.nli.org.il/he/authorities/987013617672205171,20250902-20250908,live,dms-missing-leading-zero,[] d=E70201 e=E70201 f=N482140 g=N482140,d=E0070201 e=E0070201 f=N0482140 g=N0482140,Chatas (France),שטה (צרפת),8604175417618804080007 | Q1095746,BEB 202508,skipped: no valid 034
987013617673505171,https://www.nli.org.il/he/authorities/987013617673505171,20250902-20250908,live,dms-missing-leading-zero,[] d=E50052 e=E50052 f=N445354 g=N445354,d=E0050052 e=E0050052 f=N0445354 g=N0445354,Chabeuil (France),שאביי (צרפת),247832062 | Q844850,BEB 202508,skipped: no valid 034
987013617674705171,https://www.nli.org.il/he/authorities/987013617674705171,20250902-20250908,live,dms-missing-leading-zero,[] d=W01952 e=W01952 f=N444240 g=N444240,d=W0001952 e=W0001952 f=N0444240 g=N0444240,Capian (France),קאפיאן (צרפת),9328175417572004080002 | Q327253,BEB 202508,skipped: no valid 034
987013617675105171,https://www.nli.org.il/he/authorities/987013617675105171,20250902-20250908,live,dms-missing-leading-zero,[] d=E64510 e=E64510 f=N433720 g=N433720,d=E0064510 e=E0064510 f=N0433720 g=N0433720,"Callian (Var, France)","קליאן (ואר, צרפת)",353144783150113435879 | Q817728,BEB 202508,skipped: no valid 034
987013617677405171,https://www.nli.org.il/he/authorities/987013617677405171,20250902-20250908,live,dms-missing-leading-zero,[] d=E15950 e=E15950 f=N492213 g=N492213,d=E0015950 e=E0015950 f=N0492213 g=N0492213,Auneuil (France),אוניי (צרפת),4322175417566104080009 | Q28211277,BEB 202508,skipped: no valid 034
987013617678205171,https://www.nli.org.il/he/authorities/987013617678205171,20250902-20250908,live,dms-missing-leading-zero,[] d=E62426 e=E62426 f=N485537 g=N485537,d=E0062426 e=E0062426 f=N0485537 g=N0485537,Bacourt (France),בקור (צרפת),6348175417616304080000 | Q21634,BEB 202508,skipped: no valid 034
987013617679305171,https://www.nli.org.il/he/authorities/987013617679305171,20250902-20250908,live,dms-missing-leading-zero,[] d=E53510 e=E53510 f=N470805 g=N470805,d=E0053510 e=E0053510 f=N0470805 g=N0470805,Audelange (France),אודלנג' (צרפת),1685175417610904080008 | Q633726,BEB 202508,skipped: no valid 034
987013617680105171,https://www.nli.org.il/he/authorities/987013617680105171,20250902-20250908,live,dms-missing-leading-zero,[] d=E62926 e=E62926 f=N484257 g=N484257,d=E0062926 e=E0062926 f=N0484257 g=N0484257,Athienville (France),אתיינוויל (צרפת),1295159474161827660697 | Q473027,BEB 202508,skipped: no valid 034
987013617680805171,https://www.nli.org.il/he/authorities/987013617680805171,20250902-20250908,live,dms-missing-leading-zero,[] d=E33249 e=E33249 f=N472733 g=N472733,d=E0033249 e=E0033249 f=N0472733 g=N0472733,Armes (France),ארם (צרפת),4011175417553704080002 | Q4956,beb 202508,skipped: no valid 034
987013617681505171,https://www.nli.org.il/he/authorities/987013617681505171,20250902-20250908,live,dms-missing-leading-zero,[] d=E13035 e=E13035 f=N481015 g=N481015,d=E0013035 e=E0013035 f=N0481015 g=N0481015,"Bullainville (Eure-et-Loir, France)","בולנוויל (אר ולואר, צרפת)",3827175417613504080000 | Q1343969,beb 202508,skipped: no valid 034
987013617681905171,https://www.nli.org.il/he/authorities/987013617681905171,20250902-20250908,live,dms-missing-leading-zero,[] d=E61344 e=E61344 f=N464418 g=N464418,d=E0061344 e=E0061344 f=N0464418 g=N0464418,Brey-et-Maison-du-Bois (France),בריי-א-מזון-די-בואה (צרפת),5728175417531504080006 | Q838857,beb 202508,skipped: no valid 034
987013617081505171,https://www.nli.org.il/he/authorities/987013617081505171,20250902-20250908,live,dms-missing-leading-zero,[geonames] d=E155537 e=E155537 f=N483149 g=N483149,d=E0155537 e=E0155537 f=N0483149 g=N0483149,Ziersdorf (Austria),צירסדורף (אוסטריה),242268434 | Q199201,BMC 202508,skipped: no valid 034
987013617669905171,https://www.nli.org.il/he/authorities/987013617669905171,20250902-20250908,live,dms-missing-leading-zero,[] d=E50751 e=E50751 f=N483143 g=N483143,d=E0050751 e=E0050751 f=N0483143 g=N0483143,"Chevillon (Haute-Marne, France)","שבייו (הוט-מארן, צרפת)",240085031 | Q750549,BEB 202508,skipped: no valid 034
987013617672905171,https://www.nli.org.il/he/authorities/987013617672905171,20250902-20250908,live,dms-missing-leading-zero,[] d=E03051 e=E03051 f=N474430 g=N474430,d=E0003051 e=E0003051 f=N0474430 g=N0474430,Chahaignes (France),שאהניין (צרפת),6506175417532404080000 | Q1224415,BEB 202508,skipped: no valid 034
987013617674105171,https://www.nli.org.il/he/authorities/987013617674105171,20250902-20250908,live,dms-missing-leading-zero,[] d=E12011 e=E12011 f=N443323 g=N443323,d=E0012011 e=E0012011 f=N0443323 g=N0443323,Catus (France),קטוס (צרפת),9042154076012411860008 | Q1381814,BEB 202508,skipped: no valid 034
987013617676405171,https://www.nli.org.il/he/authorities/987013617676405171,20250902-20250908,live,dms-missing-leading-zero,[] d=E05813 e=E05813 f=N480109 g=N480109,d=E0005813 e=E0005813 f=N0480109 g=N0480109,Boursay (France),בורסה (צרפת),64148570479824310312 | Q1135595,BEB 202508,skipped: no valid 034
987013617677905171,https://www.nli.org.il/he/authorities/987013617677905171,20250902-20250908,live,dms-missing-leading-zero,[] d=E24350 e=E24350 f=N491023 g=N491023,d=E0024350 e=E0024350 f=N0491023 g=N0491023,"Baron (Oise, France)","ברון (אויס, צרפת)",63171395345830520176 | Q1346788,BEB 202508,skipped: no valid 034
987013617681705171,https://www.nli.org.il/he/authorities/987013617681705171,20250902-20250908,live,dms-missing-leading-zero,[] d=E55320 e=E55320 f=N454328 g=N454328,d=E0055320 e=E0055320 f=N0454328 g=N0454328,Brison-Saint-Innocent (France),בריזון-סן-אינוסן (צרפת),5150746797516300075 | Q736219,beb 202508,skipped: no valid 034
987013617069005171,https://www.nli.org.il/he/authorities/987013617069005171,20250909-20250915,live,dms-missing-leading-zero,[geonames] d=E224151 e=E224151 f=N495813 g=N495813,d=E0224151 e=E0224151 f=N0495813 g=N0495813,"Morawsko (Województwo Podkarpackie, Poland)","מורבסקו (מחוז התת-קרפטיים, פולין)",Q3044750,BMC 202509,skipped: no valid 034
987013617653005171,https://www.nli.org.il/he/authorities/987013617653005171,20250909-20250915,live,dms-missing-leading-zero,[] d=E53730 e=E53730 f=N444936 g=N444936,d=E0053730 e=E0053730 f=N0444936 g=N0444936,Clelles (France),קלל (צרפת),829144783198883486397 | Q1011535,BEB 202509,skipped: no valid 034
987013617653205171,https://www.nli.org.il/he/authorities/987013617653205171,20250909-20250915,live,dms-missing-leading-zero,[] d=E25047 e=E25047 f=N492634 g=N492634,d=E0025047 e=E0025047 f=N0492634 g=N0492634,Clairoix (France),קלרואה (צרפת),246987374 | Q669796,BEB 202509,skipped: no valid 034
987013617652305171,https://www.nli.org.il/he/authorities/987013617652305171,20250909-20250915,live,dms-missing-leading-zero,[] d=E21218 e=E21218 f=N485816 g=N485816,d=E0021218 e=E0021218 f=N0485816 g=N0485816,Cormeilles-en-Parisis (France),קורמיי-אן-פריזי (צרפת),122699676 | Q841957,BEB 202509,skipped: no valid 034
987013617652405171,https://www.nli.org.il/he/authorities/987013617652405171,20250909-20250915,live,dms-missing-leading-zero,[] d=E62043 e=E62043 f=N492711 g=N492711,d=E0062043 e=E0062043 f=N0492711 g=N0492711,Contz-les-Bains (France),קונץ-לה-בן (צרפת),244731451 | Q21681,BEB 202509,skipped: no valid 034
987013617653105171,https://www.nli.org.il/he/authorities/987013617653105171,20250909-20250915,live,dms-missing-leading-zero,[] d=E55300 e=E55300 f=N460300 g=N460300,d=E0055300 e=E0055300 f=N0460300 g=N0460300,Clarafond-Arcine (France),קלראפונד-ארסין (צרפת),125144647648907114792 | Q636267,BEB 202509,skipped: no valid 034
987013617064205171,https://www.nli.org.il/he/authorities/987013617064205171,20250923-20250929,live,dms-missing-leading-zero,[geonames] d=E165309 e=E165309 f=N483038 g=N483038,d=E0165309 e=E0165309 f=N0483038 g=N0483038,"Sierndorf an der March (Jedenspeigen, Austria)","זירנדורף אן דר מארך (יידנשפייגן, אוסטריה)",Q87071072,BMC 202509,skipped: no valid 034
987013617064305171,https://www.nli.org.il/he/authorities/987013617064305171,20250923-20250929,live,dms-missing-leading-zero,[geonames] d=E205546 e=E205546 f=N500806 g=N500806,d=E0205546 e=E0205546 f=N0500806 g=N0500806,Sieradza (Poland),שייראדזה (פולין),Q7511175,BMC 202509,skipped: no valid 034
987013624129905171,https://www.nli.org.il/he/authorities/987013624129905171,20250923-20250929,live,dms-missing-leading-zero,[] d=E40233 e=E40233 f=N460238 g=N460238,d=E0040233 e=E0040233 f=N0460238 g=N0460238,Riorges (France),ריורז' (צרפת),304650995 | Q1107304,BEB 202509,skipped: no valid 034
987013624130805171,https://www.nli.org.il/he/authorities/987013624130805171,20250923-20250929,live,dms-missing-leading-zero,[] d=E12454 e=E12454 f=N490954 g=N490954,d=E0012454 e=E0012454 f=N0490954 g=N0490954,Port-Mort (France),פור-מור (צרפת),4672175417566604080001 | Q613509,BEB 202509,skipped: no valid 034
987013624131505171,https://www.nli.org.il/he/authorities/987013624131505171,20250923-20250929,live,dms-missing-leading-zero,[] d=E12227 e=E12227 f=N492544 g=N492544,d=E0012227 e=E0012227 f=N0492544 g=N0492544,Perruel (France),פרואל (צרפת),119151050020833410446 | Q546293,BEB 202509,skipped: no valid 034
987013624138005171,https://www.nli.org.il/he/authorities/987013624138005171,20250923-20250929,live,dms-missing-leading-zero,[] d=E62451 e=E62451 f=N462029 g=N462029,d=E0062451 e=E0062451 f=N0462029 g=N0462029,Margencel (France),מרגנסל (צרפת),9889175417620204080002 | Q829318,BEB 202509,skipped: no valid 034
987013624138605171,https://www.nli.org.il/he/authorities/987013624138605171,20250923-20250929,live,dms-missing-leading-zero,[] d=W05307 e=W05307 f=N442901 g=N442901,d=W0005307 e=W0005307 f=N0442901 g=N0442901,Lugos (France),לוגוס (צרפת),133463225 | Q384220,BEB 202509,skipped: no valid 034
987013624139505171,https://www.nli.org.il/he/authorities/987013624139505171,20250923-20250929,live,dms-missing-leading-zero,[] d=E13202 e=E13202 f=N483858 g=N483858,d=E0013202 e=E0013202 f=N0483858 g=N0483858,Lormaye (France),לורמיי (צרפת),65148570678724311957 | Q1139320,BEB 202509,skipped: no valid 034
987013624140605171,https://www.nli.org.il/he/authorities/987013624140605171,20250923-20250929,live,dms-missing-leading-zero,[] d=E01055 e=E01055 f=N490533 g=N490533,d=E0001055 e=E0001055 f=N0490533 g=N0490533,Le Mesnil Eudes (France),לה-מניל-אד (צרפת),3230175417624404080007 | Q726796,BEB 202509,skipped: no valid 034
987013624140905171,https://www.nli.org.il/he/authorities/987013624140905171,20250923-20250929,live,dms-missing-leading-zero,[] d=E70847 e=E70847 f=N475628 g=N475628,d=E0070847 e=E0070847 f=N0475628 g=N0475628,Lautenbachzell (France),לאוטנבשצל (צרפת),83148570689424311853 | Q124133,BEB 202509,skipped: no valid 034
987013624141305171,https://www.nli.org.il/he/authorities/987013624141305171,20250923-20250929,live,dms-missing-leading-zero,[] d=E41044 e=E41044 f=N472252 g=N472252,d=E0041044 e=E0041044 f=N0472252 g=N0472252,La Roche-en-Brenil (France),לה רוש-אן-ברניל (צרפת),2056156565747023500008 | Q861048,BEB 202509,skipped: no valid 034
987013624143405171,https://www.nli.org.il/he/authorities/987013624143405171,20250923-20250929,live,dms-missing-leading-zero,[] d=E53815 e=E53815 f=N443310 g=N443310,d=E0053815 e=E0053815 f=N0443310 g=N0443310,"La Beaume (Hautes-Alpes, France)","לה בום (הוט אלפ, צרפת)",Q471524,BEB 202509,skipped: no valid 034
987013624147005171,https://www.nli.org.il/he/authorities/987013624147005171,20250923-20250929,live,dms-missing-leading-zero,[] d=E12122 e=E12122 f=N492142 g=N492142,d=E0012122 e=E0012122 f=N0492142 g=N0492142,Fleury-sur-Andelle (France),פלרי-סור-אנדל (צרפת),14144647637908955779 | Q1011558,BEB 202509,skipped: no valid 034
987013624148805171,https://www.nli.org.il/he/authorities/987013624148805171,20250923-20250929,live,dms-missing-leading-zero,[] d=E12742 e=E12742 f=N450141 g=N450141,d=E0012742 e=E0012742 f=N0450141 g=N0450141,Estivals (France),אסטיבל (צרפת),5370175417579304080003 | Q1016526,BEB 202509,skipped: no valid 034
987013624149305171,https://www.nli.org.il/he/authorities/987013624149305171,20250923-20250929,live,dms-missing-leading-zero,[] d=E70709 e=E70709 f=N473749 g=N473749,d=E0070709 e=E0070709 f=N0473749 g=N0473749,"Dannemarie (Haut-Rhin, France)","דנמרי (ריין עילי, צרפת)",2245148574262224430002 | Q382438,BEB 202509,skipped: no valid 034
987013624149405171,https://www.nli.org.il/he/authorities/987013624149405171,20250923-20250929,live,dms-missing-leading-zero,[] d=E52404 e=E52404 f=N492037 g=N492037,d=E0052404 e=E0052404 f=N0492037 g=N0492037,Damvillers (France),דמווילר (צרפת),234795493 | Q195737,BEB 202509,skipped: no valid 034
987013624149805171,https://www.nli.org.il/he/authorities/987013624149805171,20250923-20250929,live,dms-missing-leading-zero,[] d=E24430 e=E24430 f=N483544 g=N483544,d=E0024430 e=E0024430 f=N0483544 g=N0483544,Crisenoy (France),קריזנואה (צרפת),50144647632660756156 | Q1422228,BEB 202509,skipped: no valid 034
987013711496805171,https://www.nli.org.il/he/authorities/987013711496805171,20250923-20250929,live,dms-missing-leading-zero,[] d=E134620 e=E134620 f=N423539 g=N423539,d=E0134620 e=E0134620 f=N0423539 g=N0423539,Penna Sant'Andrea (Italy),פנה סנטאנדראה (איטליה),27160789779502682262 | Q51459,BEB 202509,skipped: no valid 034
987013711499005171,https://www.nli.org.il/he/authorities/987013711499005171,20250923-20250929,live,dms-missing-leading-zero,[] d=E145004 e=E145004 f=N412149 g=N412149,d=E0145004 e=E0145004 f=N0412149 g=N0412149,Colle Sannita (Italy),קולה סניטה (איטליה),236606876 | Q55896,BEB 202509,skipped: no valid 034
987013711499905171,https://www.nli.org.il/he/authorities/987013711499905171,20250923-20250929,live,dms-missing-leading-zero,[] d=E142123 e=E142123 f=N421156 g=N421156,d=E0142123 e=E0142123 f=N0421156 g=N0421156,Castel Frentano (Italy),קסטל פרנטאנו (איטליה),236123994 | Q51200,BEB 202509,skipped: no valid 034
987013711500005171,https://www.nli.org.il/he/authorities/987013711500005171,20250923-20250929,live,dms-missing-leading-zero,[] d=E90720 e=E90720 f=N455218 g=N455218,d=E0090720 e=E0090720 f=N0455218 g=N0455218,Carate Urio (Italy),קרטה אוריו (איטליה),248343830 | Q244231,BEB 202509,skipped: no valid 034
987013711500105171,https://www.nli.org.il/he/authorities/987013711500105171,20250923-20250929,live,dms-missing-leading-zero,[] d=E140017 e=E140017 f=N420921 g=N420921,d=E0140017 e=E0140017 f=N0420921 g=N0420921,Caramanico Terme (Italy),קרמניקו טרמה (איטליה),246997707 | Q51350,BEB 202509,skipped: no valid 034
987013711500305171,https://www.nli.org.il/he/authorities/987013711500305171,20250923-20250929,live,dms-missing-leading-zero,[] d=E155529 e=E155529 f=N404350 g=N404350,d=E0155529 e=E0155529 f=N0404350 g=N0404350,"Cancellara (Potenza, Italy)","קנצ'לרה (פוטנצה, איטליה)",308730063 | Q52548,BEB 202509,skipped: no valid 034
987013711502005171,https://www.nli.org.il/he/authorities/987013711502005171,20250923-20250929,live,dms-missing-leading-zero,[] d=E24737 e=E24737 f=N484857 g=N484857,d=E0024737 e=E0024737 f=N0484857 g=N0484857,Villeneuve-Saint-Denis (France),וילנב-סן-דני (צרפת),139089990 | Q1455948,BEB 202509,skipped: no valid 034
987013711503105171,https://www.nli.org.il/he/authorities/987013711503105171,20250923-20250929,live,dms-missing-leading-zero,[] d=E24159 e=E24159 f=N483913 g=N483913,d=E0024159 e=E0024159 f=N0483913 g=N0483913,Soignolles-en-Brie (France),סוניול-אן-ברי (צרפת),157107736 | Q899615,BEB 202509,skipped: no valid 034
987013711503605171,https://www.nli.org.il/he/authorities/987013711503605171,20250923-20250929,live,dms-missing-leading-zero,[] d=E54112 e=E54112 f=N450944 g=N450944,d=E0054112 e=E0054112 f=N0450944 g=N0450944,Seyssins (France),סייסן (צרפת),147213555 | Q594785,BEB 202509,skipped: no valid 034
987013711503805171,https://www.nli.org.il/he/authorities/987013711503805171,20250923-20250929,live,dms-missing-leading-zero,[] d=E32336 e=E32336 f=N460315 g=N460315,d=E0032336 e=E0032336 f=N0460315 g=N0460315,Saint-Sylvestre-Pragoulin (France),סן-סילבסטר-פראגולין (צרפת),9186175417595904080002 | Q744225,BEB 202509,skipped: no valid 034
987013711504505171,https://www.nli.org.il/he/authorities/987013711504505171,20250923-20250929,live,dms-missing-leading-zero,[] d=E54259 e=E54259 f=N451211 g=N451211,d=E0054259 e=E0054259 f=N0451211 g=N0451211,Saint-Martin-le-Vinoux (France),סן-מרטן-לה-וינו (צרפת),95144648445080947459 | Q687967,BEB 202509,skipped: no valid 034
987013711505205171,https://www.nli.org.il/he/authorities/987013711505205171,20250923-20250929,live,dms-missing-leading-zero,[] d=E42752 e=E42752 f=N491018 g=N491018,d=E0042752 e=E0042752 f=N0491018 g=N0491018,"Saint-Hilaire-le-Grand (Marne, France)","סן-אילר-לה-גרן (מארן, צרפת)",254021714 | Q746144,BEB 202509,skipped: no valid 034
987013711805205171,https://www.nli.org.il/he/authorities/987013711805205171,20250923-20250929,live,dms-missing-leading-zero,[geonames] d=E221359 e=E221359 f=N493311 g=N493311,d=E0221359 e=E0221359 f=N0493311 g=N0493311,"Olchowce (Sanok, Poland)","אולחובצה (סאנוק, פולין)",Q11797670,BMC 202509,skipped: no valid 034
987013719058405171,https://www.nli.org.il/he/authorities/987013719058405171,20250923-20250929,live,dms-missing-leading-zero,[] d=E115426 e=E115426 f=N424111 g=N424111,d=E0115426 e=E0115426 f=N0424111 g=N0424111,San Lorenzo Nuovo (Italy),סן לורנצו נובו (איטליה),236625930 | Q177713,BEB 202509,skipped: no valid 034
987013624134305171,https://www.nli.org.il/he/authorities/987013624134305171,20250923-20250929,live,dms-missing-leading-zero,[] d=E53637 e=E53637 f=N482304 g=N482304,d=E0053637 e=E0053637 f=N0482304 g=N0482304,Midrevaux (France),מידרוו (צרפת),3090175417528404080002 | Q1157803,BEB 202509,skipped: no valid 034
987013624139605171,https://www.nli.org.il/he/authorities/987013624139605171,20250923-20250929,live,dms-missing-leading-zero,[] d=W01918 e=W01918 f=N491801 g=N491801,d=W0001918 e=W0001918 f=N0491801 g=N0491801,Lion-sur-Mer (France),ליון-סור-מר (צרפת),245408459 | Q366420,BEB 202509,skipped: no valid 034
987013624140705171,https://www.nli.org.il/he/authorities/987013624140705171,20250923-20250929,live,dms-missing-leading-zero,[] d=E61150 e=E61150 f=N484457 g=N484457,d=E0061150 e=E0061150 f=N0484457 g=N0484457,Lay-Saint-Christophe (France),לה-סן-כריסטוף (צרפת),7973148574326824430006 | Q785359,BEB 202509,skipped: no valid 034
987013624141105171,https://www.nli.org.il/he/authorities/987013624141105171,20250923-20250929,live,dms-missing-leading-zero,[] d=E22649 e=E22649 f=N490945 g=N490945,d=E0022649 e=E0022649 f=N0490945 g=N0490945,Lamorlaye (France),למורלאי (צרפת),158058901 | Q752093,BEB 202509,skipped: no valid 034
987013624143305171,https://www.nli.org.il/he/authorities/987013624143305171,20250923-20250929,live,dms-missing-leading-zero,[] d=E10259 e=E10259 f=N481628 g=N481628,d=E0010259 e=E0010259 f=N0481628 g=N0481628,La Croix-du-Perche (France),לה קרואה-דו-פרש (צרפת),837175417562004080009 | Q1070456,BEB 202509,skipped: no valid 034
987013624143705171,https://www.nli.org.il/he/authorities/987013624143705171,20250923-20250929,live,dms-missing-leading-zero,[] d=E03338 e=E03338 f=N453411 g=N453411,d=E0003338 e=E0003338 f=N0453411 g=N0453411,Javerlhac-et-la-Chapelle-Saint-Robert (France),ז'ברלאק-אה-לה-שפל-סן-רוברט (צרפת),2878175417588404080006 | Q191308,BEB 202509,skipped: no valid 034
987013624143905171,https://www.nli.org.il/he/authorities/987013624143905171,20250923-20250929,live,dms-missing-leading-zero,[] d=E73428 e=E73428 f=N482948 g=N482948,d=E0073428 e=E0073428 f=N0482948 g=N0482948,Innenheim (France),איננהיים (צרפת),278154440228535342550 | Q21318,BEB 202509,skipped: no valid 034
987013624145805171,https://www.nli.org.il/he/authorities/987013624145805171,20250923-20250929,live,dms-missing-leading-zero,[] d=E93027 e=E93027 f=N422645 g=N422645,d=E0093027 e=E0093027 f=N0422645 g=N0422645,Folelli (France),פוללי (צרפת),,BEB 202509,skipped: no valid 034
987013624146805171,https://www.nli.org.il/he/authorities/987013624146805171,20250923-20250929,live,dms-missing-leading-zero,[] d=E63051 e=E63051 f=N454905 g=N454905,d=E0063051 e=E0063051 f=N0454905 g=N0454905,Flumet (France),פלומה (צרפת),245869127 | Q899735,BEB 202509,skipped: no valid 034
987013624149605171,https://www.nli.org.il/he/authorities/987013624149605171,20250923-20250929,live,dms-missing-leading-zero,[] d=E32130 e=E32130 f=N492410 g=N492410,d=E0032130 e=E0032130 f=N0492410 g=N0492410,Crouy (France),קרואי (צרפת),235135039 | Q847293,BEB 202509,skipped: no valid 034
987013624150205171,https://www.nli.org.il/he/authorities/987013624150205171,20250923-20250929,live,dms-missing-leading-zero,[] d=E14130 e=E14130 f=N451238 g=N451238,d=E0014130 e=E0014130 f=N0451238 g=N0451238,Cornil (France),קורניל (צרפת),167148570488224310534 | Q180500,BEB 202509,skipped: no valid 034
987013711496705171,https://www.nli.org.il/he/authorities/987013711496705171,20250923-20250929,live,dms-missing-leading-zero,[] d=E131756 e=E131756 f=N422610 g=N422610,d=E0131756 e=E0131756 f=N0422610 g=N0422610,"Pizzoli (L'Aquila, Italy)","פיצולי (ל'אקווילה, איטליה)",235267096 | Q50125,BEB 202509,skipped: no valid 034
987013711497205171,https://www.nli.org.il/he/authorities/987013711497205171,20250923-20250929,live,dms-missing-leading-zero,[] d=E80646 e=E80646 f=N450025 g=N450025,d=E0080646 e=E0080646 f=N0450025 g=N0450025,Montechiaro d'Asti (Italy),מונטקיארו דאסטי (איטליה),240098661 | Q17833,BEB 202509,skipped: no valid 034
987013711501805171,https://www.nli.org.il/he/authorities/987013711501805171,20250923-20250929,live,dms-missing-leading-zero,[] d=E153716 e=E153716 f=N401607 g=N401607,d=E0153716 e=E0153716 f=N0401607 g=N0401607,Buonabitacolo (Italy),בואנביטקולו (איטליה),167159474192327661965 | Q80685,BEB 202509,skipped: no valid 034
987013711502805171,https://www.nli.org.il/he/authorities/987013711502805171,20250923-20250929,live,dms-missing-leading-zero,[] d=E41158 e=E41158 f=N484416 g=N484416,d=E0041158 e=E0041158 f=N0484416 g=N0484416,Sommesous (France),סומסו (צרפת),5450175417579404080008 | Q1219882,BEB 202509,skipped: no valid 034
987013711504205171,https://www.nli.org.il/he/authorities/987013711504205171,20250923-20250929,live,dms-missing-leading-zero,[] d=E63729 e=E63729 f=N462246 g=N462246,d=E0063729 e=E0063729 f=N0462246 g=N0462246,Saint-Paul-en-Chablais (France),סן-פול-אן-שאבלה (צרפת),4144648128557393911 | Q848683,BEB 202509,skipped: no valid 034
987013719057805171,https://www.nli.org.il/he/authorities/987013719057805171,20250923-20250929,live,dms-missing-leading-zero,[] d=E102638 e=E102638 f=N445045 g=N445045,d=E0102638 e=E0102638 f=N0445045 g=N0445045,Sorbolo (Italy),סורבולו (איטליה),6633149844965502960000,BEB 202509,skipped: no valid 034
987013719058305171,https://www.nli.org.il/he/authorities/987013719058305171,20250923-20250929,live,dms-missing-leading-zero,[] d=E132946 e=E132946 f=N430111 g=N430111,d=E0132946 e=E0132946 f=N0430111 g=N0430111,Santa Vittoria in Matenano (Italy),סנטה ויטוריה אין מטננו (איטליה),234773025 | Q59296,BEB 202509,skipped: no valid 034
987013719058605171,https://www.nli.org.il/he/authorities/987013719058605171,20250923-20250929,live,dms-missing-leading-zero,[] d=E101306 e=E101306 f=N450028 g=N450028,d=E0101306 e=E0101306 f=N0450028 g=N0450028,Roccabianca (Italy),רוקביאנקה (איטליה),240560465 | Q100902,BEB 202509,skipped: no valid 034
987013721054305171,https://www.nli.org.il/he/authorities/987013721054305171,20250923-20250929,live,dms-missing-leading-zero,[geonames] d=E173838 e=E173838 f=N481807 g=N481807,d=E0173838 e=E0173838 f=N0481807 g=N0481807,Opoj (Slovakia),אופוי (סלובקיה),247844980 | Q373574,BMC 202509,skipped: no valid 034
987013721054505171,https://www.nli.org.il/he/authorities/987013721054505171,20250923-20250929,live,dms-missing-leading-zero,[geonames] d=E234257 e=E234257 f=N511717 g=N511717,d=E0234257 e=E0234257 f=N0511717 g=N0511717,"Vyshnivka (Kovelʹsʹkyĭ raĭon, Ukraine)","וישניבקה (מחוז קובלסקי, אוקראינה)",Q4112694,BMC 202509,skipped: no valid 034
987013624130405171,https://www.nli.org.il/he/authorities/987013624130405171,20250923-20250929,live,dms-missing-leading-zero,[] d=E40214 e=E40214 f=N501702 g=N501702,d=E0040214 e=E0040214 f=N0501702 g=N0501702,Recquignies (France),רקיני (צרפת),932175417550004080006 | Q548069,BEB 202509,skipped: no valid 034
987013624131405171,https://www.nli.org.il/he/authorities/987013624131405171,20250923-20250929,live,dms-missing-leading-zero,[] d=W30155 e=W30155 f=N484801 g=N484801,d=W0030155 e=W0030155 f=N0484801 g=N0484801,Ploubazlanec (France),פלובזלנק (צרפת),248258387 | Q783528,BEB 202509,skipped: no valid 034
987013624132405171,https://www.nli.org.il/he/authorities/987013624132405171,20250923-20250929,live,dms-missing-leading-zero,[] d=E75453 e=E75453 f=N484245 g=N484245,d=E0075453 e=E0075453 f=N0484245 g=N0484245,Offendorf (France),אופנדורף (צרפת),304957503 | Q21326,BEB 202509,skipped: no valid 034
987013624133505171,https://www.nli.org.il/he/authorities/987013624133505171,20250923-20250929,live,dms-missing-leading-zero,[] d=E02412 e=E02412 f=N480253 g=N480253,d=E0002412 e=E0002412 f=N0480253 g=N0480253,Montfort-le-Gesnois (France),מונפור-לה-ז'נואה (צרפת),239118935 | Q900283,BEB 202509,skipped: no valid 034
987013624134005171,https://www.nli.org.il/he/authorities/987013624134005171,20250923-20250929,live,dms-missing-leading-zero,[] d=E13504 e=E13504 f=N435759 g=N435759,d=E0013504 e=E0013504 f=N0435759 g=N0435759,Monclar-de-Quercy (France),מונקלר-דה-קרסי (צרפת),3865172822068812920009 | Q1614064,BEB 202509,skipped: no valid 034
987013624134105171,https://www.nli.org.il/he/authorities/987013624134105171,20250923-20250929,live,dms-missing-leading-zero,[] d=E02929 e=E02929 f=N444738 g=N444738,d=E0002929 e=E0002929 f=N0444738 g=N0444738,Monbazillac (France),מונבזילק (צרפת),64148570691224311997 | Q383637,BEB 202509,skipped: no valid 034
987013624144105171,https://www.nli.org.il/he/authorities/987013624144105171,20250923-20250929,live,dms-missing-leading-zero,[] d=E23858 e=E23858 f=N502653 g=N502653,d=E0023858 e=E0023858 f=N0502653 g=N0502653,Hersin-Coupigny (France),הרזן-קופיני (צרפת),303029693 | Q876005,BEB 202509,skipped: no valid 034
987013624149705171,https://www.nli.org.il/he/authorities/987013624149705171,20250923-20250929,live,dms-missing-leading-zero,[] d=E12351 e=E12351 f=N492737 g=N492737,d=E0012351 e=E0012351 f=N0492737 g=N0492737,Croisy-sur-Andelle (France),קרואזי סור אנדל (צרפת),2318175417515304080005 | Q1110398,BEB 202509,skipped: no valid 034
987013624150105171,https://www.nli.org.il/he/authorities/987013624150105171,20250923-20250929,live,dms-missing-leading-zero,[] d=E01911 e=E01911 f=N490732 g=N490732,d=E0001911 e=E0001911 f=N0490732 g=N0490732,Courtonne-la-Meurdrac (France),קורטון לה מורדראק (צרפת),244657128 | Q41037,BEB 202509,skipped: no valid 034
987013711497305171,https://www.nli.org.il/he/authorities/987013711497305171,20250923-20250929,live,dms-missing-leading-zero,[] d=E112258 e=E112258 f=N452733 g=N452733,d=E0112258 e=E0112258 f=N0452733 g=N0452733,Montebello Vicentino (Italy),מונטבלו ויצ'נטינו (איטליה),237465369 | Q46173,BEB 202509,skipped: no valid 034
987013711497405171,https://www.nli.org.il/he/authorities/987013711497405171,20250923-20250929,live,dms-missing-leading-zero,[] d=E155156 e=E155156 f=N401438 g=N401438,d=E0155156 e=E0155156 f=N0401438 g=N0401438,Moliterno (Italy),מוליטרנו (איטליה),234819100 | Q52609,BEB 202509,skipped: no valid 034
987013711498005171,https://www.nli.org.il/he/authorities/987013711498005171,20250923-20250929,live,dms-missing-leading-zero,[] d=E90203 e=E90203 f=N454148 g=N454148,d=E0090203 e=E0090203 f=N0454148 g=N0454148,Lomazzo (Italy),לומאצו (איטליה),198145857870323020702 | Q47648,BEB 202509,skipped: no valid 034
987013711498305171,https://www.nli.org.il/he/authorities/987013711498305171,20250923-20250929,live,dms-missing-leading-zero,[] d=E143241 e=E143241 f=N420105 g=N420105,d=E0143241 e=E0143241 f=N0420105 g=N0420105,Gissi (Italy),ג'יסי (איטליה),241239566 | Q51238,BEB 202509,skipped: no valid 034
987013711498405171,https://www.nli.org.il/he/authorities/987013711498405171,20250923-20250929,live,dms-missing-leading-zero,[] d=E121045 e=E121045 f=N462100 g=N462100,d=E0121045 e=E0121045 f=N0462100 g=N0462100,Forno di Zoldo (Italy),פורנו די זולדו (איטליה),238649609 | Q40471,BEB 202509,skipped: no valid 034
987013711502405171,https://www.nli.org.il/he/authorities/987013711502405171,20250923-20250929,live,dms-missing-leading-zero,[] d=E73627 e=E73627 f=N483947 g=N483947,d=E0073627 e=E0073627 f=N0483947 g=N0483947,Truchtersheim (France),טרוכטרשיים (צרפת),132193603 | Q28464499,BEB 202509,skipped: no valid 034
987013711504705171,https://www.nli.org.il/he/authorities/987013711504705171,20250923-20250929,live,dms-missing-leading-zero,[] d=W02815 e=W02815 f=N450205 g=N450205,d=W0002815 e=W0002815 f=N0450205 g=N0450205,Saint-Laurent-d'Arce (France),סן-לורן-דארס (צרפת),269786295 | Q717500,BEB 202509,skipped: no valid 034
987013711504805171,https://www.nli.org.il/he/authorities/987013711504805171,20250923-20250929,live,dms-missing-leading-zero,[] d=E20111 e=E20111 f=N484355 g=N484355,d=E0020111 e=E0020111 f=N0484355 g=N0484355,Saint-Lambert-des-Bois (France),סן-למבר-דה-בואה (צרפת),241247242 | Q271547,BEB 202509,skipped: no valid 034
987013711505305171,https://www.nli.org.il/he/authorities/987013711505305171,20250923-20250929,live,dms-missing-leading-zero,[] d=E13404 e=E13404 f=N491556 g=N491556,d=E0013404 e=E0013404 f=N0491556 g=N0491556,Sainte-Marie-de-Vatimesnil (France),סנט-מארי-דה-ואטימניל (צרפת),2943175417516104080009 | Q581946,BEB 202509,skipped: no valid 034
987013719057505171,https://www.nli.org.il/he/authorities/987013719057505171,20250923-20250929,live,dms-missing-leading-zero,[] d=E100747 e=E100747 f=N450106 g=N450106,d=E0100747 e=E0100747 f=N0450106 g=N0450106,Zibello (Italy),ציבלו (איטליה),241230050 | Q100983,BEB 202509,skipped: no valid 034
987013719057605171,https://www.nli.org.il/he/authorities/987013719057605171,20250923-20250929,live,dms-missing-leading-zero,[] d=E133845 e=E133845 f=N423241 g=N423241,d=E0133845 e=E0133845 f=N0423241 g=N0423241,Tossicia (Italy),טוסיצ'ייה (איטליה),132324553 | Q51471,BEB 202509,skipped: no valid 034
987013719058005171,https://www.nli.org.il/he/authorities/987013719058005171,20250923-20250929,live,dms-missing-leading-zero,[] d=E101538 e=E101538 f=N445733 g=N445733,d=E0101538 e=E0101538 f=N0445733 g=N0445733,Sissa (Italy),סיסה (איטליה),243217590 | Q100923,BEB 202509,skipped: no valid 034
987013719058205171,https://www.nli.org.il/he/authorities/987013719058205171,20250923-20250929,live,dms-missing-leading-zero,[] d=E134721 e=E134721 f=N424724 g=N424724,d=E0134721 e=E0134721 f=N0424724 g=N0424724,Sant'Omero (Italy),סנטאומרו (איטליה),155806795 | Q51465,BEB 202509,skipped: no valid 034
987013617075305171,https://www.nli.org.il/he/authorities/987013617075305171,20250923-20250929,live,dms-missing-leading-zero,[geonames] d=E162248 e=E162248 f=N473905 g=N473905,d=E0162248 e=E0162248 f=N0473905 g=N0473905,Sieggraben (Austria),זיגגרבן (אוסטריה),239648717 | Q635805,BMC 202508,skipped: no valid 034
987013624131905171,https://www.nli.org.il/he/authorities/987013624131905171,20250923-20250929,live,dms-missing-leading-zero,[] d=E22849 e=E22849 f=N474559 g=N474559,d=E0022849 e=E0022849 f=N0474559 g=N0474559,Ouzouer-sur-Loire (France),אוזואה-סור-לואר (צרפת),6884175417628804080006 | Q1377364,BEB 202509,skipped: no valid 034
987013624132805171,https://www.nli.org.il/he/authorities/987013624132805171,20250923-20250929,live,dms-missing-leading-zero,[] d=E14638 e=E14638 f=N463352 g=N463352,d=E0014638 e=E0014638 f=N0463352 g=N0463352,Mouhers (France),מוהר (צרפת),4992175417578904080007 | Q978818,BEB 202509,skipped: no valid 034
987013624132905171,https://www.nli.org.il/he/authorities/987013624132905171,20250923-20250929,live,dms-missing-leading-zero,[] d=E15610 e=E15610 f=N485544 g=N485544,d=E0015610 e=E0015610 f=N0485544 g=N0485544,Morainvilliers (France),מוראנווילייה (צרפת),128172997 | Q1461313,BEB 202509,skipped: no valid 034
987013624134705171,https://www.nli.org.il/he/authorities/987013624134705171,20250923-20250929,live,dms-missing-leading-zero,[] d=E72120 e=E72120 f=N475449 g=N475449,d=E0072120 e=E0072120 f=N0475449 g=N0475449,Meyenheim (France),מיינהיים (צרפת),236107184 | Q121580,BEB 202509,skipped: no valid 034
987013624137905171,https://www.nli.org.il/he/authorities/987013624137905171,20250923-20250929,live,dms-missing-leading-zero,[] d=E54003 e=E54003 f=N483219 g=N483219,d=E0054003 e=E0054003 f=N0483219 g=N0483219,Maxey-sur-Vaise (France),מקסה-סור-וייז (צרפת),12144648148716568093 | Q1386643,BEB 202509,skipped: no valid 034
987013624140505171,https://www.nli.org.il/he/authorities/987013624140505171,20250923-20250929,live,dms-missing-leading-zero,[] d=E53040 e=E53040 f=N433118 g=N433118,d=E0053040 e=E0053040 f=N0433118 g=N0433118,Le Tholonet (France),לה טולונה (צרפת),99144647637335833699 | Q734334,BEB 202509,skipped: no valid 034
987013624144005171,https://www.nli.org.il/he/authorities/987013624144005171,20250923-20250929,live,dms-missing-leading-zero,[] d=W02223 e=W02223 f=N443551 g=N443551,d=W0002223 e=W0002223 f=N0443551 g=N0443551,Illats (France),אילטס (צרפת),6840175417616804080008 | Q379588,BEB 202509,skipped: no valid 034
987013624144805171,https://www.nli.org.il/he/authorities/987013624144805171,20250923-20250929,live,dms-missing-leading-zero,[] d=W01815 e=W01815 f=N490206 g=N490206,d=W0001815 e=W0001815 f=N0490206 g=N0490206,Gouvix (France),גוביקס (צרפת),6481151717071013900007 | Q220203,BEB 202509,skipped: no valid 034
987013624146405171,https://www.nli.org.il/he/authorities/987013624146405171,20250923-20250929,live,dms-missing-leading-zero,[] d=E92732 e=E92732 f=N422757 g=N422757,d=E0092732 e=E0092732 f=N0422757 g=N0422757,Penta-di-Casinca (France),פנטה-די-קסינקה (צרפת),7779175417594204080004 | Q265287,BEB 202509,skipped: no valid 034
987013624148905171,https://www.nli.org.il/he/authorities/987013624148905171,20250923-20250929,live,dms-missing-leading-zero,[] d=E21529 e=E21529 f=N485924 g=N485924,d=E0021529 e=E0021529 f=N0485924 g=N0485924,Ermont (France),ארמון (צרפת),234777709 | Q239123,BEB 202509,skipped: no valid 034
987013624149005171,https://www.nli.org.il/he/authorities/987013624149005171,20250923-20250929,live,dms-missing-leading-zero,[] d=E73005 e=E73005 f=N480535 g=N480535,d=E0073005 e=E0073005 f=N0480535 g=N0480535,Durrenentzen (France),דורננצן (צרפת),176150565718406251940 | Q455513,BEB 202509,skipped: no valid 034
987013711496405171,https://www.nli.org.il/he/authorities/987013711496405171,20250923-20250929,live,dms-missing-leading-zero,[] d=E13300 e=E13300 f=N42410 g=N42410,d=E0013300 e=E0013300 f=N0042410 g=N0042410,Rocca Santa Maria (Italy),רוקה סנטה מריה (איטליה),245300480 | Q51463,BEB 202509,skipped: no valid 034
987013711496905171,https://www.nli.org.il/he/authorities/987013711496905171,20250923-20250929,live,dms-missing-leading-zero,[] d=E141035 e=E141035 f=N413121 g=N413121,d=E0141035 e=E0141035 f=N0413121 g=N0413121,Monteroduni (Italy),מונטרודוני (איטליה),248265931 | Q279309,BEB 202509,skipped: no valid 034
987013711497605171,https://www.nli.org.il/he/authorities/987013711497605171,20250923-20250929,live,dms-missing-leading-zero,[] d=E142438 e=E142438 f=N413332 g=N413332,d=E0142438 e=E0142438 f=N0413332 g=N0413332,Macchiagodena (Italy),מקיאגודנה (איטליה),243256904 | Q279247,BEB 202509,skipped: no valid 034
987013711497805171,https://www.nli.org.il/he/authorities/987013711497805171,20250923-20250929,live,dms-missing-leading-zero,[] d=E85956 e=E85956 f=N454601 g=N454601,d=E0085956 e=E0085956 f=N0454601 g=N0454601,Lurate Caccivio (Italy),לוראטה קצ'יוויו (איטליה),242766273 | Q47346,BEB 202509,skipped: no valid 034
987013711498805171,https://www.nli.org.il/he/authorities/987013711498805171,20250923-20250929,live,dms-missing-leading-zero,[] d=E115001 e=E115001 f=N454941 g=N454941,d=E0115001 e=E0115001 f=N0454941 g=N0454941,Crespano del Grappa (Italy),קרספאנו דל גראפה (איטליה),242807553 | Q47036,BEB 202509,skipped: no valid 034
987013711499105171,https://www.nli.org.il/he/authorities/987013711499105171,20250923-20250929,live,dms-missing-leading-zero,[] d=E75409 e=E75409 f=N452956 g=N452956,d=E0075409 e=E0075409 f=N0452956 g=N0452956,Chiaverano (Italy),קיאוורנו (איטליה),240578470 | Q9265,BEB 202509,skipped: no valid 034
987013711499405171,https://www.nli.org.il/he/authorities/987013711499405171,20250923-20250929,live,dms-missing-leading-zero,[] d=E143331 e=E143331 f=N413704 g=N413704,d=E0143331 e=E0143331 f=N0413704 g=N0413704,Castropignano (Italy),קסטרופיניאנו (איטליה),239263979 | Q277456,BEB 202509,skipped: no valid 034
987013711499505171,https://www.nli.org.il/he/authorities/987013711499505171,20250923-20250929,live,dms-missing-leading-zero,[] d=E111854 e=E111854 f=N450106 g=N450106,d=E0111854 e=E0111854 f=N0450106 g=N0450106,Castelmassa (Italy),קסטלמאסה (איטליה),247846397 | Q34570,BEB 202509,skipped: no valid 034
987013711499805171,https://www.nli.org.il/he/authorities/987013711499805171,20250923-20250929,live,dms-missing-leading-zero,[] d=E144203 e=E144203 f=N404655 g=N404655,d=E0144203 e=E0144203 f=N0404655 g=N0404655,Castel San Giorgio (Italy),קסטל סן ג'ורג'יו (איטליה),233919844 | Q80773,BEB 202509,skipped: no valid 034
987013711500205171,https://www.nli.org.il/he/authorities/987013711500205171,20250923-20250929,live,dms-missing-leading-zero,[] d=E142335 e=E142335 f=N413119 g=N413119,d=E0142335 e=E0142335 f=N0413119 g=N0413119,Cantalupo nel Sannio (Italy),קנטלופו נל סניו (איטליה),248284671 | Q278895,BEB 202509,skipped: no valid 034
987013711502705171,https://www.nli.org.il/he/authorities/987013711502705171,20250923-20250929,live,dms-missing-leading-zero,[] d=E12229 e=E12229 f=N480134 g=N480134,d=E0012229 e=E0012229 f=N0480134 g=N0480134,Thiville (France),טיוויל (צרפת),9150159248591304870007 | Q1137890,BEB 202509,skipped: no valid 034
987013711503705171,https://www.nli.org.il/he/authorities/987013711503705171,20250923-20250929,live,dms-missing-leading-zero,[] d=W11815 e=W11815 f=N433939 g=N433939,d=W0011815 e=W0011815 f=N0433939 g=N0433939,Saint-Vincent-de-Tyrosse (France),סן-וינסנט-דה-טירוס (צרפת),123106998 | Q733301,BEB 202509,skipped: no valid 034
987013711504005171,https://www.nli.org.il/he/authorities/987013711504005171,20250923-20250929,live,dms-missing-leading-zero,[] d=E12400 e=E12400 f=N455312 g=N455312,d=E0012400 e=E0012400 f=N0455312 g=N0455312,Saint-Priest-Taurion (France),סן-פריסט-טוריון (צרפת),29144648199947079698 | Q1075121,BEB 202509,skipped: no valid 034
987013711504105171,https://www.nli.org.il/he/authorities/987013711504105171,20250923-20250929,live,dms-missing-leading-zero,[] d=E01653 e=E01653 f=N451911 g=N451911,d=E0001653 e=E0001653 f=N0451911 g=N0451911,Saint-Paul-Lizonne (France),סן-פול-ליזון (צרפת),1318175417562604080008 | Q536643,BEB 202509,skipped: no valid 034
987013711504405171,https://www.nli.org.il/he/authorities/987013711504405171,20250923-20250929,live,dms-missing-leading-zero,[] d=E53750 e=E53750 f=N451016 g=N451016,d=E0053750 e=E0053750 f=N0451016 g=N0451016,Saint-Nizier-du-Moucherotte (France),סן-ניזייה-דו-מושרוט (צרפת),5130159477783627990003 | Q817606,BEB 202509,skipped: no valid 034
987013711505405171,https://www.nli.org.il/he/authorities/987013711505405171,20250923-20250929,live,dms-missing-leading-zero,[] d=E10106 e=E10106 f=N451450 g=N451450,d=E0010106 e=E0010106 f=N0451450 g=N0451450,Sainte-Eulalie-d'Ans (France),סנט-אללי-דאנס (צרפת),241226871 | Q1076413,BEB 202509,skipped: no valid 034
987013719057705171,https://www.nli.org.il/he/authorities/987013719057705171,20250923-20250929,live,dms-missing-leading-zero,[] d=E121345 e=E121345 f=N455838 g=N455838,d=E0121345 e=E0121345 f=N0455838 g=N0455838,Tarzo (Italy),טארצו (איטליה),247853524 | Q47371,BEB 202509,skipped: no valid 034
987013719057905171,https://www.nli.org.il/he/authorities/987013719057905171,20250923-20250929,live,dms-missing-leading-zero,[] d=E105518 e=E105518 f=N444402 g=N444402,d=E0105518 e=E0105518 f=N0444402 g=N0444402,Soliera (Italy),סוליירה (איטליה),247895724 | Q100108,BEB 202509,skipped: no valid 034
987013719058505171,https://www.nli.org.il/he/authorities/987013719058505171,20250923-20250929,live,dms-missing-leading-zero,[] d=E90958 e=E90958 f=N455751 g=N455751,d=E0090958 e=E0090958 f=N0455751 g=N0455751,Sala Comacina (Italy),סלה קומצ'ינה (איטליה),234369601 | Q47610,BEB 202509,skipped: no valid 034
987013624134405171,https://www.nli.org.il/he/authorities/987013624134405171,20250923-20250929,live,dms-missing-leading-zero,[] d=E14307 e=E14307 f=N500549 g=N500549,d=E0014307 e=E0014307 f=N0500549 g=N0500549,Miannay (France),מיינה (צרפת),110144647639905091737 | Q381536,BEB 202509,skipped: no valid 034
987013721052905171,https://www.nli.org.il/he/authorities/987013721052905171,20250930-20251006,live,dms-missing-leading-zero,[geonames] d=E195054 e=E195054 f=N500458 g=N500458,d=E0195054 e=E0195054 f=N0500458 g=N0500458,"Mydlniki (Krakow, Poland)","מידלניקי (קרקוב, פולין)",Q11787528,BMC 202509,skipped: no valid 034
987007465324205171,https://www.nli.org.il/he/authorities/987007465324205171,20251014-20251020,live,dms-missing-leading-zero,[geonames] d=E130308 e=E130308 f=N500855 g=N500855,d=E0130308 e=E0130308 f=N0500855 g=N0500855,Bochov (Czech Republic),בוצ'וב (צ'כיה),Q512631 | 236106733,,skipped: no valid 034
987013751152105171,https://www.nli.org.il/he/authorities/987013751152105171,20251021-20251027,live,dms-missing-leading-zero,[geonames] d=E220348 e=E220348 f=N533643 g=N533643,d=E0220348 e=E0220348 f=N0533643 g=N0533643,Biała Piska (Poland),ביאלה פיסקה (פולין),237520343 | Q855940,BMC 202509,skipped: no valid 034
987013763615805171,https://www.nli.org.il/he/authorities/987013763615805171,20251021-20251027,live,dms-missing-leading-zero,[geonames] d=E252903 e=E252903 f=N484714 g=N484714,d=E0252903 e=E0252903 f=N0484714 g=N0484714,Daleshove (Ukraine),דלשובה (אוקראינה),Q4154158,BMC 202510,skipped: no valid 034
987013771807305171,https://www.nli.org.il/he/authorities/987013771807305171,20251028-20251103,live,dms-missing-leading-zero,[geonames] d=E155858 e=E155858 f=N461350 g=N461350,d=E0155858 e=E0155858 f=N0461350 g=N0461350,Bednja (Croatia),בדניה (קרואטיה),Q776771,BMC 202510,skipped: no valid 034
987013771807505171,https://www.nli.org.il/he/authorities/987013771807505171,20251028-20251103,live,dms-missing-leading-zero,[geonames] d=E155655 e=E155655 f=N461530 g=N461530,d=E0155655 e=E0155655 f=N0461530 g=N0461530,"Trakosčan (Bednja, Croatia)","טראקושטיאן (בדניה, קרואטיה)",Q1095507 | 129959620,BMC 202510,skipped: no valid 034
987013771807805171,https://www.nli.org.il/he/authorities/987013771807805171,20251028-20251103,live,dms-missing-leading-zero,[geonames] d=E175914 e=E175914 f=N450815 g=N450815,d=E0175914 e=E0175914 f=N0450815 g=N0450815,"Brod (Republika Srpska, Bosnia and Herzegovina)","ברוד (רפובליקת סרפסקה, בוסניה והרצגובינה)",Q194482 | 244303573,BMC 202510,skipped: no valid 034
987013787175605171,https://www.nli.org.il/he/authorities/987013787175605171,20251111-20251117,live,dms-missing-leading-zero,[geonames] d=E134022 e=E134022 f=N502919 g=N502919,d=E0134022 e=E0134022 f=N0502919 g=N0502919,"Vtelno (Most, Czech Republic)","וטלנו (מוסט, צ'כיה)",Q11943430,BMC 202511,skipped: no valid 034
987013781478205171,https://www.nli.org.il/he/authorities/987013781478205171,20251111-20251117,live,dms-missing-leading-zero,[geonames] d=E215509 e=E215509 f=N492506 g=N492506,d=E0215509 e=E0215509 f=N0492506 g=N0492506,Moszczaniec (Poland),מושצ'נייץ (פולין),Q2420855,BMC 202511,skipped: no valid 034
987013787167205171,https://www.nli.org.il/he/authorities/987013787167205171,20251111-20251117,live,dms-missing-leading-zero,[geonames] d=E181106 e=E181106 f=N474012 g=N474012,d=E0181106 e=E0181106 f=N0474012 g=N0474012,Mocsa (Hungary),מוצ'ה (הונגריה),246646606 | Q1178181,BMC 202511,skipped: no valid 034
987013797427605171,https://www.nli.org.il/he/authorities/987013797427605171,20251118-20251124,live,dms-missing-leading-zero,[geonames] d=E161350 e=E161350 f=N482957 g=N482957,d=E0161350 e=E0161350 f=N0482957 g=N0482957,Grossmugl (Austria),גרוסמוגל (אוסטריה),243855984 | Q686289,BMC 202511,skipped: no valid 034
987013617672505171,https://www.nli.org.il/he/authorities/987013617672505171,20251125-20251201,live,dms-missing-leading-zero,[] d=E12610 e=E12610 f=N484157 g=N484157,d=E0012610 e=E0012610 f=N0484157 g=N0484157,Charpont (France),שרפון (צרפת),38173121436029981455 | Q1362175,BEB 202508,skipped: no valid 034
987013624141205171,https://www.nli.org.il/he/authorities/987013624141205171,20251125-20251201,live,dms-missing-leading-zero,[] d=E50652 e=E50652 f=N435337 g=N435337,d=E0050652 e=E0050652 f=N0435337 g=N0435337,Lagnes (France),לאנייה (צרפת),102144647637484535295 | Q625954,BEB 202509,skipped: no valid 034
987013806283105171,https://www.nli.org.il/he/authorities/987013806283105171,20251125-20251201,live,dms-missing-leading-zero,[geonames] d=E160336 e=E160336 f=N475942 g=N475942,d=E0160336 e=E0160336 f=N0475942 g=N0475942,Weissenbach an der Triesting (Austria),וייסנבך אן דר טריסטינג (אוסטריה),240562845 | Q617047,BMC 202511,skipped: no valid 034
987013806283905171,https://www.nli.org.il/he/authorities/987013806283905171,20251125-20251201,live,dms-missing-leading-zero,[geonames] d=E145834 e=E145834 f=N472240 g=N472240,d=E0145834 e=E0145834 f=N0472240 g=N0472240,"Timmersdorf (Traboch, Austria)","טימרסדורף (טראבוך, אוסטריה)",Q62056416,BMC 202511,skipped: no valid 034
987013624144605171,https://www.nli.org.il/he/authorities/987013624144605171,20251202-20251208,live,dms-missing-leading-zero,[] d=E71803 e=E71803 f=N480041 g=N480041,d=E0071803 e=E0071803 f=N0480041 g=N0480041,Hattstatt (France),הטסטאט (צרפת),46144647635771214682 | Q325029,BEB 202509,skipped: no valid 034
987013893136705171,https://www.nli.org.il/he/authorities/987013893136705171,20251202-20251208,live,dms-missing-leading-zero,[geonames] d=E153700 e=E153700 f=N484400 g=N484400,d=E0153700 e=E0153700 f=N0484400 g=N0484400,Pernegg (Austria),פרנג (אוסטריה),233682286 | Q678320,BMC 202511,skipped: no valid 034
987013893142305171,https://www.nli.org.il/he/authorities/987013893142305171,20251202-20251208,live,dms-missing-leading-zero,[geonames] d=E244821 e=E244821 f=N482305 g=N482305,d=E0244821 e=E0244821 f=N0482305 g=N0482305,"Tekucha (Ivano-Frankivsʹka oblastʹ, Ukraine)","טקוצ'ה (מחוז איוונו-פרנקיבסק, אוקראינה)",5528167988973433830001 | Q1317614,BMC 202511,skipped: no valid 034
987013893139905171,https://www.nli.org.il/he/authorities/987013893139905171,20251202-20251208,live,dms-missing-leading-zero,[geonames] d=E161000 e=E161000 f=N471000 g=N471000,d=E0161000 e=E0161000 f=N0471000 g=N0471000,Stegersbach (Austria),שטגרסבך (אוסטריה),236102016 | Q646843,BMC 202511,skipped: no valid 034
987013893142805171,https://www.nli.org.il/he/authorities/987013893142805171,20251202-20251208,live,dms-missing-leading-zero,[geonames] d=E174854 e=E174854 f=N490219 g=N490219,d=E0174854 e=E0174854 f=N0490219 g=N0490219,Bojkovice (Czech Republic),בויקוביצה (צ'כיה),237493251 | Q891190,BMC 202511,skipped: no valid 034
987013893133205171,https://www.nli.org.il/he/authorities/987013893133205171,20251202-20251208,live,dms-missing-leading-zero,[geonames] d=E174343 e=E174343 f=N481311 g=N481311,d=E0174343 e=E0174343 f=N0481311 g=N0481311,"Nebojsa (Galanta, Slovakia)","נבויאשה (גלאנטה, סלובקיה)",3345156565721623500005 | Q1216520,BMC 202511,skipped: no valid 034
987013917040805171,https://www.nli.org.il/he/authorities/987013917040805171,20251209-20251215,live,dms-missing-leading-zero,[geonames] d=E73717 e=E73717 f=N490150 g=N490150,d=E0073717 e=E0073717 f=N0490150 g=N0490150,"Neudoerfel (Dambach, France)","נוידורפל (דמבך, צרפת)",Q3338573,BMC 202512,skipped: no valid 034
987013893130805171,https://www.nli.org.il/he/authorities/987013893130805171,20251209-20251215,live,dms-missing-leading-zero,[geonames] d=E161319 e=E161319 f=N485222 g=N485222,d=E0161319 e=E0161319 f=N0485222 g=N0485222,Lechovice (Czech Republic),לכוביצה (צ'כיה),313259401 | Q1811363,BMC 202511,skipped: no valid 034
987013893130705171,https://www.nli.org.il/he/authorities/987013893130705171,20251209-20251215,live,dms-missing-leading-zero,[geonames] d=E173521 e=E173521 f=N490557 g=N490557,d=E0173521 e=E0173521 f=N0490557 g=N0490557,Nedachlebice (Czech Republic),נדאכלביצה (צ'כיה),247005841 | Q1122497,BMC 202511,skipped: no valid 034
987009865489705171,https://www.nli.org.il/he/authorities/987009865489705171,20251216-20251222,live,dms-missing-leading-zero,[geonames] d=E265610 e=E265610 f=N545244 g=N545244,d=E0265610 e=E0265610 f=N0545244 g=N0545244,Myadzyel (Belarus),מיאדזייל (בלארוס),Q201218 | 236131038,,skipped: no valid 034
987007419958505171,https://www.nli.org.il/he/authorities/987007419958505171,20251216-20251222,live,dms-missing-leading-zero,[geonames] d=N02745 e=N02745 f=N05555 g=N05555,d=N0002745 e=N0002745 f=N0005555 g=N0005555,Rositsa (Belarus),רוסיצה (בלארוס),Q3442846,css 201804,skipped: no valid 034
987013912139205171,https://www.nli.org.il/he/authorities/987013912139205171,20251216-20251222,live,dms-missing-leading-zero,[geonames] d=E255605 e=E255605 f=N482053 g=N482053,d=E0255605 e=E0255605 f=N0482053 g=N0482053,"Rohizna (Chernivt︠s︡i, Ukraine)","רוהיזנה (צ'רנוביץ, אוקראינה)",Q16714464,BMC 202512,skipped: no valid 034
987013912140705171,https://www.nli.org.il/he/authorities/987013912140705171,20251216-20251222,live,dms-missing-leading-zero,[geonames] d=E224619 e=E224619 f=N494435 g=N494435,d=E0224619 e=E0224619 f=N0494435 g=N0494435,Pikulice (Poland),פיקוליצה (פולין),Q7193723,BMC 202512,skipped: no valid 034
987013920140705171,https://www.nli.org.il/he/authorities/987013920140705171,20251216-20251222,live,dms-missing-leading-zero,[geonames] d=E162212 e=E162212 f=N482334 g=N482334,d=E0162212 e=E0162212 f=N0482334 g=N0482334,"Rückersdorf (Harmannsdorf, Austria)","ריקרסדורף (הרמנסדורף, אוסטריה)",249421000 | Q110995531,BMC 202512,skipped: no valid 034
987012881375205171,https://www.nli.org.il/he/authorities/987012881375205171,20251216-20251222,live,dms-missing-leading-zero,[geonames] d=E294649 e=E294649 f=N530044 g=N530044,d=E0294649 e=E0294649 f=N0530044 g=N0530044,Pobalava (Belarus),פובלאבה (בלארוס),Q4366279,BMC 202408,skipped: no valid 034
987013126058605171,https://www.nli.org.il/he/authorities/987013126058605171,20251216-20251222,live,dms-missing-leading-zero,[geonames] d=E264935 e=E264935 f=N553218 g=N553218,d=E0264935 e=E0264935 f=N0553218 g=N0553218,Opsa (Belarus),אופסה (בלארוס),245845659 | Q3646949,BMC 202411,skipped: no valid 034
987013912141105171,https://www.nli.org.il/he/authorities/987013912141105171,20251216-20251222,live,dms-missing-leading-zero,[geonames] d=E164609 e=E164609 f=N473506 g=N473506,d=E0164609 e=E0164609 f=N0473506 g=N0473506,Pinnye (Hungary),פיניה (הונגריה),Q1089745,BMC 202512,skipped: no valid 034
987013917041005171,https://www.nli.org.il/he/authorities/987013917041005171,20251216-20251222,live,dms-missing-leading-zero,[geonames] d=E162300 e=E162300 f=N482200 g=N482200,d=E0162300 e=E0162300 f=N0482200 g=N0482200,Stetten (Austria),שטטן (אוסטריה),237028301 | Q676618,BMC 202512,skipped: no valid 034
987013587488505171,https://www.nli.org.il/he/authorities/987013587488505171,20251216-20251222,live,dms-missing-leading-zero,[geonames] d=E190606 e=E190606 f=N494346 g=N494346,d=E0190606 e=E0190606 f=N0494346 g=N0494346,"Rybarzowice (Śląskie, Poland)","ריברזוביצה (שלזיה, פולין)",Q7384724,BMC 202508,skipped: no valid 034
987013920125305171,https://www.nli.org.il/he/authorities/987013920125305171,20251223-20251229,live,dms-missing-leading-zero,[geonames] d=E163800 e=E163800 f=N483700 g=N483700,d=E0163800 e=E0163800 f=N0483700 g=N0483700,"Erdberg (Poysdorf, Austria)","ארדברג (פויסדורף, אוסטריה)",234356212 | Q1348991,BMC 202512,skipped: no valid 034
987013961210905171,https://www.nli.org.il/he/authorities/987013961210905171,20251223-20251229,live,dms-missing-leading-zero,[geonames] d=E161832 e=E161832 f=N480845 g=N480845,d=E0161832 e=E0161832 f=N0480845 g=N0480845,"Erlaa (Vienna, Austria)","ארלאה (וינה, אוסטריה)",243886788 | Q1355197,BMC 202512,skipped: no valid 034
987013961916305171,https://www.nli.org.il/he/authorities/987013961916305171,20251223-20251229,live,dms-missing-leading-zero,[geonames] d=E154000 e=E154000 f=N485200 g=N485200,d=E0154000 e=E0154000 f=N0485200 g=N0485200,"Heinrichsreith (Drosendorf-Zissersdorf, Austria)","היינריכסרייט (דרוסנדורף-ציסרסדורף, אוסטריה)",245452014 | Q110700254,BMC 202512,skipped: no valid 034
987013920128205171,https://www.nli.org.il/he/authorities/987013920128205171,20251223-20251229,live,dms-missing-leading-zero,[geonames] d=E160627 e=E160627 f=N490413 g=N490413,d=E0160627 e=E0160627 f=N0490413 g=N0490413,Rouchovany (Czech Republic),רוחובאני (צ'כיה),Q246739,BMC 202512,skipped: no valid 034
987013961211505171,https://www.nli.org.il/he/authorities/987013961211505171,20251223-20251229,live,dms-missing-leading-zero,[geonames] d=E162125 e=E162125 f=N480810 g=N480810,d=E0162125 e=E0162125 f=N0480810 g=N0480810,"Inzersdorf (Vienna, Austria)","אינצרסדורף (וינה, אוסטריה)",245398804 | Q1671849,BMC 202512,skipped: no valid 034
987013961224105171,https://www.nli.org.il/he/authorities/987013961224105171,20251223-20251229,live,dms-missing-leading-zero,[geonames] d=E161552 e=E161552 f=N480859 g=N480859,d=E0161552 e=E0161552 f=N0480859 g=N0480859,"Mauer (Vienna, Austria)","מאואר (וינה, אוסטריה)",243022596 | Q1910986,BMC 202512,skipped: no valid 034
987014011359205171,https://www.nli.org.il/he/authorities/987014011359205171,20260101-20260107,live,dms-missing-leading-zero,[geonames] d=E224627 e=E224627 f=N492804 g=N492804,d=E0224627 e=E0224627 f=N0492804 g=N0492804,Terlo (Ukraine),טרלו (אוקראינה),Q4455857,BMC 202512,skipped: no valid 034
987014011361305171,https://www.nli.org.il/he/authorities/987014011361305171,20260101-20260107,live,dms-missing-leading-zero,[geonames] d=E154330 e=E154330 f=N495935 g=N495935,d=E0154330 e=E0154330 f=N0495935 g=N0495935,"Dubany (okres Pardubice, Czech Republic)","דובני (מחוז פרדוביצה, צ'כיה)",Q2234041,BMC 202512,skipped: no valid 034
987014011368505171,https://www.nli.org.il/he/authorities/987014011368505171,20260101-20260107,live,dms-missing-leading-zero,[geonames] d=E154300 e=E154300 f=N484300 g=N484300,d=E0154300 e=E0154300 f=N0484300 g=N0484300,"Kainreith (Sigmundsherberg, Austria)","קיינרייט (זיגמונדסהרברג, אוסטריה)",244372649 | Q63441059,BMC 202512,skipped: no valid 034
987013961915205171,https://www.nli.org.il/he/authorities/987013961915205171,20260101-20260107,live,dms-missing-leading-zero,[] d=E101700 e=E101700 f=N531900 g=N531900,d=E0101700 e=E0101700 f=N0531900 g=N0531900,Radbruch (Germany),ראדברוך (גרמניה),125146940 | Q643092,BEB 202512,skipped: no valid 034
987014011359505171,https://www.nli.org.il/he/authorities/987014011359505171,20260101-20260107,live,dms-missing-leading-zero,[geonames] d=E134159 e=E134159 f=N495348 g=N495348,d=E0134159 e=E0134159 f=N0495348 g=N0495348,"Terešov (okres Rokycany, Czech Republic)","טרשוב (מחוז רוקיקני, צ'כיה)",Q2175649,BMC 202512,skipped: no valid 034
987014011366405171,https://www.nli.org.il/he/authorities/987014011366405171,20260101-20260107,live,dms-missing-leading-zero,[] d=W611652 e=W611652 f=S271931 g=S271931,d=W0611652 e=W0611652 f=S0271931 g=S0271931,General Pinedo (Argentina),גנרל פינדו (ארגנטינה),,BMC 202512,skipped: no valid 034
987014011368105171,https://www.nli.org.il/he/authorities/987014011368105171,20260101-20260107,live,dms-missing-leading-zero,[geonames] d=E140444 e=E140444 f=N490719 g=N490719,d=E0140444 e=E0140444 f=N0490719 g=N0490719,Bavorov (Czech Republic),בבורוב (צ'כיה),240576865 | Q791533,BMC 202512,skipped: no valid 034
987014011368605171,https://www.nli.org.il/he/authorities/987014011368605171,20260101-20260107,live,dms-missing-leading-zero,[geonames] d=E163546 e=E163546 f=N482949 g=N482949,d=E0163546 e=E0163546 f=N0482949 g=N0482949,Gaweinstal (Austria),גוויינשטל (אוסטריה),248289465 | Q666556,BMC 202512,skipped: no valid 034
987012737059605171,https://www.nli.org.il/he/authorities/987012737059605171,20260115-20260121,live,dms-missing-leading-zero,[geonames] d=E162325 e=E162325 f=N471549 g=N471549,d=E0162325 e=E0162325 f=N0471549 g=N0471549,Dürnbach im Burgenland (Austria),דורנבך אים בורגנלנד (אוסטריה),Q1096857,BMC 202403,skipped: no valid 034
987012748173805171,https://www.nli.org.il/he/authorities/987012748173805171,20260115-20260121,live,dms-missing-leading-zero,[geonames] d=E155354 e=E155354 f=N485324 g=N485324,d=E0155354 e=E0155354 f=N0485324 g=N0485324,Horní Břečkov (Czech Republic),הורני ברקוב (צ'כיה),Q535668,BMC 202404,skipped: no valid 034
987012838373405171,https://www.nli.org.il/he/authorities/987012838373405171,20260115-20260121,live,dms-missing-leading-zero,[geonames] d=E162057 e=E162057 f=N472628 g=N472628,d=E0162057 e=E0162057 f=N0472628 g=N0472628,Pilgersdorf (Austria),פילגרסדורף (אוסטריה),Q663460,BMC 202406,skipped: no valid 034
987012858532805171,https://www.nli.org.il/he/authorities/987012858532805171,20260115-20260121,live,dms-missing-leading-zero,[geonames] d=E162216 e=E162216 f=N474816 g=N474816,d=E0162216 e=E0162216 f=N0474816 g=N0474816,Pöttsching (Austria),פוטשינג (אוסטריה),249435660 | Q670602,BMC 202407,skipped: no valid 034
987012858532905171,https://www.nli.org.il/he/authorities/987012858532905171,20260115-20260121,live,dms-missing-leading-zero,[geonames] d=E170720 e=E170720 f=N473534 g=N473534,d=E0170720 e=E0170720 f=N0473534 g=N0473534,Szárföld (Hungary),סזרפולד (הונגריה),Q1089765,BMC 202407,skipped: no valid 034
987012878275405171,https://www.nli.org.il/he/authorities/987012878275405171,20260115-20260121,live,dms-missing-leading-zero,[geonames] d=E162047 e=E162047 f=N491913 g=N491913,d=E0162047 e=E0162047 f=N0491913 g=N0491913,Deblín (Czech Republic),דמבלין (צ'כיה),3521170467999732370005 | Q1181531,BMC 202408,skipped: no valid 034
987012881361205171,https://www.nli.org.il/he/authorities/987012881361205171,20260115-20260121,live,dms-missing-leading-zero,[geonames] d=E154300 e=E154300 f=N515707 g=N515707,d=E0154300 e=E0154300 f=N0515707 g=N0515707,"Zabór (Lubusz Voivodeship, Poland)","זאבור (וויבודשיפ לובוש, פולין)",3610149235095376690005 | Q2161966,BMC 202408,skipped: no valid 034
987012945174805171,https://www.nli.org.il/he/authorities/987012945174805171,20260115-20260121,live,dms-missing-leading-zero,[geonames] d=E220016 e=E220016 f=N455010 g=N455010,d=E0220016 e=E0220016 f=N0455010 g=N0455010,"Leucușești (Timiș, Romania)","לאוקוסשטי (טימיש, רומניה)",Q753782,BMC 202409,skipped: no valid 034
987012978050105171,https://www.nli.org.il/he/authorities/987012978050105171,20260115-20260121,live,dms-missing-leading-zero,[geonames] d=E150421 e=E150421 f=N491422 g=N491422,d=E0150421 e=E0150421 f=N0491422 g=N0491422,Nová Včelnice (Czech Republic),נובה ולניצה (צ'כיה),309866910 | Q1861156,BMC 202410,skipped: no valid 034
987013288666105171,https://www.nli.org.il/he/authorities/987013288666105171,20260115-20260121,live,dms-missing-leading-zero,[geonames] d=E154500 e=E154500 f=N482400 g=N482400,d=E0154500 e=E0154500 f=N0482400 g=N0482400,"Jettsdorf (Grafenwörth, Austria)","יטסדורף (גרפנוורת', אוסטריה)",247855869 | Q110899557,BMC 202502,skipped: no valid 034
987013330818705171,https://www.nli.org.il/he/authorities/987013330818705171,20260115-20260121,live,dms-missing-leading-zero,[geonames] d=E153000 e=E153000 f=N483900 g=N483900,d=E0153000 e=E0153000 f=N0483900 g=N0483900,Röhrenbach (Austria),רוהרנבאך (אוסטריה),242760205 | Q174950,BMC 202503,skipped: no valid 034
987013401034905171,https://www.nli.org.il/he/authorities/987013401034905171,20260115-20260121,live,dms-missing-leading-zero,[geonames] d=E162455 e=E162455 f=N464325 g=N464325,d=E0162455 e=E0162455 f=N0464325 g=N0464325,Szentgyörgyvölgy (Hungary),סנטג'רג'וולג' (הונגריה),238798120 | Q926993,BMC 202504,skipped: no valid 034
987013428158305171,https://www.nli.org.il/he/authorities/987013428158305171,20260115-20260121,live,dms-missing-leading-zero,[geonames] d=E175759 e=E175759 f=N483316 g=N483316,d=E0175759 e=E0175759 f=N0483316 g=N0483316,Nitrianska Blatnica (Slovakia),ניטריאנסקה בלאטניצה (סלובקיה),Q921520 | 248808700,BMC 202505,skipped: no valid 034
987013432994105171,https://www.nli.org.il/he/authorities/987013432994105171,20260115-20260121,live,dms-missing-leading-zero,[geonames] d=E161137 e=E161137 f=N475746 g=N475746,d=E0161137 e=E0161137 f=N0475746 g=N0475746,"Gainfarn (Bad Vöslau, Austria)","גיינפארן (באד ווסלאו, אוסטריה)",248701858 | Q5517275,BMC 202505,skipped: no valid 034
987013437193105171,https://www.nli.org.il/he/authorities/987013437193105171,20260115-20260121,live,dms-missing-leading-zero,[geonames] d=E180641 e=E180641 f=N484540 g=N484540,d=E0180641 e=E0180641 f=N0484540 g=N0484540,Dubodiel (Slovakia),דובודייל (סלובקיה),5568156565728023500005 | Q1043353,BMC 202506,skipped: no valid 034
987013475863805171,https://www.nli.org.il/he/authorities/987013475863805171,20260115-20260121,live,dms-missing-leading-zero,[geonames] d=E165051 e=E165051 f=N494753 g=N494753,d=E0165051 e=E0165051 f=N0494753 g=N0494753,Mírov (Czech Republic),מירוב (צ'כיה),301595798 | Q671891,BMC 202506,skipped: no valid 034
987013504263305171,https://www.nli.org.il/he/authorities/987013504263305171,20260115-20260121,live,dms-missing-leading-zero,[geonames] d=E132230 e=E132230 f=N500242 g=N500242,d=E0132230 e=E0132230 f=N0500242 g=N0500242,Žihle (Czech Republic),זילה (צ'כיה),Q2675721,BMC 202506,skipped: no valid 034
987013507419605171,https://www.nli.org.il/he/authorities/987013507419605171,20260115-20260121,live,dms-missing-leading-zero,[geonames] d=E162500 e=E162500 f=N475000 g=N475000,d=E0162500 e=E0162500 f=N0475000 g=N0475000,Steinbrunn (Austria),שטיינברון (אוסטריה),240083231 | Q662618,BMC 202506,skipped: no valid 034
987013507432705171,https://www.nli.org.il/he/authorities/987013507432705171,20260115-20260121,live,dms-missing-leading-zero,[geonames] d=E163800 e=E163800 f=N463000 g=N463000,d=E0163800 e=E0163800 f=N0463000 g=N0463000,Csörnyeföld (Hungary),צ'ורנייפולד (הונגריה),Q876369,BMC 202506,skipped: no valid 034
987013603138405171,https://www.nli.org.il/he/authorities/987013603138405171,20260115-20260121,live,dms-missing-leading-zero,[geonames] d=E182138 e=E182138 f=N481039 g=N481039,d=E0182138 e=E0182138 f=N0481039 g=N0481039,Lula (Slovakia),לולה (סלובקיה),3640156565751623500005 | Q223484,BMC 202508,skipped: no valid 034
987013721056105171,https://www.nli.org.il/he/authorities/987013721056105171,20260115-20260121,live,dms-missing-leading-zero,[geonames] d=E171127 e=E171127 f=N484925 g=N484925,d=E0171127 e=E0171127 f=N0484925 g=N0484925,Vrádište (Slovakia),ווראדישטה (סלובקיה),9314156565709923500007 | Q749450,BMC 202509,skipped: no valid 034
987013787175905171,https://www.nli.org.il/he/authorities/987013787175905171,20260115-20260121,live,dms-missing-leading-zero,[geonames] d=E163616 e=E163616 f=N490709 g=N490709,d=E0163616 e=E0163616 f=N0490709 g=N0490709,Modřice (Czech Republic),מודרז'יצה (צ'כיה),244311505 | Q915051,BMC 202511,skipped: no valid 034
987013787181205171,https://www.nli.org.il/he/authorities/987013787181205171,20260115-20260121,live,dms-missing-leading-zero,[geonames] d=E175447 e=E175447 f=N481443 g=N481443,d=E0175447 e=E0175447 f=N0481443 g=N0481443,Horná Kráľová (Slovakia),הורנה קראלובה (סלובקיה),2012156565688723500008 | Q1071388,BMC 202511,skipped: no valid 034
987012654572805171,https://www.nli.org.il/he/authorities/987012654572805171,20260115-20260121,live,dms-missing-leading-zero,[geonames] d=E243639 e=E243639 f=N455420 g=N455420,d=E0243639 e=E0243639 f=N0455420 g=N0455420,Chirpăr (Romania),כירפר (רומניה),Q12116637,BMC 202401,skipped: no valid 034
987012851974605171,https://www.nli.org.il/he/authorities/987012851974605171,20260115-20260121,live,dms-missing-leading-zero,[geonames] d=E03454 e=E03454 f=N03655 g=N03655,d=E0003454 e=E0003454 f=N0003655 g=N0003655,Gözlükule Site (Turkey),אתר גוזלוקולה (טורקיה),Q5626760,css 202407,skipped: no valid 034
987012857275405171,https://www.nli.org.il/he/authorities/987012857275405171,20260115-20260121,live,dms-missing-leading-zero,[geonames] d=E164325 e=E164325 f=N483838 g=N483838,d=E0164325 e=E0164325 f=N0483838 g=N0483838,Grosskrut (Austria),גרוסקרוט (אוסטריה),241843234 | Q666540,BMC 202407,skipped: no valid 034
987012857275805171,https://www.nli.org.il/he/authorities/987012857275805171,20260115-20260121,live,dms-missing-leading-zero,[geonames] d=E162000 e=E162000 f=N483700 g=N483700,d=E0162000 e=E0162000 f=N0483700 g=N0483700,"Röhrabrunn (Gnadendorf, Austria)","רורברון (גנאדנדורף, אוסטריה)",4059161098969929640005 | Q485975,BMC 202407,skipped: no valid 034
987012937677105171,https://www.nli.org.il/he/authorities/987012937677105171,20260115-20260121,live,dms-missing-leading-zero,[geonames] d=E163624 e=E163624 f=N473600 g=N473600,d=E0163624 e=E0163624 f=N0473600 g=N0473600,"Girm (Deutschkreutz, Austria)","גירים (דויטשקרויץ, אוסטריה)",Q1126448,BMC 202409,skipped: no valid 034
987012945172405171,https://www.nli.org.il/he/authorities/987012945172405171,20260115-20260121,live,dms-missing-leading-zero,[geonames] d=E201600 e=E201600 f=N471800 g=N471800,d=E0201600 e=E0201600 f=N0471800 g=N0471800,Besenyszög (Hungary),בסניסזוג (הונגריה),Q793988,BMC 202409,skipped: no valid 034
987012978048805171,https://www.nli.org.il/he/authorities/987012978048805171,20260115-20260121,live,dms-missing-leading-zero,[geonames] d=E204049 e=E204049 f=N485254 g=N485254,d=E0204049 e=E0204049 f=N0485254 g=N0485254,Rudňany (Slovakia),רודנאני (סלובקיה),1014156565744123500005 | Q727800,BMC 202410,skipped: no valid 034
987012978069405171,https://www.nli.org.il/he/authorities/987012978069405171,20260115-20260121,live,dms-missing-leading-zero,[geonames] d=E145926 e=E145926 f=N481324 g=N481324,d=E0145926 e=E0145926 f=N0481324 g=N0481324,Nöchling (Austria),נוכלינג (אוסטריה),234326482 | Q876348,BMC 202410,skipped: no valid 034
987013168195305171,https://www.nli.org.il/he/authorities/987013168195305171,20260115-20260121,live,dms-missing-leading-zero,[geonames] d=E213420 e=E213420 f=N483848 g=N483848,d=E0213420 e=E0213420 f=N0483848 g=N0483848,Zemplínska Teplica (Slovakia),זמפלינסקה טפליצה (סלובקיה),1938156565746623500003 | Q189391,BMC 202412,skipped: no valid 034
987013254446105171,https://www.nli.org.il/he/authorities/987013254446105171,20260115-20260121,live,dms-missing-leading-zero,[geonames] d=E171249 e=E171249 f=N503228 g=N503228,d=E0171249 e=E0171249 f=N0503228 g=N0503228,Karłowice Wielkie (Poland),קרלוביצה ויילקה (פולין),7303169829191737320002 | Q1734750,BMC 202502,skipped: no valid 034
987013396935305171,https://www.nli.org.il/he/authorities/987013396935305171,20260115-20260121,live,dms-missing-leading-zero,[geonames] d=E164142 e=E164142 f=N471745 g=N471745,d=E0164142 e=E0164142 f=N0471745 g=N0471745,Salköveskút (Hungary),שלקובשקוט (הונגריה),Q969605 | 242282475,BMC 202504,skipped: no valid 034
987013428159005171,https://www.nli.org.il/he/authorities/987013428159005171,20260115-20260121,live,dms-missing-leading-zero,[geonames] d=E230811 e=E230811 f=N471445 g=N471445,d=E0230811 e=E0230811 f=N0471445 g=N0471445,Firminiș (Romania),פירמיניס (רומניה),Q631374,BMC 202505,skipped: no valid 034
987013432990905171,https://www.nli.org.il/he/authorities/987013432990905171,20260115-20260121,live,dms-missing-leading-zero,[geonames] d=E154152 e=E154152 f=N480839 g=N480839,d=E0154152 e=E0154152 f=N0480839 g=N0480839,"Pyhra (Sankt Pölten, Austria)","פירה (סנקט פולטן, אוסטריה)",240114036 | Q674282,BMC 202505,skipped: no valid 034
987013437191405171,https://www.nli.org.il/he/authorities/987013437191405171,20260115-20260121,live,dms-missing-leading-zero,[geonames] d=E174132 e=E174132 f=N475507 g=N475507,d=E0174132 e=E0174132 f=N0475507 g=N0475507,Boheľov (Slovakia),בוהלוב (סלובקיה),943156565685523500003 | Q371641,BMC 202506,skipped: no valid 034
987013437212705171,https://www.nli.org.il/he/authorities/987013437212705171,20260115-20260121,live,dms-missing-leading-zero,[geonames] d=E165801 e=E165801 f=N484328 g=N484328,d=E0165801 e=E0165801 f=N0484328 g=N0484328,Lanžhot (Czech Republic),לנז'הוט (צ'כיה),157156253583808110009 | Q946780,BMC 202505,skipped: no valid 034
987013475863305171,https://www.nli.org.il/he/authorities/987013475863305171,20260115-20260121,live,dms-missing-leading-zero,[geonames] d=E152851 e=E152851 f=N480451 g=N480451,d=E0152851 e=E0152851 f=N0480451 g=N0480451,"Mainburg (Hofstetten-Grünau, Austria)","מיינבורג (הופשטטן-גרינאו, אוסטריה)",307288992 | Q110808173,BMC 202506,skipped: no valid 034
987013501954005171,https://www.nli.org.il/he/authorities/987013501954005171,20260115-20260121,live,dms-missing-leading-zero,[geonames] d=E174250 e=E174250 f=N501436 g=N501436,d=E0174250 e=E0174250 f=N0501436 g=N0501436,"Bohušov (Bruntál, Czech Republic)","בוהוסוב (ברונטל, צ'כיה)",295367394 | Q891002,BMC 202506,skipped: no valid 034
987013552775705171,https://www.nli.org.il/he/authorities/987013552775705171,20260115-20260121,live,dms-missing-leading-zero,[geonames] d=E181944 e=E181944 f=N472047 g=N472047,d=E0181944 e=E0181944 f=N0472047 g=N0472047,Csákberény (Hungary),צאקברני (הונגריה),242610687 | Q222994,BMC 202507,skipped: no valid 034
987013601838305171,https://www.nli.org.il/he/authorities/987013601838305171,20260115-20260121,live,dms-missing-leading-zero,[geonames] d=E143759 e=E143759 f=N504636 g=N504636,d=E0143759 e=E0143759 f=N0504636 g=N0504636,Cvikov (Czech Republic),צביקוב (צ'כיה),244275099 | Q1008656,BMC 202508,skipped: no valid 034
987013718858505171,https://www.nli.org.il/he/authorities/987013718858505171,20260115-20260121,live,dms-missing-leading-zero,[geonames] d=E172233 e=E172233 f=N482458 g=N482458,d=E0172233 e=E0172233 f=N0482458 g=N0482458,"Doľany (Pezinok, Slovakia)","דוליאני (פזינוק, סלובקיה)",238786806 | Q1022825,BMC 202509,skipped: no valid 034
987013771779805171,https://www.nli.org.il/he/authorities/987013771779805171,20260115-20260121,live,dms-missing-leading-zero,[geonames] d=E154127 e=E154127 f=N493834 g=N493834,d=E0154127 e=E0154127 f=N0493834 g=N0493834,Česká Bělá (Czech Republic),צ'סקה ביילה (צ'כיה),Q2395486,BMC 202510,skipped: no valid 034
987013781478105171,https://www.nli.org.il/he/authorities/987013781478105171,20260115-20260121,live,dms-missing-leading-zero,[geonames] d=E175952 e=E175952 f=N495057 g=N495057,d=E0175952 e=E0175952 f=N0495057 g=N0495057,Pustá Polom (Czech Republic),פוסטה פולום (צ'כיה),Q1844185,BMC 202511,skipped: no valid 034
987013800306805171,https://www.nli.org.il/he/authorities/987013800306805171,20260115-20260121,live,dms-missing-leading-zero,[geonames] d=E162747 e=E162747 f=N471049 g=N471049,d=E0162747 e=E0162747 f=N0471049 g=N0471049,Horvátlövő (Hungary),הורבאטלובה (הונגריה),Q955429,BMC 202511,skipped: no valid 034
987013961915105171,https://www.nli.org.il/he/authorities/987013961915105171,20260115-20260121,live,dms-missing-leading-zero,[geonames] d=E155036 e=E155036 f=N460536 g=N460536,d=E0155036 e=E0155036 f=N0460536 g=N0460536,Krapinske Toplice (Croatia),קרפינסקה טופליצה (קרואטיה),316747689 | Q943679,BMC 202512,skipped: no valid 034
987013553547005171,https://www.nli.org.il/he/authorities/987013553547005171,20260129-20260204,live,dms-missing-leading-zero,[geonet] d=E0442149 e=E0442149 f=N321330 g=N321330,,Kifl (Iraq),קיפל (עיראק),,,skipped: no valid 034
987007395925105171,https://www.nli.org.il/he/authorities/987007395925105171,20260212-20260218,live,dms-missing-leading-zero,[geonames] d=N02404 e=N02404 f=N04928 g=N04928,d=N0002404 e=N0002404 f=N0004928 g=N0004928,Rozdil (Ukraine),רוזדיל (אוקראינה),Q4396487,css 201807,skipped: no valid 034
987007418452505171,https://www.nli.org.il/he/authorities/987007418452505171,20260212-20260218,live,dms-missing-leading-zero,[geonames] d=N02651 e=N02651 f=N04935 g=N04935,d=N0002651 e=N0002651 f=N0004935 g=N0004935,Mykolaïv (Ukraine),מיקולייב (אוקראינה),,css 201804,skipped: no valid 034
987012735376605171,https://www.nli.org.il/he/authorities/987012735376605171,20260212-20260218,live,dms-missing-leading-zero,[geonames] d=E244457 e=E244457 f=N483306 g=N483306,d=E0244457 e=E0244457 f=N0483306 g=N0483306,Lanchyn (Ukraine),לנצ'ין (אוקראינה),Q4254088,BMC 202403,skipped: no valid 034
987012737076205171,https://www.nli.org.il/he/authorities/987012737076205171,20260212-20260218,live,dms-missing-leading-zero,[geonames] d=E253423 e=E253423 f=N491011 g=N491011,d=E0253423 e=E0253423 f=N0491011 g=N0491011,Laskivtsi (Ukraine),לאסקיבצי (אוקראינה),Q4254782,BMC 202403,skipped: no valid 034
987007512638605171,https://www.nli.org.il/he/authorities/987007512638605171,20260212-20260218,live,dms-missing-leading-zero,[geonames] d=E260325 e=E260325 f=N484014 g=N484014,d=E0260325 e=E0260325 f=N0484014 g=N0484014,"Babynt︠s︡i (Ternopilʹsʹka oblastʹ, Ukraine)","בבינצי (מחוז טרנופול, אוקראינה)",Q4074375,,skipped: no valid 034
987012658772405171,https://www.nli.org.il/he/authorities/987012658772405171,20260212-20260218,live,dms-missing-leading-zero,[geonames] d=W610612 e=W610612 f=S341351 g=S341351,d=W0610612 e=W0610612 f=S0341351 g=S0341351,Ascensión (Argentina),אסנשן (ארגנטינה),Q5707921,BMC 202401,skipped: no valid 034
987012735376705171,https://www.nli.org.il/he/authorities/987012735376705171,20260212-20260218,live,dms-missing-leading-zero,[geonames] d=E225830 e=E225830 f=N491946 g=N491946,d=E0225830 e=E0225830 f=N0491946 g=N0491946,Strilky (Ukraine),סטרילקי (אוקראינה),Q4443674,BMC 202403,skipped: no valid 034
987012788864005171,https://www.nli.org.il/he/authorities/987012788864005171,20260212-20260218,live,dms-missing-leading-zero,[geonames] d=E171728 e=E171728 f=N530713 g=N530713,d=E0171728 e=E0171728 f=N0530713 g=N0530713,Osiek nad Notecią (Poland),אוסייק נאד נוטציה (פולין),Q7106782,BMC 202405,skipped: no valid 034
987012851876605171,https://www.nli.org.il/he/authorities/987012851876605171,20260212-20260218,live,dms-missing-leading-zero,[geonames] d=E245943 e=E245943 f=N485410 g=N485410,d=E0245943 e=E0245943 f=N0485410 g=N0485410,Palahychi (Ukraine),פלאהיצ'י (אוקראינה),Q4342411,BMC 202407,skipped: no valid 034
987012851977005171,https://www.nli.org.il/he/authorities/987012851977005171,20260212-20260218,live,dms-missing-leading-zero,[geonames] d=E036539 e=E036539 f=N0314856 g=N0314856,,Al-Muwaqqar (Jordan : District),אל-מואקר (ירדן : מחוז),Q27126230,css 202407,skipped: no valid 034
987012858522105171,https://www.nli.org.il/he/authorities/987012858522105171,20260212-20260218,live,dms-missing-leading-zero,[geonames] d=E162600 e=E162600 f=N475500 g=N475500,d=E0162600 e=E0162600 f=N0475500 g=N0475500,Wimpassing an der Leitha (Austria),וימפסינג אן דר לייתה (אוסטריה),237445148 | Q662709,BMC 202407,skipped: no valid 034
987012858532105171,https://www.nli.org.il/he/authorities/987012858532105171,20260212-20260218,live,dms-missing-leading-zero,[geonames] d=E162956 e=E162956 f=N473416 g=N473416,d=E0162956 e=E0162956 f=N0473416 g=N0473416,Unterfrauenhaid (Austria),אונטרפרואנהייד (אוסטריה),134681326 | Q671794,BMC 202407,skipped: no valid 034
987012858534405171,https://www.nli.org.il/he/authorities/987012858534405171,20260212-20260218,live,dms-missing-leading-zero,[geonames] d=E242611 e=E242611 f=N485759 g=N485759,d=E0242611 e=E0242611 f=N0485759 g=N0485759,"I︠A︡vorivka (Kalus'kyi rayon, Ukraine)","יאבוריבקה (מחוז קאלוסקי, אוקראינה)",Q4536049,BMC 202407,skipped: no valid 034
987012858547405171,https://www.nli.org.il/he/authorities/987012858547405171,20260212-20260218,live,dms-missing-leading-zero,[geonames] d=E244051 e=E244051 f=N501952 g=N501952,d=E0244051 e=E0244051 f=N0501952 g=N0501952,Tetevchytsi (Ukraine),טטבצ'יצי (אוקראינה),Q4456507,BMC 202407,skipped: no valid 034
987012875572605171,https://www.nli.org.il/he/authorities/987012875572605171,20260212-20260218,live,dms-missing-leading-zero,[geonames] d=E134743 e=E134743 f=N423529 g=N423529,d=E0134743 e=E0134743 f=N0423529 g=N0423529,Cermignano (Italy),צרמיניאנו (איטליה),Q51439,BMC 202408,skipped: no valid 034
987012875576405171,https://www.nli.org.il/he/authorities/987012875576405171,20260212-20260218,live,dms-missing-leading-zero,[geonames] d=E295339 e=E295339 f=N505619 g=N505619,d=E0295339 e=E0295339 f=N0505619 g=N0505619,"Ivankiv (Kyïvsʹka oblastʹ, Ukraine)","איוונקיב (מחוז קייב, אוקראינה)",244756311 | Q797423,BMC 202408,skipped: no valid 034
987012875573005171,https://www.nli.org.il/he/authorities/987012875573005171,20260212-20260218,live,dms-missing-leading-zero,[geonames] d=E142105 e=E142105 f=N415705 g=N415705,d=E0142105 e=E0142105 f=N0415705 g=N0415705,Villa Santa Maria (Italy),וילה סנטה מריה (איטליה),245858282 | Q51317,BMC 202408,skipped: no valid 034
987012881361105171,https://www.nli.org.il/he/authorities/987012881361105171,20260212-20260218,live,dms-missing-leading-zero,[geonames] d=W463939 e=W463939 f=S233643 g=S233643,d=W0463939 e=W0463939 f=S0233643 g=S0233643,"Indianópolis (São Paulo, Brazil)","אינדיאנופוליס (סאו פאולו, ברזיל)",12150323689509971961 | Q10301972,BMC 202408,skipped: no valid 034
987012881362705171,https://www.nli.org.il/he/authorities/987012881362705171,20260212-20260218,live,dms-missing-leading-zero,[geonames] d=E64503 e=E64503 f=N492000 g=N492000,d=E0064503 e=E0064503 f=N0492000 g=N0492000,"Roden (Saarluis, Germany)","רודן (סארלואי, גרמניה)",243029913 | Q2160979,BMC 202408,skipped: no valid 034
987012881370705171,https://www.nli.org.il/he/authorities/987012881370705171,20260212-20260218,live,dms-missing-leading-zero,[geonames] d=E111545 e=E111545 f=N454728 g=N454728,d=E0111545 e=E0111545 f=N0454728 g=N0454728,Posina (Italy),פוזינה (איטליה),233889086 | Q46860,BMC 202408,skipped: no valid 034
987012900676205171,https://www.nli.org.il/he/authorities/987012900676205171,20260212-20260218,live,dms-missing-leading-zero,[geonames] d=E154611 e=E154611 f=N491443 g=N491443,d=E0154611 e=E0154611 f=N0491443 g=N0491443,Okříšky (Czech Republic),אוקרישי (צ'כיה),301058120 | Q2703812,BMC 202408,skipped: no valid 034
987012922167305171,https://www.nli.org.il/he/authorities/987012922167305171,20260212-20260218,live,dms-missing-leading-zero,[geonames] d=E244833 e=E244833 f=N491112 g=N491112,d=E0244833 e=E0244833 f=N0491112 g=N0491112,Kukilnyky (Ukraine),קוקילניקי (אוקראינה),Q4245824,BMC 202409,skipped: no valid 034
987012922175005171,https://www.nli.org.il/he/authorities/987012922175005171,20260212-20260218,live,dms-missing-leading-zero,[geonames] d=E142700 e=E142700 f=N415206 g=N415206,d=E0142700 e=E0142700 f=N0415206 g=N0415206,Castiglione Messer Marino (Italy),קסטיליונה מסר מרינו (איטליה),244802527 | Q51202,BMC 202409,skipped: no valid 034
987012939872305171,https://www.nli.org.il/he/authorities/987012939872305171,20260212-20260218,live,dms-missing-leading-zero,[geonames] d=E241017 e=E241017 f=N475608 g=N475608,d=E0241017 e=E0241017 f=N0475608 g=N0475608,Dilove (Ukraine),דילובה (אוקראינה),Q600388,BMC 202409,skipped: no valid 034
987012939875105171,https://www.nli.org.il/he/authorities/987012939875105171,20260212-20260218,live,dms-missing-leading-zero,[geonames] d=E163000 e=E163000 f=N475100 g=N475100,d=E0163000 e=E0163000 f=N0475100 g=N0475100,"Oberberg-Eisenstadt (Eisenstadt, Austria)","אובברג-אייזנשטדט (אייזנשטדט, אוסטריה)",242727399 | Q664876,BMC 202409,skipped: no valid 034
987012945176805171,https://www.nli.org.il/he/authorities/987012945176805171,20260212-20260218,live,dms-missing-leading-zero,[geonames] d=E243808 e=E243808 f=N484950 g=N484950,d=E0243808 e=E0243808 f=N0484950 g=N0484950,Ivanikivka (Ukraine),איבניקיבקה (אוקראינה),Q4195730,BMC 202409,skipped: no valid 034
987012945177105171,https://www.nli.org.il/he/authorities/987012945177105171,20260212-20260218,live,dms-missing-leading-zero,[geonames] d=E260932 e=E260932 f=N485614 g=N485614,d=E0260932 e=E0260932 f=N0485614 g=N0485614,Bosyry (Ukraine),בוסירי (אוקראינה),Q4095072,BMC 202409,skipped: no valid 034
987012965177005171,https://www.nli.org.il/he/authorities/987012965177005171,20260212-20260218,live,dms-missing-leading-zero,[geonames] d=E244957 e=E244957 f=N512245 g=N512245,d=E0244957 e=E0244957 f=N0512245 g=N0512245,Volia (Ukraine),ווליה (אוקראינה),Q2068366,BMC 202409,skipped: no valid 034
987012978053305171,https://www.nli.org.il/he/authorities/987012978053305171,20260212-20260218,live,dms-missing-leading-zero,[geonames] d=E245957 e=E245957 f=N491358 g=N491358,d=E0245957 e=E0245957 f=N0491358 g=N0491358,Nosiv (Ukraine),נוסיב (אוקראינה),Q4327601,BMC 202410,skipped: no valid 034
987012978055305171,https://www.nli.org.il/he/authorities/987012978055305171,20260212-20260218,live,dms-missing-leading-zero,[geonames] d=E250141 e=E250141 f=N493645 g=N493645,d=E0250141 e=E0250141 f=N0493645 g=N0493645,Hodiv (Ukraine),הודיב (אוקראינה),Q9293202,BMC 202410,skipped: no valid 034
987012978076205171,https://www.nli.org.il/he/authorities/987012978076205171,20260212-20260218,live,dms-missing-leading-zero,[geonames] d=E261257 e=E261257 f=N484258 g=N484258,d=E0261257 e=E0261257 f=N0484258 g=N0484258,Nyvra (Ukraine),ניברה (אוקראינה),Q4318480,BMC 202410,skipped: no valid 034
987013147776505171,https://www.nli.org.il/he/authorities/987013147776505171,20260212-20260218,live,dms-missing-leading-zero,[geonames] d=E234913 e=E234913 f=N493441 g=N493441,d=E0234913 e=E0234913 f=N0493441 g=N0493441,Velyka Horozhanna (Ukraine),וליקה הורוז'נה (אוקראינה),Q4106256,BMC 202412,skipped: no valid 034
987012938576205171,https://www.nli.org.il/he/authorities/987012938576205171,20260212-20260218,live,dms-missing-leading-zero,[geonames] d=E245506 e=E245506 f=N495000 g=N495000,d=E0245506 e=E0245506 f=N0495000 g=N0495000,Yelykhovychi (Ukraine),יליחוביצ'י (אוקראינה),Q59562,BMC 202409,skipped: no valid 034
987012965169505171,https://www.nli.org.il/he/authorities/987012965169505171,20260212-20260218,live,dms-missing-leading-zero,[geonames] d=E255311 e=E255311 f=N483525 g=N483525,d=E0255311 e=E0255311 f=N0483525 g=N0483525,Doroshivtsi (Ukraine),דורושיבצי (אוקראינה),Q4167088,BMC 202410,skipped: no valid 034
987012968962705171,https://www.nli.org.il/he/authorities/987012968962705171,20260212-20260218,live,dms-missing-leading-zero,[geonames] d=E113254 e=E113254 f=N451740 g=N451740,d=E0113254 e=E0113254 f=N0451740 g=N0451740,Noventa Vicentina (Italy),נובנטה ויצ'נטינה (איטליה),238166389 | Q46576,BMC 202410,skipped: no valid 034
987012978065405171,https://www.nli.org.il/he/authorities/987012978065405171,20260212-20260218,live,dms-missing-leading-zero,[geonames] d=E151515 e=E151515 f=N490810 g=N490810,d=E0151515 e=E0151515 f=N0490810 g=N0490810,"Olšany (Studená, Czech Republic)","אולשני (סטודנה, צ'כיה)",Q12042595,BMC 202410,skipped: no valid 034
987013052974605171,https://www.nli.org.il/he/authorities/987013052974605171,20260212-20260218,live,dms-missing-leading-zero,[geonames] d=E243337 e=E243337 f=N500103 g=N500103,d=E0243337 e=E0243337 f=N0500103 g=N0500103,Pobuzhany (Ukraine),פובוז'אני (אוקראינה),Q4366289,BMC 202411,skipped: no valid 034
987013119877005171,https://www.nli.org.il/he/authorities/987013119877005171,20260212-20260218,live,dms-missing-leading-zero,[geonames] d=E221934 e=E221934 f=N475952 g=N475952,d=E0221934 e=E0221934 f=N0475952 g=N0475952,Ópályi (Hungary),אופאלי (הונגריה),Q1093658,BMC 202411,skipped: no valid 034
987013215704105171,https://www.nli.org.il/he/authorities/987013215704105171,20260212-20260218,live,dms-missing-leading-zero,[geonames] d=E250112 e=E250112 f=N484015 g=N484015,d=E0250112 e=E0250112 f=N0484015 g=N0484015,"Korshiv (Ivano-Frankivsʹka oblastʹ, Ukraine)","קורשיב (מחוז איוונו-פרנקיבסק, אוקראינה)",Q4234559,BMC 202501,skipped: no valid 034
987013219707505171,https://www.nli.org.il/he/authorities/987013219707505171,20260212-20260218,live,dms-missing-leading-zero,[geonames] d=E245625 e=E245625 f=N482408 g=N482408,d=E0245625 e=E0245625 f=N0482408 g=N0482408,"Yabluniv (Kosivsʹkyĭ raĭon, Ukraine)","יאבלוניב (מחוז קוסיבסקי, אוקראינה)",Q2619337,BMC 202501,skipped: no valid 034
987013281096505171,https://www.nli.org.il/he/authorities/987013281096505171,20260212-20260218,live,dms-missing-leading-zero,[geonames] d=E184821 e=E184821 f=N480108 g=N480108,d=E0184821 e=E0184821 f=N0480108 g=N0480108,Ipeľský Sokolec (Slovakia),איפלסקי סוקולץ (סלובקיה),3005156565749723500006 | Q1043101,BMC 202502,skipped: no valid 034
987013184880805171,https://www.nli.org.il/he/authorities/987013184880805171,20260212-20260218,live,dms-missing-leading-zero,[geonames] d=E255731 e=E255731 f=N483703 g=N483703,d=E0255731 e=E0255731 f=N0483703 g=N0483703,"Synʹkiv (Chortkivsʹkyĭ raĭon, Ukraine)","סינקיב (מחוז צ'ורטקוב, אוקראינה)",Q4420523,BMC 202501,skipped: no valid 034
987013184880905171,https://www.nli.org.il/he/authorities/987013184880905171,20260212-20260218,live,dms-missing-leading-zero,[geonames] d=E221306 e=E221306 f=N483510 g=N483510,d=E0221306 e=E0221306 f=N0483510 g=N0483510,Tarnivtsi (Ukraine),טרניבצי (אוקראינה),Q264332,BMC 202501,skipped: no valid 034
987013184896505171,https://www.nli.org.il/he/authorities/987013184896505171,20260212-20260218,live,dms-missing-leading-zero,[geonames] d=E153907 e=E153907 f=N490216 g=N490216,d=E0153907 e=E0153907 f=N0490216 g=N0490216,Oponešice (Czech Republic),אופונסיצה (צ'כיה),Q166013,BMC 202501,skipped: no valid 034
987013219678705171,https://www.nli.org.il/he/authorities/987013219678705171,20260212-20260218,live,dms-missing-leading-zero,[geonames] d=E165422 e=E165422 f=N472638 g=N472638,d=E0165422 e=E0165422 f=N0472638 g=N0472638,Iván (Hungary),איוון (הונגריה),249410900 | Q1046918,BMC 202501,skipped: no valid 034
987013219683005171,https://www.nli.org.il/he/authorities/987013219683005171,20260212-20260218,live,dms-missing-leading-zero,[geonames] d=E252113 e=E252113 f=N484841 g=N484841,d=E0252113 e=E0252113 f=N0484841 g=N0484841,Unizh (Ukraine),אוניז' (אוקראינה),Q4475889,BMC 202501,skipped: no valid 034
987013219701205171,https://www.nli.org.il/he/authorities/987013219701205171,20260212-20260218,live,dms-missing-leading-zero,[geonames] d=E251412 e=E251412 f=N484542 g=N484542,d=E0251412 e=E0251412 f=N0484542 g=N0484542,Garasimiv (Ukraine),גאראסימיב (אוקראינה),Q4133562,BMC 202501,skipped: no valid 034
987013219708305171,https://www.nli.org.il/he/authorities/987013219708305171,20260212-20260218,live,dms-missing-leading-zero,[geonames] d=E243709 e=E243709 f=N493352 g=N493352,d=E0243709 e=E0243709 f=N0493352 g=N0493352,"Ivanivka (Lʹvivsʹka oblastʹ, Ukraine)","איוואניבקה (מחוז לביב, אוקראינה)",Q7265043 | 3134156434631312120004,BMC 202501,skipped: no valid 034
987013236710005171,https://www.nli.org.il/he/authorities/987013236710005171,20260212-20260218,live,dms-missing-leading-zero,[geonames] d=E252916 e=E252916 f=N484945 g=N484945,d=E0252916 e=E0252916 f=N0484945 g=N0484945,Lytiachi (Ukraine),ליטיאצ'י (אוקראינה),Q4264045,BMC 202502,skipped: no valid 034
987013273646105171,https://www.nli.org.il/he/authorities/987013273646105171,20260212-20260218,live,dms-missing-leading-zero,[geohack] d=E242223 e=E242223 f=N49059 g=N49059,d=E0242223 e=E0242223 f=N0049059 g=N0049059,"Zahiria (Kalush, Ukraine)","זהיריה (קלוש, אוקראינה)",Q25443415,BMC 202502,skipped: no valid 034
987013304375905171,https://www.nli.org.il/he/authorities/987013304375905171,20260212-20260218,live,dms-missing-leading-zero,[geonames] d=E235854 e=E235854 f=N490025 g=N490025,d=E0235854 e=E0235854 f=N0490025 g=N0490025,"Dibrova (Kalusʹkyĭ raĭon, Ukraine)","דיברובה (מחוז קאלוסקי, אוקראינה)",Q4161119,BMC 202502,skipped: no valid 034
987013304358005171,https://www.nli.org.il/he/authorities/987013304358005171,20260212-20260218,live,dms-missing-leading-zero,[geonames] d=W645517 e=W645517 f=S312030 g=S312030,d=W0645517 e=W0645517 f=S0312030 g=S0312030,"San Gerónimo (Córdoba, Argentina)","סן חרונימו (קורדובה, ארגנטינה)",Q6118827,BMC 202502,skipped: no valid 034
987013304373605171,https://www.nli.org.il/he/authorities/987013304373605171,20260212-20260218,live,dms-missing-leading-zero,[geohack] d=E255535 e=E255535 f=N491428 g=N491428,d=E0255535 e=E0255535 f=N0491428 g=N0491428,Karashyntsi (Ukraine),קאראשינצי (אוקראינה),Q4214529,BMC 202502,skipped: no valid 034
987013339705905171,https://www.nli.org.il/he/authorities/987013339705905171,20260212-20260218,live,dms-missing-leading-zero,[geonames] d=E183252 e=E183252 f=N495345 g=N495345,d=E0183252 e=E0183252 f=N0495345 g=N0495345,Petrovice u Karviné (Czech Republic),פטרוביצה או קרווינה (צ'כיה),150832272 | Q1374121,BMC 202503,skipped: no valid 034
987013339709005171,https://www.nli.org.il/he/authorities/987013339709005171,20260212-20260218,live,dms-missing-leading-zero,[geonames] d=E233141 e=E233141 f=N500853 g=N500853,d=E0233141 e=E0233141 f=N0500853 g=N0500853,Seredkevychi (Ukraine),סרדקביץ'י (אוקראינה),Q4417505,BMC 202503,skipped: no valid 034
987013348400205171,https://www.nli.org.il/he/authorities/987013348400205171,20260212-20260218,live,dms-missing-leading-zero,[geonames] d=E162237 e=E162237 f=N472714 g=N472714,d=E0162237 e=E0162237 f=N0472714 g=N0472714,"Unterrabnitz (Unterrabnitz-Schwendgraben, Austria)","אונטררבניץ (אונטררבניץ-שווינדגראבן, אוסטריה)",157794981 | Q679104,BMC 202503,skipped: no valid 034
987013348706805171,https://www.nli.org.il/he/authorities/987013348706805171,20260212-20260218,live,dms-missing-leading-zero,[geonames] d=E260207 e=E260207 f=N480156 g=N480156,d=E0260207 e=E0260207 f=N0480156 g=N0480156,Sterche (Ukraine),סטרצ'ה (אוקראינה),Q4442409,BMC 202504,skipped: no valid 034
987013348807105171,https://www.nli.org.il/he/authorities/987013348807105171,20260212-20260218,live,dms-missing-leading-zero,[geonames] d=E270200 e=E270200 f=N470500 g=N470500,d=E0270200 e=E0270200 f=N0470500 g=N0470500,"Oțeleni (județul Iași, Romania)","אוטלני (מחוז יאסי, רומניה)",Q482084,BMC 202503,skipped: no valid 034
987013387634105171,https://www.nli.org.il/he/authorities/987013387634105171,20260212-20260218,live,dms-missing-leading-zero,[geonames] d=E255426 e=E255426 f=N482753 g=N482753,d=E0255426 e=E0255426 f=N0482753 g=N0482753,Malyĭ Kuchuriv (Ukraine),מלי קוצ'וריב (אוקראינה),Q4278995,BMC 202504,skipped: no valid 034
987013387634805171,https://www.nli.org.il/he/authorities/987013387634805171,20260212-20260218,live,dms-missing-leading-zero,[geonames] d=E254008 e=E254008 f=N481634 g=N481634,d=E0254008 e=E0254008 f=N0481634 g=N0481634,"Yaseny (Chernivet︠s︡ʹka oblastʹ, Ukraine)","יאסני (מחוז צ'רנוביץ, אוקראינה)",Q4539240,BMC 202504,skipped: no valid 034
987013401032005171,https://www.nli.org.il/he/authorities/987013401032005171,20260212-20260218,live,dms-missing-leading-zero,[geonames] d=E234850 e=E234850 f=N491025 g=N491025,d=E0234850 e=E0234850 f=N0491025 g=N0491025,Nizhnia Lukavitsia (Ukraine),ניז'נה לוקאוויציה (אוקראינה),Q4319335,BMC 202504,skipped: no valid 034
987013405636305171,https://www.nli.org.il/he/authorities/987013405636305171,20260212-20260218,live,dms-missing-leading-zero,[geonames] d=E165906 e=E165906 f=N472219 g=N472219,d=E0165906 e=E0165906 f=N0472219 g=N0472219,Uraiújfalu (Hungary),אוראיויפאלו (הונגריה),Q1185240,BMC 202504,skipped: no valid 034
987013405639505171,https://www.nli.org.il/he/authorities/987013405639505171,20260212-20260218,live,dms-missing-leading-zero,[geonames] d=E153525 e=E153525 f=N493202 g=N493202,d=E0153525 e=E0153525 f=N0493202 g=N0493202,"Skřivánek (Okrouhlička, Czech Republic)","סקריוואנק (אוקרוהליצקה, צ'כיה)",Q2293558,BMC 202504,skipped: no valid 034
987013426657905171,https://www.nli.org.il/he/authorities/987013426657905171,20260212-20260218,live,dms-missing-leading-zero,[geonames] d=E244517 e=E244517 f=N483818 g=N483818,d=E0244517 e=E0244517 f=N0483818 g=N0483818,"Serednii Maidan (Ivano-Frankivsʹka oblastʹ, Ukraine)","סרדניי מיידן (מחוז איוונו-פרנקיבסק, אוקראינה)",Q4438626,BMC 202505,skipped: no valid 034
987013437200305171,https://www.nli.org.il/he/authorities/987013437200305171,20260212-20260218,live,dms-missing-leading-zero,[geonames] d=E172628 e=E172628 f=N482803 g=N482803,d=E0172628 e=E0172628 f=N0482803 g=N0482803,Horné Orešany (Slovakia),הורנה אורשאני (סלובקיה),240576278 | Q427045,BMC 202505,skipped: no valid 034
987013472828905171,https://www.nli.org.il/he/authorities/987013472828905171,20260212-20260218,live,dms-missing-leading-zero,[geonames] d=E250239 e=E250239 f=N495743 g=N495743,d=E0250239 e=E0250239 f=N0495743 g=N0495743,I︠A︡seniv (Ukraine),יאסניב (אוקראינה),Q4539195,BMC 202506,skipped: no valid 034
987013472829505171,https://www.nli.org.il/he/authorities/987013472829505171,20260212-20260218,live,dms-missing-leading-zero,[geonames] d=E235617 e=E235617 f=N500449 g=N500449,d=E0235617 e=E0235617 f=N0500449 g=N0500449,Volia-Visots'ka (Ukraine),וליה-ויסוצקה (אוקראינה),6132170011267484810005 | Q4124817,BMC 202506,skipped: no valid 034
987013475863005171,https://www.nli.org.il/he/authorities/987013475863005171,20260212-20260218,live,dms-missing-leading-zero,[geonames] d=E191402 e=E191402 f=N494338 g=N494338,d=E0191402 e=E0191402 f=N0494338 g=N0494338,"Oczków (Żywiec, Poland)","אוצקוב (ז'יוויץ, פולין)",Q11795802,BMC 202506,skipped: no valid 034
987013525876505171,https://www.nli.org.il/he/authorities/987013525876505171,20260212-20260218,live,dms-missing-leading-zero,[geonames] d=E244411 e=E244411 f=N491731 g=N491731,d=E0244411 e=E0244411 f=N0491731 g=N0491731,"Dibrova (Ivano-Frankivsʹkyĭ raĭon, Ukraine)","דיברובה (מחוז איוונו-פרנקיבסק, אוקראינה)",Q4161140,BMC 202507,skipped: no valid 034
987013552761005171,https://www.nli.org.il/he/authorities/987013552761005171,20260212-20260218,live,dms-missing-leading-zero,[geonames] d=E244851 e=E244851 f=N495739 g=N495739,d=E0244851 e=E0244851 f=N0495739 g=N0495739,Ozhydiv (Ukraine),וז'ידיב (אוקראינה),Q4331888,BMC 202507,skipped: no valid 034
987013552763705171,https://www.nli.org.il/he/authorities/987013552763705171,20260212-20260218,live,dms-missing-leading-zero,[geonames] d=E274200 e=E274200 f=N494700 g=N494700,d=E0274200 e=E0274200 f=N0494700 g=N0494700,Ozharivka (Ukraine),אוז'ריבקה (אוקראינה),Q4331829,BMC 202507,skipped: no valid 034
987013552763805171,https://www.nli.org.il/he/authorities/987013552763805171,20260212-20260218,live,dms-missing-leading-zero,[geonames] d=E274822 e=E274822 f=N483225 g=N483225,d=E0274822 e=E0274822 f=N0483225 g=N0483225,Ozaryntsi (Ukraine),אוזארינצי (אוקראינה),Q2510543,BMC 202507,skipped: no valid 034
987013553860705171,https://www.nli.org.il/he/authorities/987013553860705171,20260212-20260218,live,dms-missing-leading-zero,[] d=E93901 e=E93901 f=N541646 g=N541646,d=E0093901 e=E0093901 f=N0541646 g=N0541646,Westerrönfeld (Germany),וסטרונפלד (גרמניה),246126443 | Q632121,beb 202507,skipped: no valid 034
987013553861505171,https://www.nli.org.il/he/authorities/987013553861505171,20260212-20260218,live,dms-missing-leading-zero,[] d=E91131 e=E91131 f=N500144 g=N500144,d=E0091131 e=E0091131 f=N0500144 g=N0500144,Wenighösbach (Germany),וניגהוסבאך (גרמניה),241509585 | Q2559444,beb 202507,skipped: no valid 034
987013617676005171,https://www.nli.org.il/he/authorities/987013617676005171,20260212-20260218,live,dms-missing-leading-zero,[] d=E53200 e=E53200 f=N491200 g=N491200,d=E0053200 e=E0053200 f=N0491200 g=N0491200,Abaucourt-Hautecourt (France),אבוקור-אותקור (צרפת),5325175417579204080005 | Q228231,BEB 202508,skipped: no valid 034
987013624148505171,https://www.nli.org.il/he/authorities/987013624148505171,20260212-20260218,live,dms-missing-leading-zero,[] d=E24224 e=E24224 f=N484925 g=N484925,d=E0024224 e=E0024224 f=N0484925 g=N0484925,Ferrières-en-Brie (France),פרייר-אן-ברי (צרפת),145789183 | Q1453372,BEB 202509,skipped: no valid 034
987013625049705171,https://www.nli.org.il/he/authorities/987013625049705171,20260212-20260218,live,dms-missing-leading-zero,[] d=E13617 e=E13617 f=N500335 g=N500335,d=E0013617 e=E0013617 f=N0500335 g=N0500335,Feuquières-en-Vimeu (France),פקייר-אן-וימה (צרפת),4783175417554704080006 | Q121788,BEB 202509,skipped: no valid 034
987013617674905171,https://www.nli.org.il/he/authorities/987013617674905171,20260212-20260218,live,dms-missing-leading-zero,[] d=W10215 e=W10215 f=N473339 g=N473339,d=W0010215 e=W0010215 f=N0473339 g=N0473339,"Candé (Maine-et-Loire, France)","קאנד (מן ולואר, צרפת)",238170086 | Q1463786,BEB 202508,skipped: no valid 034
987013624138705171,https://www.nli.org.il/he/authorities/987013624138705171,20260212-20260218,live,dms-missing-leading-zero,[] d=W01443 e=W01443 f=N484557 g=N484557,d=W0001443 e=W0001443 f=N0484557 g=N0484557,Putanges-Pont-Écrepin (France),פוטנז'-פונט-אקרפן (צרפת),1909145424629686831053 | Q748431,BEB 202509,skipped: no valid 034
987013721053405171,https://www.nli.org.il/he/authorities/987013721053405171,20260212-20260218,live,dms-missing-leading-zero,[geohack] d=E224102 e=E224102 f=N482559 g=N482559,d=E0224102 e=E0224102 f=N0482559 g=N0482559,"Palanok (Mukacheve, Ukraine)","פלאנוק (מוקצ'בו, אוקראינה)",251014600 | Q2047325,BMC 202509,skipped: no valid 034
987013721058605171,https://www.nli.org.il/he/authorities/987013721058605171,20260212-20260218,live,dms-missing-leading-zero,[geonames] d=E181332 e=E181332 f=N485403 g=N485403,d=E0181332 e=E0181332 f=N0485403 g=N0485403,Omšenie (Slovakia),אומשניה (סלובקיה),234794537 | Q1070695,BMC 202509,skipped: no valid 034
987013725458305171,https://www.nli.org.il/he/authorities/987013725458305171,20260212-20260218,live,dms-missing-leading-zero,[geonames] d=E234259 e=E234259 f=N485646 g=N485646,d=E0234259 e=E0234259 f=N0485646 g=N0485646,"Lypa (Kalusʹkyĭ raĭon, Ukraine)","ליפה (מחוז קאלוסקי, אוקראינה)",Q7239639,BMC 202509,skipped: no valid 034
987013791545505171,https://www.nli.org.il/he/authorities/987013791545505171,20260212-20260218,live,dms-missing-leading-zero,[geonames] d=E244927 e=E244927 f=N490110 g=N490110,d=E0244927 e=E0244927 f=N0490110 g=N0490110,Poberezhzhia (Ukraine),פוברז'יה (אוקראינה),Q4366257,BMC 202511,skipped: no valid 034
987013800309905171,https://www.nli.org.il/he/authorities/987013800309905171,20260212-20260218,live,dms-missing-leading-zero,[geonames] d=E172750 e=E172750 f=N485650 g=N485650,d=E0172750 e=E0172750 f=N0485650 g=N0485650,Blatnice pod Svatým Antonínkem (Czech Republic),בלטניצה פוד סוואטיים אנטונינקם (צ'כיה),1404159699924403500002 | Q882122,BMC 202511,skipped: no valid 034
987013804717905171,https://www.nli.org.il/he/authorities/987013804717905171,20260212-20260218,live,dms-missing-leading-zero,[geonames] d=E230504 e=E230504 f=N492848 g=N492848,d=E0230504 e=E0230504 f=N0492848 g=N0492848,Torhanovychi (Ukraine),טורהאנוביצ'י (אוקראינה),Q4460975,BMC 202511,skipped: no valid 034
987013806272805171,https://www.nli.org.il/he/authorities/987013806272805171,20260212-20260218,live,dms-missing-leading-zero,[geonames] d=E151438 e=E151438 f=N492355 g=N492355,d=E0151438 e=E0151438 f=N0492355 g=N0492355,"Pavlov (okres Pelhřimov, Czech Republic)","פבלוב (מחוז משנה פלהרימוב, צ'כיה)",Q1026777,BMC 202511,skipped: no valid 034
987013806287205171,https://www.nli.org.il/he/authorities/987013806287205171,20260212-20260218,live,dms-missing-leading-zero,[geonames] d=E243855 e=E243855 f=N490330 g=N490330,d=E0243855 e=E0243855 f=N0490330 g=N0490330,Viktoriv (Ukraine),ויקטוריב (אוקראינה),Q4111071,BMC 202511,skipped: no valid 034
987013725456905171,https://www.nli.org.il/he/authorities/987013725456905171,20260212-20260218,live,dms-missing-leading-zero,[geonames] d=E131249 e=E131249 f=N494205 g=N494205,d=E0131249 e=E0131249 f=N0494205 g=N0494205,"Úherce (okres Plzeň-sever, Czech Republic)","אוחרצה (מחוז פלזן-צפון, צ'כיה)",386172822063912920009 | Q2413215,BMC 202509,skipped: no valid 034
987013901330205171,https://www.nli.org.il/he/authorities/987013901330205171,20260212-20260218,live,dms-missing-leading-zero,[geonames] d=E243949 e=E243949 f=N485522 g=N485522,d=E0243949 e=E0243949 f=N0485522 g=N0485522,Zahvizdia (Ukraine),זהויזדיה (אוקראינה),Q4183437,BMC 202512,skipped: no valid 034
987013893130205171,https://www.nli.org.il/he/authorities/987013893130205171,20260212-20260218,live,dms-missing-leading-zero,[geonames] d=E194436 e=E194436 f=N495757 g=N495757,d=E0194436 e=E0194436 f=N0495757 g=N0495757,"Ochodza (Województwo małopolskie, Poland)","אוחודזה (פולין קטן, פולין)",Q7076362,BMC 202511,skipped: no valid 034
987014011368805171,https://www.nli.org.il/he/authorities/987014011368805171,20260212-20260218,live,dms-missing-leading-zero,[geonames] d=E253937 e=E253937 f=N482754 g=N482754,d=E0253937 e=E0253937 f=N0482754 g=N0482754,"Havrylivtsi (Chernivet︠s︡ʹka oblastʹ, Ukraine)","הבריליבצי (מחוז צ'רנוביץ, אוקראינה)",Q4131286,BMC 202512,skipped: no valid 034
987007512755305171,https://www.nli.org.il/he/authorities/987007512755305171,20260212-20260218,live,dms-missing-leading-zero,[geonames] d=E244121 e=E244121 f=N500506 g=N500506,d=E0244121 e=E0244121 f=N0500506 g=N0500506,Chanizh (Ukraine),צ'אניז' (אוקראינה),Q4507116,,skipped: no valid 034
987012616552205171,https://www.nli.org.il/he/authorities/987012616552205171,20260212-20260218,live,dms-missing-leading-zero,[geonames] d=E04643 e=E04643 f=N455342 g=N455342,d=E0004643 e=E0004643 f=N0455342 g=N0455342,Étagnac (France),אטניאק (צרפת),Q1155774,BMC 202401,skipped: no valid 034
987012624375605171,https://www.nli.org.il/he/authorities/987012624375605171,20260212-20260218,live,dms-missing-leading-zero,[geonames] d=E12048 e=E12048 f=N470505 g=N470505,d=E0012048 e=E0012048 f=N0470505 g=N0470505,Écueillé (France),אקוי (צרפת),Q273736,BMC 202401,skipped: no valid 034
987012635976205171,https://www.nli.org.il/he/authorities/987012635976205171,20260212-20260218,live,dms-missing-leading-zero,[geonames] d=E24116 e=E24116 f=N453624 g=N453624,d=E0024116 e=E0024116 f=N0453624 g=N0453624,Saint-Sauves-d'Auvergne (France),סן-סוב-ד'וברן (צרפת),314862826 | Q1046892,BMC 202401,skipped: no valid 034
987012654575105171,https://www.nli.org.il/he/authorities/987012654575105171,20260212-20260218,live,dms-missing-leading-zero,[geonames] d=W20214 e=W20214 f=N470453 g=N470453,d=W0020214 e=W0020214 f=N0470453 g=N0470453,La Bernerie-en-Retz (France),לה ברנרי-אן-רץ (צרפת),Q1001591,BMC 202401,skipped: no valid 034
987012658762405171,https://www.nli.org.il/he/authorities/987012658762405171,20260212-20260218,live,dms-missing-leading-zero,[geonames] d=E254427 e=E254427 f=N483246 g=N483246,d=E0254427 e=E0254427 f=N0483246 g=N0483246,Verenchanka (Ukraine),ורנצ'נקה (אוקראינה),Q4107674,BMC 202401,skipped: no valid 034
987012688667805171,https://www.nli.org.il/he/authorities/987012688667805171,20260212-20260218,live,dms-missing-leading-zero,[geonames] d=E235422 e=E235422 f=N490416 g=N490416,d=E0235422 e=E0235422 f=N0490416 g=N0490416,Huziiv (Ukraine),חוזייב (אוקראינה),Q4151712,BMC 202402,skipped: no valid 034
987012788864605171,https://www.nli.org.il/he/authorities/987012788864605171,20260212-20260218,live,dms-missing-leading-zero,[geonames] d=E225538 e=E225538 f=N490352 g=N490352,d=E0225538 e=E0225538 f=N0490352 g=N0490352,Verkhniĭ Turiv (Ukraine),וורחני טוריב (אוקראינה),Q4108750,BMC 202405,skipped: no valid 034
987012735376005171,https://www.nli.org.il/he/authorities/987012735376005171,20260212-20260218,live,dms-missing-leading-zero,[geonames] d=E245808 e=E245808 f=N483651 g=N483651,d=E0245808 e=E0245808 f=N0483651 g=N0483651,Lisna Slobidka (Ukraine),ליסנה סלובידקה (אוקראינה),Q1504250,BMC 202403,skipped: no valid 034
987012735376105171,https://www.nli.org.il/he/authorities/987012735376105171,20260212-20260218,live,dms-missing-leading-zero,[geonames] d=E245135 e=E245135 f=N491819 g=N491819,d=E0245135 e=E0245135 f=N0491819 g=N0491819,Slov'yatyn (Ukraine),סלוב'יאטין (אוקראינה),Q4423105,BMC 202403,skipped: no valid 034
987012799070105171,https://www.nli.org.il/he/authorities/987012799070105171,20260212-20260218,live,dms-missing-leading-zero,[geonames] d=E01137 e=E01137 f=N05309 g=N05309,d=E0001137 e=E0001137 f=N0005309 g=N0005309,"Boberow (Karstädt, Germany)","בוברו (קארשטדט, גרמניה)",Q29376872,css 202405,skipped: no valid 034
987012858531605171,https://www.nli.org.il/he/authorities/987012858531605171,20260212-20260218,live,dms-missing-leading-zero,[geonames] d=E163015 e=E163015 f=N475029 g=N475029,d=E0163015 e=E0163015 f=N0475029 g=N0475029,Kleinhöflein im Burgenland (Austria),קליינהופליין אים בורגנלנד (אוסטריה),236158894 | Q259402,BMC 202407,skipped: no valid 034
987012858542905171,https://www.nli.org.il/he/authorities/987012858542905171,20260212-20260218,live,dms-missing-leading-zero,[geonames] d=E171049 e=E171049 f=N494550 g=N494550,d=E0171049 e=E0171049 f=N0494550 g=N0494550,"Újezd (Olomoucký kraj, Czech Republic)","אוז'ד (מחוז אולומואץ, צ'כיה)",Q330085,BMC 202407,skipped: no valid 034
987012858546705171,https://www.nli.org.il/he/authorities/987012858546705171,20260212-20260218,live,dms-missing-leading-zero,[geonames] d=E151500 e=E151500 f=N483900 g=N483900,d=E0151500 e=E0151500 f=N0483900 g=N0483900,Oberplöttbach (Austria),אוברפלוטבאך (אוסטריה),Q63438913,BMC 202407,skipped: no valid 034
987012812477105171,https://www.nli.org.il/he/authorities/987012812477105171,20260212-20260218,live,dms-missing-leading-zero,[geonames] d=E243928 e=E243928 f=N502227 g=N502227,d=E0243928 e=E0243928 f=N0502227 g=N0502227,Stoyaniv (Ukraine),סטויאניב (אוקראינה),Q4443237,BMC 202406,skipped: no valid 034
987012833875105171,https://www.nli.org.il/he/authorities/987012833875105171,20260212-20260218,live,dms-missing-leading-zero,[geonames] d=E235656 e=E235656 f=N490637 g=N490637,d=E0235656 e=E0235656 f=N0490637 g=N0490637,Mizhrichchia (Ukraine),מזרחצ'יה (אוקראינה),Q4288648,BMC 202406,skipped: no valid 034
987012851875405171,https://www.nli.org.il/he/authorities/987012851875405171,20260212-20260218,live,dms-missing-leading-zero,[geonames] d=E245508 e=E245508 f=N485758 g=N485758,d=E0245508 e=E0245508 f=N0485758 g=N0485758,Myluvannia (Ukraine),מיילובניה (אוקראינה),Q4293622,BMC 202407,skipped: no valid 034
987012881330305171,https://www.nli.org.il/he/authorities/987012881330305171,20260212-20260218,live,dms-missing-leading-zero,[geonames] d=E141102 e=E141102 f=N421813 g=N421813,d=E0141102 e=E0141102 f=N0421813 g=N0421813,Bucchianico (Italy),בוקאיניקו (איטליה),2038163877716846060003 | Q51188,BMC 202408,skipped: no valid 034
987012881334205171,https://www.nli.org.il/he/authorities/987012881334205171,20260212-20260218,live,dms-missing-leading-zero,[geonames] d=E255450 e=E255450 f=N485835 g=N485835,d=E0255450 e=E0255450 f=N0485835 g=N0485835,Shmankivchyky (Ukraine),שמנקיבצ'קי (אוקראינה),Q4525604,BMC 202408,skipped: no valid 034
987012881372605171,https://www.nli.org.il/he/authorities/987012881372605171,20260212-20260218,live,dms-missing-leading-zero,[geonames] d=E122013 e=E122013 f=N455045 g=N455045,d=E0122013 e=E0122013 f=N0455045 g=N0455045,Mareno di Piave (Italy),מרנו די פיאבה (איטליה),Q47495,BMC 202408,skipped: no valid 034
987012922167005171,https://www.nli.org.il/he/authorities/987012922167005171,20260212-20260218,live,dms-missing-leading-zero,[geonames] d=E252121 e=E252121 f=N490701 g=N490701,d=E0252121 e=E0252121 f=N0490701 g=N0490701,Perevoloka (Ukraine),פרבולוקה (אוקראינה),Q4350069,BMC 202409,skipped: no valid 034
987012922173005171,https://www.nli.org.il/he/authorities/987012922173005171,20260212-20260218,live,dms-missing-leading-zero,[geonames] d=E294929 e=E294929 f=N543545 g=N543545,d=E0294929 e=E0294929 f=N0543545 g=N0543545,Aboĺcy (Belarus),אבולצי (בלארוס),Q13132766,BMC 202409,skipped: no valid 034
987012965167605171,https://www.nli.org.il/he/authorities/987012965167605171,20260212-20260218,live,dms-missing-leading-zero,[geonames] d=E224208 e=E224208 f=N481043 g=N481043,d=E0224208 e=E0224208 f=N0481043 g=N0481043,Muzhiievo (Ukraine),מוז'ייבו (אוקראינה),Q830924,BMC 202410,skipped: no valid 034
987012978054905171,https://www.nli.org.il/he/authorities/987012978054905171,20260212-20260218,live,dms-missing-leading-zero,[geonames] d=E252322 e=E252322 f=N494344 g=N494344,d=E0252322 e=E0252322 f=N0494344 g=N0494344,"Nosivtsi (Ternopìlʹska oblastʹ, Ukraine)","נוסיבצי (מחוז טרנופול, אוקראינה)",Q4327638,BMC 202410,skipped: no valid 034
987012978067405171,https://www.nli.org.il/he/authorities/987012978067405171,20260212-20260218,live,dms-missing-leading-zero,[geonames] d=E222752 e=E222752 f=N514347 g=N514347,d=E0222752 e=E0222752 f=N0514347 g=N0514347,Wola Osowińska (Poland),וולה אוסובינסקה (פולין),Q648634,BMC 202410,skipped: no valid 034
987012978076905171,https://www.nli.org.il/he/authorities/987012978076905171,20260212-20260218,live,dms-missing-leading-zero,[geonames] d=E260250 e=E260250 f=N490823 g=N490823,d=E0260250 e=E0260250 f=N0490823 g=N0490823,Staryi Nyzhbirok (Ukraine),סטארי ניז'בירוק (אוקראינה),Q4441110,BMC 202410,skipped: no valid 034
987013147775505171,https://www.nli.org.il/he/authorities/987013147775505171,20260212-20260218,live,dms-missing-leading-zero,[geonames] d=E251320 e=E251320 f=N493537 g=N493537,d=E0251320 e=E0251320 f=N0493537 g=N0493537,Velyka Plavucha (Ukraine),וליקה פלאבוחה (אוקראינה),29165808506158970448 | Q4106318,BMC 202412,skipped: no valid 034
987012934672005171,https://www.nli.org.il/he/authorities/987012934672005171,20260212-20260218,live,dms-missing-leading-zero,[geonames] d=E250920 e=E250920 f=N475918 g=N475918,d=E0250920 e=E0250920 f=N0475918 g=N0475918,Serhii (Ukraine),סריי (אוקראינה),Q4417113,BMC 202409,skipped: no valid 034
987012934673705171,https://www.nli.org.il/he/authorities/987012934673705171,20260212-20260218,live,dms-missing-leading-zero,[geonames] d=E255839 e=E255839 f=N474531 g=N474531,d=E0255839 e=E0255839 f=N0474531 g=N0474531,Iaslovăț (Romania),יאסלובאט (רומניה),Q16427519,BMC 202409,skipped: no valid 034
987012934674105171,https://www.nli.org.il/he/authorities/987012934674105171,20260212-20260218,live,dms-missing-leading-zero,[geonames] d=E243639 e=E243639 f=N493207 g=N493207,d=E0243639 e=E0243639 f=N0493207 g=N0493207,Dusaniv (Ukraine),דוסאניב (אוקראינה),Q4171177,BMC 202409,skipped: no valid 034
987012939849705171,https://www.nli.org.il/he/authorities/987012939849705171,20260212-20260218,live,dms-missing-leading-zero,[geonames] d=E241459 e=E241459 f=N490025 g=N490025,d=E0241459 e=E0241459 f=N0490025 g=N0490025,Holyn (Ukraine),הולים (אוקראינה),Q4142701,BMC 202409,skipped: no valid 034
987012945156205171,https://www.nli.org.il/he/authorities/987012945156205171,20260212-20260218,live,dms-missing-leading-zero,[geonames] d=E233915 e=E233915 f=N494523 g=N494523,d=E0233915 e=E0233915 f=N0494523 g=N0494523,Cherlyany (Ukraine),צ'רליאני (אוקראינה),Q4513231,BMC 202409,skipped: no valid 034
987012945162405171,https://www.nli.org.il/he/authorities/987012945162405171,20260212-20260218,live,dms-missing-leading-zero,[geonames] d=E234821 e=E234821 f=N493830 g=N493830,d=E0234821 e=E0234821 f=N0493830 g=N0493830,Nikonkovichi (Ukraine),ניקונקוביצ'י (אוקראינה),Q4321107,BMC 202409,skipped: no valid 034
987012965175805171,https://www.nli.org.il/he/authorities/987012965175805171,20260212-20260218,live,dms-missing-leading-zero,[geonames] d=E243048 e=E243048 f=N485205 g=N485205,d=E0243048 e=E0243048 f=N0485205 g=N0485205,Nivochin (Ukraine),ניבוצ'ין (אוקראינה),Q4318479,BMC 202410,skipped: no valid 034
987012968961405171,https://www.nli.org.il/he/authorities/987012968961405171,20260212-20260218,live,dms-missing-leading-zero,[geonames] d=E241959 e=E241959 f=N485739 g=N485739,d=E0241959 e=E0241959 f=N0485739 g=N0485739,Novytsia (Ukraine),נוביציה (אוקראינה),Q783441,BMC 202410,skipped: no valid 034
987012968964505171,https://www.nli.org.il/he/authorities/987012968964505171,20260212-20260218,live,dms-missing-leading-zero,[geonames] d=E223722 e=E223722 f=N482627 g=N482627,d=E0223722 e=E0223722 f=N0482627 g=N0482627,Nove Davydkovo (Ukraine),אודוידהאזה (אוקראינה),Q630626,BMC 202410,skipped: no valid 034
987012978074105171,https://www.nli.org.il/he/authorities/987012978074105171,20260212-20260218,live,dms-missing-leading-zero,[geonames] d=E255751 e=E255751 f=N483251 g=N483251,d=E0255751 e=E0255751 f=N0483251 g=N0483251,Pohorilivka (Ukraine),פוהוריליבקה (אוקראינה),Q4366695,BMC 202410,skipped: no valid 034
987013032577005171,https://www.nli.org.il/he/authorities/987013032577005171,20260212-20260218,live,dms-missing-leading-zero,[geonames] d=E242007 e=E242007 f=N503106 g=N503106,d=E0242007 e=E0242007 f=N0503106 g=N0503106,Svytaziv (Ukraine),סביטאז'יב (אוקראינה),Q570384,BMC 202411,skipped: no valid 034
987013035277005171,https://www.nli.org.il/he/authorities/987013035277005171,20260212-20260218,live,dms-missing-leading-zero,[geohack] d=E24196 e=E24196 f=N493811 g=N493811,d=E0024196 e=E0024196 f=N0493811 g=N0493811,Mali Lanki (Ukraine),מלי לנקי (אוקראינה),Q4278651,BMC 202411,skipped: no valid 034
987013077977005171,https://www.nli.org.il/he/authorities/987013077977005171,20260212-20260218,live,dms-missing-leading-zero,[geonames] d=E235343 e=E235343 f=N485345 g=N485345,d=E0235343 e=E0235343 f=N0485345 g=N0485345,Novoshin (Ukraine),נובושין (אוקראינה),Q4326251,BMC 202411,skipped: no valid 034
987012965170005171,https://www.nli.org.il/he/authorities/987012965170005171,20260212-20260218,live,dms-missing-leading-zero,[geonames] d=E260454 e=E260454 f=N485457 g=N485457,d=E0260454 e=E0260454 f=N0485457 g=N0485457,Losiach (Ukraine),לוסיאך (אוקראינה),Q4267348,BMC 202410,skipped: no valid 034
987012965170305171,https://www.nli.org.il/he/authorities/987012965170305171,20260212-20260218,live,dms-missing-leading-zero,[geonames] d=E260129 e=E260129 f=N490736 g=N490736,d=E0260129 e=E0260129 f=N0490736 g=N0490736,Nyzhbirok (Ukraine),ניז'בירוק (אוקראינה),Q4318603,BMC 202410,skipped: no valid 034
987013219696305171,https://www.nli.org.il/he/authorities/987013219696305171,20260212-20260218,live,dms-missing-leading-zero,[geonames] d=E260800 e=E260800 f=N493100 g=N493100,d=E0260800 e=E0260800 f=N0493100 g=N0493100,"Zadnyshivka (Pidvolochysʹk, Ukraine)","זאדנישיבקה (פאדוואלאטשוסקא, אוקראינה)",Q128796744,BMC 202501,skipped: no valid 034
987013219696505171,https://www.nli.org.il/he/authorities/987013219696505171,20260212-20260218,live,dms-missing-leading-zero,[geonames] d=E164205 e=E164205 f=N484436 g=N484436,d=E0164205 e=E0164205 f=N0484436 g=N0484436,"Úvaly (Valtice, Czech Republic)","אובאלי (ואלטיצה, צ'כיה)",Q330615,BMC 202501,skipped: no valid 034
987013288676205171,https://www.nli.org.il/he/authorities/987013288676205171,20260212-20260218,live,dms-missing-leading-zero,[geonames] d=E181800 e=E181800 f=N495200 g=N495200,d=E0181800 e=E0181800 f=N0495200 g=N0495200,"Hrušov (Ostrava, Czech Republic)","הרוסוב (אוסטרוה, צ'כיה)",2302162367997825790001 | Q3489715,BMC 202502,skipped: no valid 034
987013215704505171,https://www.nli.org.il/he/authorities/987013215704505171,20260212-20260218,live,dms-missing-leading-zero,[geonames] d=E252725 e=E252725 f=N484659 g=N484659,d=E0252725 e=E0252725 f=N0484659 g=N0484659,"Dubki (Ivano-Frankivsʹka oblastʹ, Ukraine)","דובקי (מחוז איוונו-פרנקיבסק, אוקראינה)",Q4169238,BMC 202501,skipped: no valid 034
987013219701705171,https://www.nli.org.il/he/authorities/987013219701705171,20260212-20260218,live,dms-missing-leading-zero,[geonames] d=E250219 e=E250219 f=N490331 g=N490331,d=E0250219 e=E0250219 f=N0490331 g=N0490331,Zadariv (Ukraine),זאדריב (אוקראינה),Q4183817,BMC 202501,skipped: no valid 034
987013304364905171,https://www.nli.org.il/he/authorities/987013304364905171,20260212-20260218,live,dms-missing-leading-zero,[geonames] d=E164144 e=E164144 f=N475446 g=N475446,d=E0164144 e=E0164144 f=N0475446 g=N0475446,Purbach am Neusiedlersee (Austria),פורבך אם נוייסידלרזה (אוסטריה),240520430 | Q21880493,BMC 202502,skipped: no valid 034
987013320921905171,https://www.nli.org.il/he/authorities/987013320921905171,20260212-20260218,live,dms-missing-leading-zero,[] d=E241309 e=E241309 f=N484854 g=N484854,d=E0241309 e=E0241309 f=N0484854 g=N0484854,Nebyliv (Ukraine),נביליב (אוקראינה),Q4315585,BMC 202503,skipped: no valid 034
987013387632905171,https://www.nli.org.il/he/authorities/987013387632905171,20260212-20260218,live,dms-missing-leading-zero,[geonames] d=E260032 e=E260032 f=N483620 g=N483620,d=E0260032 e=E0260032 f=N0483620 g=N0483620,"Mytkiv (Chernivet︠s︡ʹka oblastʹ, Ukraine)","מיטקיב (מחוז צ'רנוביץ, אוקראינה)",Q4309617,BMC 202504,skipped: no valid 034
987013387635205171,https://www.nli.org.il/he/authorities/987013387635205171,20260212-20260218,live,dms-missing-leading-zero,[geonames] d=E254907 e=E254907 f=N483533 g=N483533,d=E0254907 e=E0254907 f=N0483533 g=N0483533,Chunkiv (Ukraine),צ'ונקיב (אוקראינה),Q4518097,BMC 202504,skipped: no valid 034
987013396935205171,https://www.nli.org.il/he/authorities/987013396935205171,20260212-20260218,live,dms-missing-leading-zero,[geonames] d=E234414 e=E234414 f=N491538 g=N491538,d=E0234414 e=E0234414 f=N0491538 g=N0491538,Holobutiv (Ukraine),הולובוטיב (אוקראינה),Q4141684,BMC 202504,skipped: no valid 034
987013405639705171,https://www.nli.org.il/he/authorities/987013405639705171,20260212-20260218,live,dms-missing-leading-zero,[geonames] d=E164905 e=E164905 f=N472739 g=N472739,d=E0164905 e=E0164905 f=N0472739 g=N0472739,Újkér (Hungary),אויקר (הונגריה),42153288232732650389 | Q51701,BMC 202504,skipped: no valid 034
987013405646505171,https://www.nli.org.il/he/authorities/987013405646505171,20260212-20260218,live,dms-missing-leading-zero,[geonames] d=E244854 e=E244854 f=N485904 g=N485904,d=E0244854 e=E0244854 f=N0485904 g=N0485904,"Uzyn (Ivano-Frankivsʹka oblastʹ, Ukraine)","אוזין (מחוז איוונו-פרנקיבסק, אוקראינה)",Q4469763,BMC 202504,skipped: no valid 034
987013405646605171,https://www.nli.org.il/he/authorities/987013405646605171,20260212-20260218,live,dms-missing-leading-zero,[geonames] d=E302531 e=E302531 f=N494929 g=N494929,d=E0302531 e=E0302531 f=N0494929 g=N0494929,"Uzyn (Kyïvsʹka oblastʹ, Ukraine)","אוזין (מחוז קייב, אוקראינה)",Q70592,BMC 202504,skipped: no valid 034
987013437215005171,https://www.nli.org.il/he/authorities/987013437215005171,20260212-20260218,live,dms-missing-leading-zero,[geonames] d=E232601 e=E232601 f=N481152 g=N481152,d=E0232601 e=E0232601 f=N0481152 g=N0481152,Nankovo (Ukraine),ננקובו (אוקראינה),Q3850158,BMC 202505,skipped: no valid 034
987013437193205171,https://www.nli.org.il/he/authorities/987013437193205171,20260212-20260218,live,dms-missing-leading-zero,[geonames] d=E233031 e=E233031 f=N494153 g=N494153,d=E0233031 e=E0233031 f=N0494153 g=N0494153,Dubanevychi (Ukraine),דובאנביצ'י (אוקראינה),Q4169060,BMC 202505,skipped: no valid 034
987013437201305171,https://www.nli.org.il/he/authorities/987013437201305171,20260212-20260218,live,dms-missing-leading-zero,[geonames] d=E235418 e=E235418 f=N485945 g=N485945,d=E0235418 e=E0235418 f=N0485945 g=N0485945,Kniazholuka (Ukraine),קניאז'ולוקה (אוקראינה),Q4224848,BMC 202505,skipped: no valid 034
987013437201705171,https://www.nli.org.il/he/authorities/987013437201705171,20260212-20260218,live,dms-missing-leading-zero,[geonames] d=E133743 e=E133743 f=N480618 g=N480618,d=E0133743 e=E0133743 f=N0480618 g=N0480618,"Bruckmühl (Ottnang am Hausruck, Austria)","ברוקמיל (אוטננג אם האוסרוק, אוסטריה)",132429162 | Q62026660,BMC 202505,skipped: no valid 034
987013437206705171,https://www.nli.org.il/he/authorities/987013437206705171,20260212-20260218,live,dms-missing-leading-zero,[geonames] d=E243156 e=E243156 f=N491738 g=N491738,d=E0243156 e=E0243156 f=N0491738 g=N0491738,Chahriv (Ukraine),צ'הריב (אוקראינה),Q4506679,BMC 202505,skipped: no valid 034
987013437207205171,https://www.nli.org.il/he/authorities/987013437207205171,20260212-20260218,live,dms-missing-leading-zero,[geonames] d=E260731 e=E260731 f=N490456 g=N490456,d=E0260731 e=E0260731 f=N0490456 g=N0490456,Chabarivka (Ukraine),צ'אבריבקה (אוקראינה),Q4506577,BMC 202505,skipped: no valid 034
987013437217105171,https://www.nli.org.il/he/authorities/987013437217105171,20260212-20260218,live,dms-missing-leading-zero,[geonames] d=E162235 e=E162235 f=N473656 g=N473656,d=E0162235 e=E0162235 f=N0473656 g=N0473656,"Oberpetersdorf (Kobersdorf, Austria)","אוברפטרסדורף (קויברסדורף, אוסטריה)",Q999395,BMC 202505,skipped: no valid 034
987013470922005171,https://www.nli.org.il/he/authorities/987013470922005171,20260212-20260218,live,dms-missing-leading-zero,[geonames] d=E254825 e=E254825 f=N484406 g=N484406,d=E0254825 e=E0254825 f=N0484406 g=N0484406,Blyshchanka (Ukraine),בלישצ'נקה (אוקראינה),Q4088253,BMC 202506,skipped: no valid 034
987013470924105171,https://www.nli.org.il/he/authorities/987013470924105171,20260212-20260218,live,dms-missing-leading-zero,[geonames] d=E245607 e=E245607 f=N490402 g=N490402,d=E0245607 e=E0245607 f=N0490402 g=N0490402,Trostiantsi (Ukraine),טרוסטיאנצי (אוקראינה),Q4463872,BMC 202506,skipped: no valid 034
987013470926405171,https://www.nli.org.il/he/authorities/987013470926405171,20260212-20260218,live,dms-missing-leading-zero,[geonames] d=E253854 e=E253854 f=N482256 g=N482256,d=E0253854 e=E0253854 f=N0482256 g=N0482256,Pʹiadykivtsi (Ukraine),פיאדיקיבצי (אוקראינה),Q4385679,BMC 202506,skipped: no valid 034
987013472830405171,https://www.nli.org.il/he/authorities/987013472830405171,20260212-20260218,live,dms-missing-leading-zero,[geohack] d=E253748 e=E253748 f=N492333 g=N492333,d=E0253748 e=E0253748 f=N0492333 g=N0492333,"Volia (Ternopìlʹska oblastʹ, Ukraine)","ווליה (מחוז טרנופול, אוקראינה)",Q4124838,BMC 202506,skipped: no valid 034
987013475863105171,https://www.nli.org.il/he/authorities/987013475863105171,20260212-20260218,live,dms-missing-leading-zero,[geonames] d=E253222 e=E253222 f=N491731 g=N491731,d=E0253222 e=E0253222 f=N0491731 g=N0491731,Darakhiv (Ukraine),דרכיב (אוקראינה),Q4155012,BMC 202506,skipped: no valid 034
987013505320505171,https://www.nli.org.il/he/authorities/987013505320505171,20260212-20260218,live,dms-missing-leading-zero,[geonames] d=E243834 e=E243834 f=N484400 g=N484400,d=E0243834 e=E0243834 f=N0484400 g=N0484400,Tsutsyliv (Ukraine),צוציליב (אוקראינה),Q4506227,BMC 202506,skipped: no valid 034
987013505327305171,https://www.nli.org.il/he/authorities/987013505327305171,20260212-20260218,live,dms-missing-leading-zero,[geonames] d=E260957 e=E260957 f=N493917 g=N493917,d=E0260957 e=E0260957 f=N0493917 g=N0493917,Holotky (Ukraine),גולוטקי (אוקראינה),Q4142223,BMC 202506,skipped: no valid 034
987013552777605171,https://www.nli.org.il/he/authorities/987013552777605171,20260212-20260218,live,dms-missing-leading-zero,[geonames] d=E255005 e=E255005 f=N485504 g=N485504,d=E0255005 e=E0255005 f=N0485504 g=N0485504,Sosulivka (Ukraine),סוסוליבקה (אוקראינה),Q4429809,BMC 202507,skipped: no valid 034
987013553865005171,https://www.nli.org.il/he/authorities/987013553865005171,20260212-20260218,live,dms-missing-leading-zero,[] d=E15719 e=E15719 f=N484703 g=N484703,d=E0015719 e=E0015719 f=N0484703 g=N0484703,Élancourt (France),אלאנקור (צרפת),245396577 | Q240546,beb 202507,skipped: no valid 034
987013470921905171,https://www.nli.org.il/he/authorities/987013470921905171,20260212-20260218,live,dms-missing-leading-zero,[geonames] d=E240430 e=E240430 f=N500301 g=N500301,d=E0240430 e=E0240430 f=N0500301 g=N0500301,Blyshchyvody (Ukraine),בלישצ'יוודי (אוקראינה),Q4088257,BMC 202506,skipped: no valid 034
987013501962205171,https://www.nli.org.il/he/authorities/987013501962205171,20260212-20260218,live,dms-missing-leading-zero,[geonames] d=E255921 e=E255921 f=N485614 g=N485614,d=E0255921 e=E0255921 f=N0485614 g=N0485614,"Davydkivtsi (Ternopìlʹska oblastʹ, Ukraine)","דווידקיבצי (מחוז טרנופול, אוקראינה)",Q4153721,BMC 202506,skipped: no valid 034
987013587685605171,https://www.nli.org.il/he/authorities/987013587685605171,20260212-20260218,live,dms-missing-leading-zero,[] d=E141250 e=E141250 f=N463744 g=N463744,d=E0141250 e=E0141250 f=N0463744 g=N0463744,Krumpendorf am Wörthersee (Austria),קרומפנדורף אם וורתרסה (אוסטריה),1395153716398358820006 | Q662440,beb 202508,skipped: no valid 034
987013593521605171,https://www.nli.org.il/he/authorities/987013593521605171,20260212-20260218,live,dms-missing-leading-zero,[geonames] d=E232731 e=E232731 f=N492241 g=N492241,d=E0232731 e=E0232731 f=N0492241 g=N0492241,"Lishnya (Drohobyt︠s︡ʹkyĭ raĭon, Ukraine)","לישניה (מחוז דרוהוביץ, אוקראינה)",Q4260541,BMC 202508,skipped: no valid 034
987013593521805171,https://www.nli.org.il/he/authorities/987013593521805171,20260212-20260218,live,dms-missing-leading-zero,[geonames] d=E235741 e=E235741 f=N494939 g=N494939,d=E0235741 e=E0235741 f=N0494939 g=N0494939,Sygnivka (Ukraine),סיגניבקה (אוקראינה),Q4418654,BMC 202508,skipped: no valid 034
987013603139305171,https://www.nli.org.il/he/authorities/987013603139305171,20260212-20260218,live,dms-missing-leading-zero,[geonames] d=E225828 e=E225828 f=N494800 g=N494800,d=E0225828 e=E0225828 f=N0494800 g=N0494800,Shehyni (Ukraine),שגיני (אוקראינה),Q2042090,BMC 202508,skipped: no valid 034
987013609481105171,https://www.nli.org.il/he/authorities/987013609481105171,20260212-20260218,live,dms-missing-leading-zero,[geonames] d=E160223 e=E160223 f=N494958 g=N494958,d=E0160223 e=E0160223 f=N0494958 g=N0494958,"Předhradí (okres Chrudim, Czech Republic)","פרדהראדי (מחוז חרודים, צ'כיה)",Q535899,BMC 202508,skipped: no valid 034
987013617671605171,https://www.nli.org.il/he/authorities/987013617671605171,20260212-20260218,live,dms-missing-leading-zero,[] d=E33932 e=E33932 f=N470317 g=N470317,d=E0033932 e=E0033932 f=N0470317 g=N0470317,Châtillon-en-Bazois (France),שאטיון-אן-בזואה (צרפת),244666977 | Q752591,BEB 202508,skipped: no valid 034
987013617679205171,https://www.nli.org.il/he/authorities/987013617679205171,20260212-20260218,live,dms-missing-leading-zero,[] d=E11700 e=E11700 f=N490600 g=N490600,d=E0011700 e=E0011700 f=N0490600 g=N0490600,Autheuil-Authouillet (France),אותיי-אותויה (צרפת),4952175417590904080008 | Q1010566,BEB 202508,skipped: no valid 034
987013624148605171,https://www.nli.org.il/he/authorities/987013624148605171,20260212-20260218,live,dms-missing-leading-zero,[] d=E22204 e=E22204 f=N490141 g=N490141,d=E0022204 e=E0022204 f=N0490141 g=N0490141,Ézanville (France),אזנוויל (צרפת),1133148574299024430000 | Q242396,BEB 202509,skipped: no valid 034
987013624642005171,https://www.nli.org.il/he/authorities/987013624642005171,20260212-20260218,live,dms-missing-leading-zero,[geonames] d=E234622 e=E234622 f=N484712 g=N484712,d=E0234622 e=E0234622 f=N0484712 g=N0484712,Myslivka (Ukraine),מיסליבקה (אוקראינה),Q4309533,BMC 202509,skipped: no valid 034
987013624639305171,https://www.nli.org.il/he/authorities/987013624639305171,20260212-20260218,live,dms-missing-leading-zero,[geonames] d=E245926 e=E245926 f=N485642 g=N485642,d=E0245926 e=E0245926 f=N0485642 g=N0485642,Oleshiv (Ukraine),אולשיב (אוקראינה),Q4333736,BMC 202509,skipped: no valid 034
987013721056005171,https://www.nli.org.il/he/authorities/987013721056005171,20260212-20260218,live,dms-missing-leading-zero,[geonames] d=E232253 e=E232253 f=N491531 g=N491531,d=E0232253 e=E0232253 f=N0491531 g=N0491531,"Mraznytsia (Boryslav, Ukraine)","מרזניציה (בוריסלב, אוקראינה)",Q12130425,BMC 202509,skipped: no valid 034
987013763615205171,https://www.nli.org.il/he/authorities/987013763615205171,20260212-20260218,live,dms-missing-leading-zero,[geonames] d=E252452 e=E252452 f=N493750 g=N493750,d=E0252452 e=E0252452 f=N0493750 g=N0493750,Tsebriv (Ukraine),צבריב (אוקראינה),Q4503636,BMC 202510,skipped: no valid 034
987013806278005171,https://www.nli.org.il/he/authorities/987013806278005171,20260212-20260218,live,dms-missing-leading-zero,[geonames] d=E250701 e=E250701 f=N500841 g=N500841,d=E0250701 e=E0250701 f=N0500841 g=N0500841,Koniushkiv (Ukraine),קוניושקיב (אוקראינה),Q4232101,BMC 202511,skipped: no valid 034
987013893140005171,https://www.nli.org.il/he/authorities/987013893140005171,20260212-20260218,live,dms-missing-leading-zero,[geonames] d=E193134 e=E193134 f=N492155 g=N492155,d=E0193134 e=E0193134 f=N0492155 g=N0492155,Štefanov nad Oravou (Slovakia),שטפנוב נד אוראבו (סלובקיה),2842156565749323500002 | Q1072548,BMC 202511,skipped: no valid 034
987013920125405171,https://www.nli.org.il/he/authorities/987013920125405171,20260212-20260218,live,dms-missing-leading-zero,[geonames] d=E161605 e=E161605 f=N484622 g=N484622,d=E0161605 e=E0161605 f=N0484622 g=N0484622,"Hrádek (okres Znojmo, Czech Republic)","הראדק (מחוז זנוימו, צ'כיה)",Q1632617 | 238975623,BMC 202512,skipped: no valid 034
987013920132205171,https://www.nli.org.il/he/authorities/987013920132205171,20260212-20260218,live,dms-missing-leading-zero,[geonames] d=E242734 e=E242734 f=N491314 g=N491314,d=E0242734 e=E0242734 f=N0491314 g=N0491314,"Tsvitova (Kalusʹkyĭ raĭon, Ukraine)","צוויטובה (מחוז קאלוסקי, אוקראינה)",Q4503512,BMC 202512,skipped: no valid 034
987013961222505171,https://www.nli.org.il/he/authorities/987013961222505171,20260212-20260218,live,dms-missing-leading-zero,[geonames] d=E160541 e=E160541 f=N491718 g=N491718,d=E0160541 e=E0160541 f=N0491718 g=N0491718,"Tasov (okres Žďár nad Sázavou, Czech Republic)","טסוב (מחוז ז'דאר נאד סאזבו, צ'כיה)",235682424 | Q2140471,BMC 202512,skipped: no valid 034
987013917040905171,https://www.nli.org.il/he/authorities/987013917040905171,20260212-20260218,live,dms-missing-leading-zero,[geonames] d=E73140 e=E73140 f=N483118 g=N483118,d=E0073140 e=E0073140 f=N0483118 g=N0483118,Altorf (France),אלטורף (צרפת),238485720 | Q22801,BMC 202512,skipped: no valid 034
987013920132605171,https://www.nli.org.il/he/authorities/987013920132605171,20260212-20260218,live,dms-missing-leading-zero,[geonames] d=W560700 e=W560700 f=S320900 g=S320900,d=W0560700 e=W0560700 f=S0320900 g=S0320900,Curtina (Uruguay),קורטינה (אורוגוואי),Q1020386,BMC 202512,skipped: no valid 034
987013961915005171,https://www.nli.org.il/he/authorities/987013961915005171,20260212-20260218,live,dms-missing-leading-zero,[geonames] d=E253751 e=E253751 f=N482511 g=N482511,d=E0253751 e=E0253751 f=N0482511 g=N0482511,Orshivtsi (Ukraine),אורשיבצי (אוקראינה),Q4337286,BMC 202512,skipped: no valid 034
987007561963805171,https://www.nli.org.il/he/authorities/987007561963805171,20260219-20260225,live,dms-missing-leading-zero,[gnis] d=W0932234 e=W0932234 f=N423113 g=N423113,,"Alden, Iowa",,157084055,,skipped: no valid 034
987012881576005171,https://www.nli.org.il/he/authorities/987012881576005171,20260305-20260311,live,dms-missing-leading-zero,[geonames] d=W09834 e=W09834 f=N01854 g=N01854,d=W0009834 e=W0009834 f=N0001854 g=N0001854,Tochimilco (Mexico),טוצ'ימילקו (מקסיקו),Q7811997,css 202408,skipped: no valid 034
987012878374305171,https://www.nli.org.il/he/authorities/987012878374305171,20260305-20260311,live,dms-missing-leading-zero,[geonames] d=E00950 e=E00950 f=N03650 g=N03650,d=E0000950 e=E0000950 f=N0003650 g=N0003650,Tebourba (Tunisia),טבורבה (תוניסיה),Q3099155,css 202408,skipped: no valid 034
987012881575605171,https://www.nli.org.il/he/authorities/987012881575605171,20260305-20260311,live,dms-missing-leading-zero,[geonames] d=W06057 e=W06057 f=N01050 g=N01050,d=W0006057 e=W0006057 f=N0001050 g=N0001050,Toco (Trinidad),טוקו (טרינידד),Q935030,css 202408,skipped: no valid 034
987012859161405171,https://www.nli.org.il/he/authorities/987012859161405171,20260305-20260311,live,dms-missing-leading-zero,[geonames] d=E03122 e=E03122 f=N03003 g=N03003,d=E0003122 e=E0003122 f=N0003003 g=N0003003,"Nasr City (Cairo, Egypt)","עיר נאסר (קהיר, מצרים)",Q1309979,css 202407,skipped: no valid 034
987013290983205171,https://www.nli.org.il/he/authorities/987013290983205171,20260305-20260311,live,dms-missing-leading-zero,[geonames] d=W893926 e=W893926 f=N393356 g=N393356,d=W0893926 e=W0893926 f=N0393356 g=N0393356,Divernon (Ill.),דיברנון (אילינוי),Q2672285,,skipped: no valid 034
987013472828205171,https://www.nli.org.il/he/authorities/987013472828205171,20260305-20260311,live,dms-missing-leading-zero,[geonames] d=E223402 e=E223402 f=N495745 g=N495745,d=E0223402 e=E0223402 f=N0495745 g=N0495745,Wola Roźwieniecka (Poland),וולה רוזווינייצקה (פולין),Q8029596,BMC 202506,skipped: no valid 034
987013781480805171,https://www.nli.org.il/he/authorities/987013781480805171,20260305-20260311,live,dms-missing-leading-zero,[geonames] d=E141900 e=E141900 f=N481500 g=N481500,d=E0141900 e=E0141900 f=N0481500 g=N0481500,"Kleinmünchen (Linz, Austria)","קליינמינכן (לינץ, אוסטריה)",Q1116343 | 234778837,BMC 202511,skipped: no valid 034
987012858550105171,https://www.nli.org.il/he/authorities/987012858550105171,20260305-20260311,live,dms-missing-leading-zero,[geonames] d=E163520 e=E163520 f=N473215 g=N473215,d=E0163520 e=E0163520 f=N0473215 g=N0473215,"Kleinwarasdorf (Grosswarasdorf, Austria)","קליינוואראסדורף (גרוסוואראסדורף, אוסטריה)",Q597966 | 308750237,BMC 202407,skipped: no valid 034
987012882062605171,https://www.nli.org.il/he/authorities/987012882062605171,20260305-20260311,live,dms-missing-leading-zero,[geonames] d=E010058 e=E010058 f=N053386 g=N053386,d=E0010058 e=E0010058 f=N0053386 g=N0053386,"Fuhlsbüttel (Hamburg, Germany)","פוהלסבוטאל (המבורג, גרמניה)",Q1163,css 202408,skipped: no valid 034
987012859173805171,https://www.nli.org.il/he/authorities/987012859173805171,20260305-20260311,live,dms-missing-leading-zero,[geonames] d=E0035121 e=E0035121 f=N044440 g=N044440,,Langogne (France),לנגון (צרפת),Q199549,css 202407,skipped: no valid 034
987013294744805171,https://www.nli.org.il/he/authorities/987013294744805171,20260305-20260311,live,dms-missing-leading-zero,[geonames] d=W875722 e=W875722 f=N400650 g=N400650,d=W0875722 e=W0875722 f=N0400650 g=N0400650,Ogden (Ill.),אוגדן (אילינוי),Q749419,,skipped: no valid 034
987013604138805171,https://www.nli.org.il/he/authorities/987013604138805171,20260305-20260311,live,dms-missing-leading-zero,[] d=E80301 e=E80301 f=N472642 g=N472642,d=E0080301 e=E0080301 f=N0472642 g=N0472642,"Asp (Aargau, Switzerland)","אספ (ארגאו, שווייץ)",Q20036390 | 248319711,beb 202508,skipped: no valid 034
987014390786005171,https://www.nli.org.il/he/authorities/987014390786005171,20260312-20260318,live,dms-missing-leading-zero,[] d=W0761114 e=W0761114 f=N435122 g=N435122,,Henderson (N.Y. : Town),הנדרסון (ניו יורק : עיירה),,,skipped: no valid 034
987012978070005171,https://www.nli.org.il/he/authorities/987012978070005171,20260312-20260318,live,dms-missing-leading-zero,[geonames] d=E252809 e=E252809 f=N484807 g=N484807,d=E0252809 e=E0252809 f=N0484807 g=N0484807,"Repuzhyntsi (Ivano-Frankivsk oblast', Ukraine)","רפוז'ינצי (מחוז איוונו-פרנקיבסק, אוקראינה)",Q4393515,BMC 202410,skipped: no valid 034
987012978070305171,https://www.nli.org.il/he/authorities/987012978070305171,20260312-20260318,live,dms-missing-leading-zero,[geonames] d=E254728 e=E254728 f=N483920 g=N483920,d=E0254728 e=E0254728 f=N0483920 g=N0483920,"Repuzhyntsi (Chernivtsi oblast', Ukraine)","רפוז'ינצי (מחוז צ'רנוביץ, אוקראינה)",Q4393518,BMC 202410,skipped: no valid 034
987012939871905171,https://www.nli.org.il/he/authorities/987012939871905171,20260319-20260325,live,dms-missing-leading-zero,[geonames] d=E204231 e=E204231 f=N494244 g=N494244,d=E0204231 e=E0204231 f=N0494244 g=N0494244,"Sienna (Województwo Małopolskie, Poland)","סיינה (מחוז פולין קטן, פולין)",Q7511106,BMC 202409,skipped: no valid 034
987013147777105171,https://www.nli.org.il/he/authorities/987013147777105171,20260319-20260325,live,dms-missing-leading-zero,[geonames] d=E194752 e=E194752 f=N500651 g=N500651,d=E0194752 e=E0194752 f=N0500651 g=N0500651,"Zabierzów (Województwo Małopolskie, Poland)","זאבייז'וב (מחוז פולין קטן, פולין)",234849933 | Q138977,BMC 202412,skipped: no valid 034
987013624140305171,https://www.nli.org.il/he/authorities/987013624140305171,20260319-20260325,live,dms-missing-leading-zero,[] d=E10147 e=E10147 f=N425355 g=N425355,d=E0010147 e=E0010147 f=N0425355 g=N0425355,"Les Bordes-sur-Lez (Ariège, France)","לה בורד-סור-לז (ארייז', צרפת)",4881150203823603250008 | Q1143981,BEB 202509,skipped: no valid 034
987012858543305171,https://www.nli.org.il/he/authorities/987012858543305171,20260409-20260415,live,dms-missing-leading-zero,[geonames] d=E181515 e=E181515 f=N494957 g=N494957,d=E0181515 e=E0181515 f=N0494957 g=N0494957,"Mariánské Hory (Ostrava, Czech Republic)","מריאנסקה הורי (אוסטרוה, צ'כיה)",114148570485924310214 | Q846797,BMC 202407,skipped: no valid 034
987013331812005171,https://www.nli.org.il/he/authorities/987013331812005171,20260409-20260415,live,dms-missing-leading-zero,[geonames] d=E162800 e=E162800 f=N484000 g=N484000,d=E0162800 e=E0162800 f=N0484000 g=N0484000,"Wultendorf (Staatz, Austria)","וולטנדורף (שטאץ, אוסטריה)",306374923 | Q110937542,BMC 202503,skipped: no valid 034
987013472830005171,https://www.nli.org.il/he/authorities/987013472830005171,20260409-20260415,live,dms-missing-leading-zero,[geohack] d=E254210 e=E254210 f=N49248 g=N49248,d=E0254210 e=E0254210 f=N0049248 g=N0049248,"Teofilivka (Ternopilʹsʹka oblastʹ, Ukraine)","תאופיליבקה (מחוז טרנופול, אוקראינה)",Q4455195,BMC 202506,skipped: no valid 034
987013552769605171,https://www.nli.org.il/he/authorities/987013552769605171,20260409-20260415,live,dms-missing-leading-zero,[geonames] d=E11748 e=E11748 f=N434945 g=N434945,d=E0011748 e=E0011748 f=N0434945 g=N0434945,"Grisolles (Tarn-et-Garonne, France)","גריזול (טארן וגארון, צרפת)",17144648188246467488 | Q629890,BMC 202507,skipped: no valid 034
987013711802705171,https://www.nli.org.il/he/authorities/987013711802705171,20260409-20260415,live,dms-missing-leading-zero,[geonames] d=E183815 e=E183815 f=N493851 g=N493851,d=E0183815 e=E0183815 f=N0493851 g=N0493851,"Oldřichovice (Třinec, Czech Republic)","אולדז'יכוביצה (טר'ינץ, צ'כיה)",Q847035,BMC 202509,skipped: no valid 034
987012938575105171,https://www.nli.org.il/he/authorities/987012938575105171,20260409-20260415,live,dms-missing-leading-zero,[geonames] d=E163300 e=E163300 f=N474039 g=N474039,d=E0163300 e=E0163300 f=N0474039 g=N0474039,"Sopronbánfalva (Sopron, Hungary)","סופרונבנפלבה (שופרון, הונגריה)",246310857 | Q2325543,BMC 202409,skipped: no valid 034
987013470921105171,https://www.nli.org.il/he/authorities/987013470921105171,20260409-20260415,live,dms-missing-leading-zero,[geonames] d=E133700 e=E133700 f=N480500 g=N480500,d=E0133700 e=E0133700 f=N0480500 g=N0480500,"Thomasroith (Ottnang am Hausruck, Austria)","תומאסרוט (אוטננג אם האוסרוק, אוסטריה)",Q67892701,BMC 202506,skipped: no valid 034
987013806289705171,https://www.nli.org.il/he/authorities/987013806289705171,20260409-20260415,live,dms-missing-leading-zero,[geonames] d=E252821 e=E252821 f=N494003 g=N494003,d=E0252821 e=E0252821 f=N0494003 g=N0494003,"Hliadky (Ternopilʹsʹka oblastʹ, Ukraine)","הליאדקי (מחוז טרנופול, אוקראינה)",Q4140523,BMC 202511,skipped: no valid 034
987012858532405171,https://www.nli.org.il/he/authorities/987012858532405171,20260409-20260415,live,dms-missing-leading-zero,[geonames] d=E160000 e=E160000 f=N484500 g=N484500,d=E0160000 e=E0160000 f=N0484500 g=N0484500,"Kleinhöflein (Retz, Austria)","קליינהופליין (רץ, אוסטריה)",Q137465670 | 237495424,BMC 202407,skipped: no valid 034
987013156316305171,https://www.nli.org.il/he/authorities/987013156316305171,20260409-20260415,live,dms-missing-leading-zero,[geonames] d=E261846 e=E261846 f=N483456 g=N483456,d=E0261846 e=E0261846 f=N0483456 g=N0483456,"Panivtsi (Ternopilʹsʹka oblastʹ, Ukraine)","פניבצי (מחוז טרנופול, אוקראינה)",Q4344231,BMC 202412,skipped: no valid 034
987013304376205171,https://www.nli.org.il/he/authorities/987013304376205171,20260409-20260415,live,dms-missing-leading-zero,[geonames] d=E231103 e=E231103 f=N493352 g=N493352,d=E0231103 e=E0231103 f=N0493352 g=N0493352,"Maksymovychi (Sambirsʹkyĭ raĭon, Ukraine)","מקסימוביצ'י (מחוז סמבירסקי, אוקראינה)",Q4276290,BMC 202502,skipped: no valid 034
987013800314205171,https://www.nli.org.il/he/authorities/987013800314205171,20260409-20260415,live,dms-missing-leading-zero,[geonames] d=E131508 e=E131508 f=N494550 g=N494550,d=E0131508 e=E0131508 f=N0494550 g=N0494550,"Kozolupy (okres Plzeň-sever, Czech Republic)","קוזולופי (מחוז פלזן-צפון, צ'כיה)",Q2702306,BMC 202511,skipped: no valid 034
987013901330505171,https://www.nli.org.il/he/authorities/987013901330505171,20260528-20260603,live,dms-missing-leading-zero,[geonames] d=E152352 e=E152352 f=N470552 g=N470552,d=E0152352 e=E0152352 f=N0470552 g=N0470552,,"מחוז 13 (גראץ, אוסטריה)",249388392 | Q1559684,BMC 202512,skipped: no valid 034
987013711505105171,https://www.nli.org.il/he/authorities/987013711505105171,20260528-20260603,live,dms-missing-leading-zero,[] d=E61343 e=E61343 f=N44403 g=N44403,d=E0061343 e=E0061343 f=N0044403 g=N0044403,Saint Jean Saint Nicolas (France),סן ז'אן סן ניקולה (צרפת),3869175417589604080002 | Q1086014,BEB 202509,skipped: no valid 034
987013901330805171,https://www.nli.org.il/he/authorities/987013901330805171,20260528-20260603,live,dms-missing-leading-zero,[geonames] d=E152355 e=E152355 f=N470412 g=N470412,d=E0152355 e=E0152355 f=N0470412 g=N0470412,,"מחוז 14 (גראץ, אוסטריה)",Q1297479 | 244562889,BMC 202512,skipped: no valid 034
987007568971705171,https://www.nli.org.il/he/authorities/987007568971705171,20260727-20260727,live,dms-missing-leading-zero,[geonet] d=W0455639 e=W0455639 f=S212536 g=S212536,,Alfenas (Brazil),אלפנס (ברזיל),135146461580527731586,,skipped: no valid 034
987007577196805171,https://www.nli.org.il/he/authorities/987007577196805171,20260727-20260727,live,dms-missing-leading-zero,[geonet] d=W345407 e=W345407 f=S075433 g=S075433,d=W0345407 e=W0345407 f=S0075433 g=S0075433,Abreu e Lima (Brazil),אבראו א לימה (ברזיל),Q22061395 | 163146462700127772211,,skipped: no valid 034
987007567491705171,https://www.nli.org.il/he/authorities/987007567491705171,20260727-20260727,live,dms-missing-leading-zero,[gnis] d=W0735737 e=W0735737 f=N420055 g=N420055,,"Flatbush (Ulster County, N.Y.)","פלטבוש (מחוז אולסטר, ניו יורק)",,,skipped: no valid 034
987007583908405171,https://www.nli.org.il/he/authorities/987007583908405171,20260727-20260727,live,dms-missing-leading-zero,[gnis] d=W0743709 e=W0743709 f=N415050 g=N415050,,Neversink (N.Y.),נוורסינק (ניו יורק),,,skipped: no valid 034
987007565079205171,https://www.nli.org.il/he/authorities/987007565079205171,20260727-20260727,live,dms-missing-leading-zero,[geonames] d=W874107 e=W874107 f=N413532 g=N413532,d=W0874107 e=W0874107 f=N0413532 g=N0413532,University Park (Ill.),יוניברסיטי פארק (אילינוי),134977756,,skipped: no valid 034
987007564663705171,https://www.nli.org.il/he/authorities/987007564663705171,20260727-20260727,live,dms-missing-leading-zero,[geonames] d=W873211 e=W873211 f=N414322 g=N414322,d=W0873211 e=W0873211 f=N0414322 g=N0414322,"South Chicago (Chicago, Ill.)","דרום שיקגו (שיקגו, אילינוי)",154819803,,skipped: no valid 034
987007567320405171,https://www.nli.org.il/he/authorities/987007567320405171,20260727-20260727,live,dms-missing-leading-zero,[gnis] d=W0770829 e=W0770829 f=N420817 g=N420817,,Erwin (N.Y. : Town),,134978125,,skipped: no valid 034
987007567156205171,https://www.nli.org.il/he/authorities/987007567156205171,20260727-20260727,live,dms-missing-leading-zero,[geonames] d=W880134 e=W880134 f=N393914 g=N393914,d=W0880134 e=W0880134 f=N0393914 g=N0393914,Oakland (Ill.),,158336618,,skipped: no valid 034
987007559975605171,https://www.nli.org.il/he/authorities/987007559975605171,20260727-20260727,live,dms-missing-leading-zero,[gnis] d=W0734919 e=W0734919 f=N423508 g=N423508,,Bethlehem (N.Y. : Town),,148963528,,skipped: no valid 034
987007566926905171,https://www.nli.org.il/he/authorities/987007566926905171,20260727-20260727,live,dms-missing-leading-zero,[geonames] d=W0790651 e=W0790651 f=N342949 g=N342949,,"Fairmont (Robeson County, N.C.)",,125523588,,skipped: no valid 034
987007564979605171,https://www.nli.org.il/he/authorities/987007564979605171,20260727-20260727,live,dms-missing-leading-zero,[gnis] d=W0741555 e=W0741555 f=N413801 g=N413801,,Shawangunk (N.Y. : Town),,130271304,,skipped: no valid 034
987007564698305171,https://www.nli.org.il/he/authorities/987007564698305171,20260727-20260727,live,dms-missing-leading-zero,[geonames] d=W884549 e=W884549 f=N420635 g=N420635,d=W0884549 e=W0884549 f=N0420635 g=N0420635,Kingston (Ill. : Township),,149001274,,skipped: no valid 034
987007565158505171,https://www.nli.org.il/he/authorities/987007565158505171,20260727-20260727,live,dms-missing-leading-zero,[gnis] d=W0734105 e=W0734105 f=N414124 g=N414124,,Union Vale (N.Y. : Town),,156064621,,skipped: no valid 034
987011437710705171,https://www.nli.org.il/he/authorities/987011437710705171,20260728-20260803,live,dms-missing-leading-zero,[] d=N471400 e=N471400 f=E0223300 g=E0223300,,Porţ (Romania),,36163408981400092226,,skipped: no valid 034
987013763613905171,https://www.nli.org.il/he/authorities/987013763613905171,20260804-20260810,live,dms-missing-leading-zero,[geonames] d=E291358 e=E291358 f=N481826 g=N481826,d=E0291358 e=E0291358 f=N0481826 g=N0481826,"Bondurivka (Haĭsynsʹkyĭ raĭon, Ukraine)","בונדוריבקה (מחוז האיסין, אוקראינה)",Q4093305,BMC 202510,skipped: no valid 034
987013387631705171,https://www.nli.org.il/he/authorities/987013387631705171,20250604-20250610,live,dms-missing-leading-zero+dms-with-decimal-seconds-unpadded,[geohack] d=E302634.8 e=E302634.8 f=N502830 g=N502830,,"Syrets (Kyïv, Ukraine)","סירץ (קייב, אוקראינה)",Q4448026,BMC 202504,skipped: no valid 034
987013426258005171,https://www.nli.org.il/he/authorities/987013426258005171,20250521-20250527,live,dms-missing-leading-zero+hemisphere-letter-only,[] d=W e=E04445 f=N01358 g=S,,Damt (Yemen),דמת (תימן),,css 202505,skipped: no valid 034
987013432789905171,https://www.nli.org.il/he/authorities/987013432789905171,20250521-20250527,live,dms-missing-leading-zero+incomplete-point (missing $e and/or $g),[] d=W115105 e= f=N064501 g=,,Mesa Lake (N.W.T.),אגם מסה (הטריטוריות הצפון-מערביות),,css 202505,skipped: no valid 034
987013432791705171,https://www.nli.org.il/he/authorities/987013432791705171,20250521-20250527,live,dms-missing-leading-zero+incomplete-point (missing $e and/or $g),[] d=W1221400 e= f=N514700 g=,,Alkali Lake Region (B.C.),אזור אלקלי לייק (קולומביה הבריטית),,css 202505,skipped: no valid 034
987013432793505171,https://www.nli.org.il/he/authorities/987013432793505171,20250521-20250527,live,dms-missing-leading-zero+incomplete-point (missing $e and/or $g),[] d=W0152732 e= f=N017576 g=,,Idini (Mauritania),אידיני (מאוריטניה),,css 202505,skipped: no valid 034
987009277484505171,https://www.nli.org.il/he/authorities/987009277484505171,20250528-20250603,live,dms-missing-leading-zero+incomplete-point (missing $e and/or $g),[] d=N0075144.3 e= f=N030417 g=,,Ighil-n-ou-Ghou (Morocco),איגיל נוגו (מרוקו),,css 202012,skipped: no valid 034
987013503864005171,https://www.nli.org.il/he/authorities/987013503864005171,20250708-20250714,live,dms-missing-leading-zero+incomplete-point (missing $e and/or $g),[] d=W106428 e= f=N0394314 g=,,Bocco Mountain (Colo.),הר בוקו (קולורדו),,css 202506,skipped: no valid 034
987013553862405171,https://www.nli.org.il/he/authorities/987013553862405171,20250805-20250811,live,dms-missing-leading-zero+incomplete-point (missing $e and/or $g),[] d=E45933 e=E45933 f=N461302 g=,,Vonnas (France),וונאס (צרפת),245387195 | Q243104,beb 202507,skipped: no valid 034
987013552080005171,https://www.nli.org.il/he/authorities/987013552080005171,20250805-20250811,live,dms-missing-leading-zero+incomplete-point (missing $e and/or $g),[] d=W10204 e= f=N01958 g=,,Tlazazalca (Mexico),טלזזלקה (מקסיקו),Q3847160,css 202507,skipped: no valid 034
987013588387205171,https://www.nli.org.il/he/authorities/987013588387205171,20250826-20250901,live,dms-missing-leading-zero+incomplete-point (missing $e and/or $g),[] d= e=E02234 f=N04825 g=,,Velikiye Luchki (Ukraine),וליקייה לוצ'קי (אוקראינה),,css 202508,skipped: no valid 034
987013617160705171,https://www.nli.org.il/he/authorities/987013617160705171,20251125-20251201,live,dms-missing-leading-zero+incomplete-point (missing $e and/or $g),[] d= e=E153330 f=N0464605 g=,,Wagna (Austria),וגנה (אוסטריה),Q693460,css 202509,skipped: no valid 034
987013612473805171,https://www.nli.org.il/he/authorities/987013612473805171,20251125-20251201,live,dms-missing-leading-zero+incomplete-point (missing $e and/or $g),[] d= e=E154913 f=N0534200 g=,,Rzepczyno (Poland),צ'פצ'ינו (פולין),,css 202508,skipped: no valid 034
987013617161005171,https://www.nli.org.il/he/authorities/987013617161005171,20251125-20251201,live,dms-missing-leading-zero+incomplete-point (missing $e and/or $g),[] d= e=E01947 f=N0419 g=,,Vrap (Albania),ווראפ (אלבניה),Q7942616,css 202509,skipped: no valid 034
987013553576305171,https://www.nli.org.il/he/authorities/987013553576305171,20251216-20251222,live,dms-missing-leading-zero+incomplete-point (missing $e and/or $g),[] d= e=E02655 f=N05156 g=,,Belogusha (Belarus),בלוגושה (בלארוס),,css 202507,skipped: no valid 034
987013916338905171,https://www.nli.org.il/he/authorities/987013916338905171,20251216-20251222,live,dms-missing-leading-zero+incomplete-point (missing $e and/or $g),[] d= e=E011131 f=N0333519 g=,,Sidi Chemmakh (Tunisia),סידי שמאך (תוניסיה),,css 202512,skipped: no valid 034
987013400926805171,https://www.nli.org.il/he/authorities/987013400926805171,20260212-20260218,live,dms-missing-leading-zero+incomplete-point (missing $e and/or $g),[] d= e=E00613 f=N05115 g=,,"Born (Brüggen, Germany)","בורן (בריגן, גרמניה)",Q893910,css 202504,skipped: no valid 034
987013553575705171,https://www.nli.org.il/he/authorities/987013553575705171,20260305-20260311,live,dms-missing-leading-zero+incomplete-point (missing $e and/or $g),[] d= e=E00911 f=N05149 g=,,Bredenborn (Germany),ברדנבורן (גרמניה),Q776527,css 202507,skipped: no valid 034
987013602036205171,https://www.nli.org.il/he/authorities/987013602036205171,20260305-20260311,live,dms-missing-leading-zero+incomplete-point (missing $e and/or $g),[] d=W01107 e= f=N00910 g=,,Loma Mountains (Sierra Leone),הרי לומה (סיירה לאון),Q1868712,css 202508,skipped: no valid 034
987013612473605171,https://www.nli.org.il/he/authorities/987013612473605171,20260305-20260311,live,dms-missing-leading-zero+incomplete-point (missing $e and/or $g),[] d= e=E01442 f=N0384 g=,,San Marco d'Alunzio (Italy),סן מרקו דאלונציו (איטליה),Q498180,css 202508,skipped: no valid 034
987013435604305171,https://www.nli.org.il/he/authorities/987013435604305171,20260305-20260311,live,dms-missing-leading-zero+incomplete-point (missing $e and/or $g),[] d= e=E005519 f=N0524435 g=,,Luttelgeest (Netherlands),לוטלחיסט (הולנד),Q2324004,css 202505,skipped: no valid 034
987013553575805171,https://www.nli.org.il/he/authorities/987013553575805171,20260305-20260311,live,dms-missing-leading-zero+incomplete-point (missing $e and/or $g),[] d= e=E00747 f=N04755 g=,,Bollschweil (Germany),בולשוייל (גרמניה),Q632838,css 202507,skipped: no valid 034
987013588388105171,https://www.nli.org.il/he/authorities/987013588388105171,20260305-20260311,live,dms-missing-leading-zero+incomplete-point (missing $e and/or $g),[] d= e=E00420 f=N05046 g=,,Linkebeek (Belgium),לינקביק (בלגיה),Q631639,css 202508,skipped: no valid 034
987013602035405171,https://www.nli.org.il/he/authorities/987013602035405171,20260305-20260311,live,dms-missing-leading-zero+incomplete-point (missing $e and/or $g),[] d= e=E0195112 f=N05285 g=,,Maurzyce (Poland),מורזיצה (פולין),Q2216153,css 202508,skipped: no valid 034
987013602036805171,https://www.nli.org.il/he/authorities/987013602036805171,20260305-20260311,live,dms-missing-leading-zero+incomplete-point (missing $e and/or $g),[] d= e=E0055358 f=N052394 g=,,Kraggenburg (Netherlands),קרחנבורח (הולנד),Q2080102,css 202508,skipped: no valid 034
987013609578705171,https://www.nli.org.il/he/authorities/987013609578705171,20260305-20260311,live,dms-missing-leading-zero+incomplete-point (missing $e and/or $g),[] d=W03234 e= f=N0393526 g=,,Quintanar de la Orden (Spain),קווינטנר דה לה אורדן (ספרד),Q1628531,css 202508,skipped: no valid 034
987013612472905171,https://www.nli.org.il/he/authorities/987013612472905171,20260305-20260311,live,dms-missing-leading-zero+incomplete-point (missing $e and/or $g),[] d= e=E00918 f=N04916 g=,,Stein am Kocher (Germany),שטיין אם קוכר (גרמניה),Q1484232,css 202508,skipped: no valid 034
987013437298405171,https://www.nli.org.il/he/authorities/987013437298405171,20260305-20260311,live,dms-missing-leading-zero+incomplete-point (missing $e and/or $g),[] d= e=E00541 f=N05248 g=,,Rutten (Netherlands),רוטן (הולנד),Q1726545,css 202506,skipped: no valid 034
987013552077505171,https://www.nli.org.il/he/authorities/987013552077505171,20260305-20260311,live,dms-missing-leading-zero+incomplete-point (missing $e and/or $g),[] d=W00422 e= f=N04000 g=,,Alcabón (Spain),אלקבון (ספרד),Q943608,css 202507,skipped: no valid 034
987013588387905171,https://www.nli.org.il/he/authorities/987013588387905171,20260305-20260311,live,dms-missing-leading-zero+incomplete-point (missing $e and/or $g),[] d= e=E00933 f=N05137 g=,,Lippoldsberg (Germany),ליפולדסברג (גרמניה),Q1309949,css 202508,skipped: no valid 034
987013612473205171,https://www.nli.org.il/he/authorities/987013612473205171,20260305-20260311,live,dms-missing-leading-zero+incomplete-point (missing $e and/or $g),[] d= e=E016754 f=N0533328 g=,,Siemczyno (Poland),צ'יאמצינו (פולין),Q2284258,css 202508,skipped: no valid 034
987013553558605171,https://www.nli.org.il/he/authorities/987013553558605171,20260305-20260311,live,dms-missing-leading-zero+incomplete-point (missing $e and/or $g),[] d= e=E01507 f=N01000 g=,,Golompwi (Cameroon),גולומפווי (קמרון),Q25390256,css 202507,skipped: no valid 034
987013508121405171,https://www.nli.org.il/he/authorities/987013508121405171,20260305-20260311,live,dms-missing-leading-zero+incomplete-point (missing $e and/or $g),[] d= e=E0065533 f=N053821 g=,,Meeden (Netherlands),מידן (הולנד),Q534822,css 202507,skipped: no valid 034
987013508125105171,https://www.nli.org.il/he/authorities/987013508125105171,20260305-20260311,live,dms-missing-leading-zero+incomplete-point (missing $e and/or $g),[] d= e=E01419 f=N05624 g=,,Lönsboda (Sweden),לונסבודה (שוודיה),Q1016865,css 202506,skipped: no valid 034
987013508128005171,https://www.nli.org.il/he/authorities/987013508128005171,20260305-20260311,live,dms-missing-leading-zero+incomplete-point (missing $e and/or $g),[] d= e=E03651 f= g=S00131,,Kitengela (Kenya),קיטנגלה (קניה),Q6418164,css 202506,skipped: no valid 034
987013588388505171,https://www.nli.org.il/he/authorities/987013588388505171,20260305-20260311,live,dms-missing-leading-zero+incomplete-point (missing $e and/or $g),[] d= e=E01683 f=N049249 g=,,Kundratice (Czech Republic),קונדרטיצ'ה (צ'כיה),Q72391,css 202508,skipped: no valid 034
987013437297805171,https://www.nli.org.il/he/authorities/987013437297805171,20260305-20260311,live,dms-missing-leading-zero+incomplete-point (missing $e and/or $g),[] d= e=E00817 f=N04732 g=,,Surbtal (Switzerland),סורבטל (שווייץ),Q2368396,css 202506,skipped: no valid 034
987013588388205171,https://www.nli.org.il/he/authorities/987013588388205171,20260305-20260311,live,dms-missing-leading-zero+incomplete-point (missing $e and/or $g),[] d= e=E0153932 f=N050386 g=,,Lánov (Czech Republic),לאנוב (צ'כיה),Q384678,css 202508,skipped: no valid 034
987013617168905171,https://www.nli.org.il/he/authorities/987013617168905171,20260305-20260311,live,dms-missing-leading-zero+incomplete-point (missing $e and/or $g),[] d= e=E200140 f=N0513043 g=,,Rezerwat przyrody Niebieskie Źródła (Poland),שמורת טבע נייבייסקי זרודלה (פולין),Q9309014,css 202508,skipped: no valid 034
987013912440805171,https://www.nli.org.il/he/authorities/987013912440805171,20260305-20260311,live,dms-missing-leading-zero+incomplete-point (missing $e and/or $g),[] d= e=E01042 f=N03201 g=,,Dehiba (Tunisia),דהיבה (תוניסיה),Q1015418,css 202512,skipped: no valid 034
987013917537505171,https://www.nli.org.il/he/authorities/987013917537505171,20260305-20260311,live,dms-missing-leading-zero+incomplete-point (missing $e and/or $g),[] d= e=E463319 f=N0290605 g=,,Wadi al-Batin,ואדי אל-באטן,Q11904604,css 202512,skipped: no valid 034
987013617167105171,https://www.nli.org.il/he/authorities/987013617167105171,20260305-20260311,live,dms-missing-leading-zero+incomplete-point (missing $e and/or $g),[] d= e=E011733 f=N0485517 g=,,Sappenfeld (Germany),ספנפלד (גרמניה),Q1755899,css 202508,skipped: no valid 034
987013617167205171,https://www.nli.org.il/he/authorities/987013617167205171,20260305-20260311,live,dms-missing-leading-zero+incomplete-point (missing $e and/or $g),[] d= e=E0014217 f=N041279 g=,,Sant Pere de Riudebitlles (Spain),סאן פירי די ריודיביטליס (ספרד),Q633095,css 202508,skipped: no valid 034
987013912439805171,https://www.nli.org.il/he/authorities/987013912439805171,20260305-20260311,live,dms-missing-leading-zero+incomplete-point (missing $e and/or $g),[] d= e=E00743 f=N0532 g=,,Saterland (Germany),זטרלנד (גרמניה),Q27643,css 202512,skipped: no valid 034
987013553547705171,https://www.nli.org.il/he/authorities/987013553547705171,20260305-20260311,live,dms-missing-leading-zero+incomplete-point (missing $e and/or $g),[] d= e=E0083056 f=N050394 g=,,Hohensolms (Germany),הוהנזולמס (גרמניה),Q1623800,css 202507,skipped: no valid 034
987013609579705171,https://www.nli.org.il/he/authorities/987013609579705171,20260305-20260311,live,dms-missing-leading-zero+incomplete-point (missing $e and/or $g),[] d= e=E04359 f=N04753 g=,,Peregruznoye (Russia),פרגרוזנויה (רוסיה),Q19691710,css 202508,skipped: no valid 034
987013612473105171,https://www.nli.org.il/he/authorities/987013612473105171,20260305-20260311,live,dms-missing-leading-zero+incomplete-point (missing $e and/or $g),[] d= e=E0094 f=N0528 g=,,Silixen (Germany),סיליקסן (גרמניה),Q2286101,css 202508,skipped: no valid 034
987013435604705171,https://www.nli.org.il/he/authorities/987013435604705171,20260305-20260311,live,dms-missing-leading-zero+incomplete-point (missing $e and/or $g),[] d= e=E06440 f=N04006 g=,,Gijduvon (Uzbekistan),גידג'ובון (אוזבקיסטן),Q1027045,css 202505,skipped: no valid 034
987013437298305171,https://www.nli.org.il/he/authorities/987013437298305171,20260305-20260311,live,dms-missing-leading-zero+incomplete-point (missing $e and/or $g),[] d=W00659 e= f=N04125 g=,,Sambade (Portugal),סאמבדה (פורטוגל),Q1024396,css 202506,skipped: no valid 034
987013605538805171,https://www.nli.org.il/he/authorities/987013605538805171,20260305-20260311,live,dms-missing-leading-zero+incomplete-point (missing $e and/or $g),[] d= e=E00741 f=N05020 g=,,Nievern (Germany),ניורן (גרמניה),Q652060,css 202508,skipped: no valid 034
987013609580505171,https://www.nli.org.il/he/authorities/987013609580505171,20260305-20260311,live,dms-missing-leading-zero+incomplete-point (missing $e and/or $g),[] d= e=E00958 f=N04813 g=,,Orsenhausen (Germany),אורזנהאוזן (גרמניה),Q109921211,css 202508,skipped: no valid 034
987013617175105171,https://www.nli.org.il/he/authorities/987013617175105171,20260305-20260311,live,dms-missing-leading-zero+incomplete-point (missing $e and/or $g),[] d= e=E0153256 f=N049579 g=,,Turkovice (Czech Republic),טורקוביץ' (צ'כיה),Q2087518,css 202508,skipped: no valid 034
987013435606205171,https://www.nli.org.il/he/authorities/987013435606205171,20260305-20260311,live,dms-missing-leading-zero+incomplete-point (missing $e and/or $g),[] d= e=E005450 f=N052469 g=,,Bant (Netherlands),באנט (הולנד),Q2455333,css 202505,skipped: no valid 034
987013435614005171,https://www.nli.org.il/he/authorities/987013435614005171,20260305-20260311,live,dms-missing-leading-zero+incomplete-point (missing $e and/or $g),[] d= e=E0344144 f=N401404 g=,,Alaca Höyük (Turkey),אלג'הויוק (טורקיה),Q558861,css 202505,skipped: no valid 034
987013508125305171,https://www.nli.org.il/he/authorities/987013508125305171,20260305-20260311,live,dms-missing-leading-zero+incomplete-point (missing $e and/or $g),[] d= e=E02908 f=N05419 g=,,Krupki (Belarus),קרופקי (בלארוס),Q200960,css 202506,skipped: no valid 034
987013588387505171,https://www.nli.org.il/he/authorities/987013588387505171,20260305-20260311,live,dms-missing-leading-zero+incomplete-point (missing $e and/or $g),[] d= e=E00915 f=N05053 g=,,Loshausen (Germany),לוזהאוזן (גרמניה),Q1870626,css 202508,skipped: no valid 034
987013437302805171,https://www.nli.org.il/he/authorities/987013437302805171,20260305-20260311,live,dms-missing-leading-zero+incomplete-point (missing $e and/or $g),[] d= e=E01836 f=N05213 g=,,Ochle (Poland),אוחלה (פולין),Q7076335,css 202505,skipped: no valid 034
987013508132305171,https://www.nli.org.il/he/authorities/987013508132305171,20260305-20260311,live,dms-missing-leading-zero+incomplete-point (missing $e and/or $g),[] d= e=E02147 f=N03758 g=,,Alepochori (Greece),אלפוחורי (יוון),Q750320,css 202506,skipped: no valid 034
987013508132405171,https://www.nli.org.il/he/authorities/987013508132405171,20260305-20260311,live,dms-missing-leading-zero+incomplete-point (missing $e and/or $g),[] d= e=E03753 f=N01533 g=,,Agordat (Eritrea),אגורדאט (אריתריאה),Q395433,css 202506,skipped: no valid 034
987013553575105171,https://www.nli.org.il/he/authorities/987013553575105171,20260305-20260311,live,dms-missing-leading-zero+incomplete-point (missing $e and/or $g),[] d= e=E0153220 f=N049723 g=,,Červený Hrádek (Czech Republic),צ'רבני רדז'ק (צ'כיה),Q268957,css 202507,skipped: no valid 034
987013437298105171,https://www.nli.org.il/he/authorities/987013437298105171,20260305-20260311,live,dms-missing-leading-zero+incomplete-point (missing $e and/or $g),[] d= e=E01149 f=N05342 g=,,"Sternberg (Mecklenburg-Vorpommern, Germany)","שטרנברג (מקלנבורג-מערב פומרניה, גרמניה)",Q157266,css 202506,skipped: no valid 034
987013508124705171,https://www.nli.org.il/he/authorities/987013508124705171,20260305-20260311,live,dms-missing-leading-zero+incomplete-point (missing $e and/or $g),[] d=W08610 e= f=N03730 g=,,Pennyroyal Plateau (Ky.),רמת פנירויאל (קנטקי),Q3374805,css 202506,skipped: no valid 034
987013508125505171,https://www.nli.org.il/he/authorities/987013508125505171,20260305-20260311,live,dms-missing-leading-zero+incomplete-point (missing $e and/or $g),[] d= e=E02303 f=N06651 g=,,Korpilombolo (Sweden),קורפילומבולו (שוודיה),Q667632,css 202506,skipped: no valid 034
987013602036605171,https://www.nli.org.il/he/authorities/987013602036605171,20260305-20260311,live,dms-missing-leading-zero+incomplete-point (missing $e and/or $g),[] d= e=E00551 f=N05025 g=,,La Gleize (Belgium),לה גלייז (בלגיה),Q2341092,css 202508,skipped: no valid 034
987013325332705171,https://www.nli.org.il/he/authorities/987013325332705171,20260305-20260311,live,dms-missing-leading-zero+incomplete-point (missing $e and/or $g),[geohack] d=E255733 e= f=N48192 g=N48192,,"Stara Zhuchka (Chernivt︠s︡i, Ukraine)","סטארה ז'וצ'קה (צ'רנוביץ, אוקראינה)",Q97177368,BMC 202503,skipped: no valid 034
987013526575405171,https://www.nli.org.il/he/authorities/987013526575405171,20260305-20260311,live,dms-missing-leading-zero+incomplete-point (missing $e and/or $g),[] d= e=E1551 f=N04842 g=,,Pulkau (Austria),פולקאו (אוסטריה),Q871631,css 202507,skipped: no valid 034
987013617169305171,https://www.nli.org.il/he/authorities/987013617169305171,20260305-20260311,live,dms-missing-leading-zero+incomplete-point (missing $e and/or $g),[] d= e=E008272 f=N0502229 g=,,Naunstadt (Germany),נאונשטט (גרמניה),Q1548583,css 202508,skipped: no valid 034
987013912439905171,https://www.nli.org.il/he/authorities/987013912439905171,20260305-20260311,live,dms-missing-leading-zero+incomplete-point (missing $e and/or $g),[] d= e=E0102256 f=N321822 g=,,Remada (Tunisia),רמאדה (תוניסיה),Q1015427,css 202512,skipped: no valid 034
987013912440105171,https://www.nli.org.il/he/authorities/987013912440105171,20260305-20260311,live,dms-missing-leading-zero+incomplete-point (missing $e and/or $g),[] d= e=E046434 f=N022184 g=,,Layla (Saudi Arabia),לילה (ערב הסעודית),Q26958,css 202512,skipped: no valid 034
987013912440905171,https://www.nli.org.il/he/authorities/987013912440905171,20260312-20260318,live,dms-missing-leading-zero+incomplete-point (missing $e and/or $g),[] d= e=E009180 f=N032250 g=,,Bir Aouïne (Tunisia),באר עווין (תוניסיה),,css 202512,skipped: no valid 034
987013617170005171,https://www.nli.org.il/he/authorities/987013617170005171,20260618-20260624,live,dms-missing-leading-zero+incomplete-point (missing $e and/or $g),[] d= e=E0201931 f=N050646 g=,,Wawrzeńczyce (Poland),ואוז'נצ'יצה (פולין),Q1899877,css 202508,skipped: no valid 034
987013432791205171,https://www.nli.org.il/he/authorities/987013432791205171,20260305-20260311,live,dms-missing-leading-zero+incomplete-point (missing $e and/or $g)+other,[] d= e=E004260 f=N03611′0 g=,,Bibans (Algeria),ביבאן (אלג'יריה),Q2900927,css 202505,skipped: no valid 034
987013435604905171,https://www.nli.org.il/he/authorities/987013435604905171,20260305-20260311,live,dms-missing-leading-zero+incomplete-point (missing $e and/or $g)+other,[] d=35.02333333 e=N345539 f=N0315437 g=,,Ayyalon Cave (Israel),מערת איילון (ישראל),Q412008,css 202505,skipped: no valid 034
987012859173705171,https://www.nli.org.il/he/authorities/987012859173705171,20260305-20260311,live,dms-missing-leading-zero+other,[geonames] d=E00012 e=E00012 f=N04457111 g=N04457111,,Laugerie-Haute (France),לאוז'רי-האוט (צרפת),Q555427,css 202407,skipped: no valid 034
987013348810605171,https://www.nli.org.il/he/authorities/987013348810605171,20250402-20250408,live,dms-with-decimal-seconds-unpadded,[geohack] d=E635120.016 e=E635120.016 f=N40169.98 g=N40169.98,,Chandirobod (Uzbekistan),צ'אנדירובוד (אוזבקיסטן),Q24698271,BMC 202503,skipped: no valid 034
987013711498605171,https://www.nli.org.il/he/authorities/987013711498605171,20250923-20250929,live,dms-with-decimal-seconds-unpadded,[] d=E115220.57 e=E115220.57 f=N462130.38 g=N462130.38,,Falcade (Italy),פלקדה (איטליה),245906095 | Q39784,BEB 202509,skipped: no valid 034
987012939877105171,https://www.nli.org.il/he/authorities/987012939877105171,20260212-20260218,live,dms-with-decimal-seconds-unpadded,[geohack] d=E163059.4 e=E163059.4 f=N475046.28 g=N475046.28,,"Unterberg-Eisenstadt (Eisenstadt, Austria)","אונטרברג-אייזנשטדט (אייזנשטדט, אוסטריה)",Q20480250,BMC 202409,skipped: no valid 034
987007465879705171,https://www.nli.org.il/he/authorities/987007465879705171,20260219-20260225,live,dms-with-decimal-seconds-unpadded,[] d=W00213.1000 e=W00213.1000 f=N05325.7000 g=N05325.7000,,"Withington (Manchester, England)","וית'ינגטון (מנצ'סטר, אנגליה)",Q2363433 | 153867271,,skipped: no valid 034
987012965176905171,https://www.nli.org.il/he/authorities/987012965176905171,20260305-20260311,live,dms-with-decimal-seconds-unpadded,[geohack] d=E17746.92 e=E17746.92 f=N4919.84 g=N4919.84,,"Nietčice (Kyjov, Jihomoravský kraj, Czech Republic)","ניצ'יצ'ה (קיוב, מחוז מוראביה הדרומית, צ'כיה)",Q12041797,BMC 202410,skipped: no valid 034
987012855874605171,https://www.nli.org.il/he/authorities/987012855874605171,20250618-20250624,live,dms-with-decimal-seconds-unpadded+incomplete-point (missing $e and/or $g),[] d= e=E029361.45 f= g=S0000737.09,,Ishango (Congo),אישנגו (קונגו),Q3155252,css 202407,skipped: no valid 034
987013545088305171,https://www.nli.org.il/he/authorities/987013545088305171,20250722-20250728,live,dms-with-decimal-seconds-unpadded+incomplete-point (missing $e and/or $g),[] d=W1345151.001 e= f=N057830.001 g=,,Takatz Creek (Alaska),טאקאץ קריק (אלסקה),,css 202507,skipped: no valid 034
987012795176105171,https://www.nli.org.il/he/authorities/987012795176105171,20260212-20260218,live,dms-with-decimal-seconds-unpadded+incomplete-point (missing $e and/or $g),[] d=W0054821.1982 e= f=N043161.7501 g=,,Ablaña (Spain),אבלנה (ספרד),Q8580846,css 202405,skipped: no valid 034
987012328375605171,https://www.nli.org.il/he/authorities/987012328375605171,20260219-20260225,live,dms-with-decimal-seconds-unpadded+incomplete-point (missing $e and/or $g),[] d= e=E0272813.8 f=N044753.6 g=,,Păcuiul lui Soare (Romania),פאקויל לואי סואר (רומניה),Q13479651,cea 202304,skipped: no valid 034
987012878377105171,https://www.nli.org.il/he/authorities/987012878377105171,20260305-20260311,live,dms-with-decimal-seconds-unpadded+incomplete-point (missing $e and/or $g),[] d= e=E029317.3 f=N0305646.2 g=,,Taposiris Magna (Extinct city),טפוסיריס מגנה (עיר קדומה),Q7684735,css 202407,skipped: no valid 034
987013609580805171,https://www.nli.org.il/he/authorities/987013609580805171,20260305-20260311,live,dms-with-decimal-seconds-unpadded+incomplete-point (missing $e and/or $g),[] d= e=E009499.67 f=N0455217.35 g=,,Oneta (Italy),אונטה (איטליה),Q101301,css 202508,skipped: no valid 034
987013296576205171,https://www.nli.org.il/he/authorities/987013296576205171,20250312-20250318,live,hemisphere-after-digits,[geonet] d=0164307E e=0164307E f=0522008N g=0522008N,,"Konarzewo (Poznań, Poland : Powiat)","קונארז'בו (פוזנן, פולין : מחוז)",Q2540403,beb 202502,skipped: no valid 034
987013437207005171,https://www.nli.org.il/he/authorities/987013437207005171,20250604-20250610,live,hemisphere-after-digits,[geohack] d=255520E e=255520E f=493652N g=493652N,,Chahari-Zbarazki (Ukraine),צ'אגארי-זבאראז'קי (אוקראינה),Q4506647,BMC 202505,skipped: no valid 034
987014336699105171,https://www.nli.org.il/he/authorities/987014336699105171,20260212-20260218,live,hemisphere-after-digits,[geonet] d=0143149E e=0143149E f=0355002N g=0355002N,,Borġ in-Nadur (Malta),בורג אין-נדור (מלטה),,,skipped: no valid 034
987007564476905171,https://www.nli.org.il/he/authorities/987007564476905171,20260727-20260727,live,hemisphere-after-digits,[geonames] d=343008N e=343008N f=0975728W g=0975728W,,Duncan (Okla.),דאנקן (אוקלהומה),Q3041247 | 134882769,,skipped: no valid 034
987012882071905171,https://www.nli.org.il/he/authorities/987012882071905171,20250122-20250128,live,hemisphere-letter-only,[] d=W e=E f=N g=S,,Zohapilco Site (Mexico),אתר זהופילקו (מקסיקו),Q8073441,css 202408,skipped: no valid 034
987012922273905171,https://www.nli.org.il/he/authorities/987012922273905171,20250129-20250204,live,hemisphere-letter-only,[] d=W0752236 e=E f=N0425554 g=S,,Waterville (N.Y.),ואטרוויל (ניו יורק),Q3452971,css 202409,skipped: no valid 034
987012847773405171,https://www.nli.org.il/he/authorities/987012847773405171,20250212-20250218,live,hemisphere-letter-only,[] d=W e=E0465830.3 f=N03057177 g=S,,Al-Chibayish (Iraq),אל-צ'יבאיש (עיראק),Q60761652,css 202407,skipped: no valid 034
987012838575805171,https://www.nli.org.il/he/authorities/987012838575805171,20260212-20260218,live,hemisphere-letter-only,[] d=W e=E f=N g=S,,Čāl Tarḵān-ʿEšqābād Site (Iran),אתר קאל טארקן-אסכבאד (איראן),,css 202406,skipped: no valid 034
987012857476705171,https://www.nli.org.il/he/authorities/987012857476705171,20260212-20260218,live,hemisphere-letter-only,[] d=W e=E0335455 f=N0282145 g=S,,Jabal Umm Shūmar (Egypt),ג'בל אום שומר (מצרים),,css 202407,skipped: no valid 034
987013553575405171,https://www.nli.org.il/he/authorities/987013553575405171,20260305-20260311,live,hemisphere-letter-only,[] d=W e=E f=N g=S,,Cârligătura (Romania : Judet),קרליגטורה (רומניה : מחוז),Q20430272,css 202507,skipped: no valid 034
987012922275905171,https://www.nli.org.il/he/authorities/987012922275905171,20250115-20250121,live,incomplete-point (missing $e and/or $g),[] d= e=E0122842.72 f=N0415332.77 g=,,"Porticus Octaviae (Rome, Italy)","אכסדרת אוקטביה (רומא, איטליה)",Q1241207,css 202409,skipped: no valid 034
987012876369705171,https://www.nli.org.il/he/authorities/987012876369705171,20250122-20250128,live,incomplete-point (missing $e and/or $g),[] d=W0751648.54 e= f= g=S0120054.70,,Sicaya (Peru),סיקאיה (פרו),Q7507402,css 202408,skipped: no valid 034
987012855874905171,https://www.nli.org.il/he/authorities/987012855874905171,20250122-20250128,live,incomplete-point (missing $e and/or $g),[] d=W0585428 e= f= g=S0334256,,Ibicuy Islands (Argentina),איי איביקוי (ארגנטינה),Q9009904,css 202407,skipped: no valid 034
987012855875305171,https://www.nli.org.il/he/authorities/987012855875305171,20250129-20250204,live,incomplete-point (missing $e and/or $g),[] d= e=E1471904 f= g=S0354306,,Holbrook (N.S.W.),הולברוק (ניו סאות' ויילס),Q14218357,css 202407,skipped: no valid 034
987012882071605171,https://www.nli.org.il/he/authorities/987012882071605171,20250212-20250218,live,incomplete-point (missing $e and/or $g),[] d= e=E0445613.0 f=N0335843.0 g=,,Miqdadiyah (Iraq),מוקדאדיה (עיראק),Q2353893,css 202408,skipped: no valid 034
987012857476905171,https://www.nli.org.il/he/authorities/987012857476905171,20250212-20250218,live,incomplete-point (missing $e and/or $g),[] d= e=E0443503.3 f=N0331811 g=,,Ishchali Site (Iraq),אתר אישכאלי (עיראק),Q3338309,css 202407,skipped: no valid 034
987013435615505171,https://www.nli.org.il/he/authorities/987013435615505171,20250528-20250603,live,incomplete-point (missing $e and/or $g),[] d= e=E0345812 f=N0294649 g=,,Mount Timna (Israel),הר תמנע (ישראל),,css 202505,skipped: no valid 034
987013508128105171,https://www.nli.org.il/he/authorities/987013508128105171,20250708-20250714,live,incomplete-point (missing $e and/or $g),[] d= e=E0411312 f=N0362522 g=,,Khatuniyah Region (Syria),אזור ח'אתוניה (סוריה),,css 202506,skipped: no valid 034
987013508129005171,https://www.nli.org.il/he/authorities/987013508129005171,20250708-20250714,live,incomplete-point (missing $e and/or $g),[] d= e=E0391659.60140 f=N0134930.15941 g=,,Gheralta Mountains (Ethiopia),הרי גרלטה (אתיופיה),,css 202506,skipped: no valid 034
987013526576105171,https://www.nli.org.il/he/authorities/987013526576105171,20250715-20250721,live,incomplete-point (missing $e and/or $g),[] d=W0035852 e= f=N0432630 g=,,Pas River Valley (Spain),עמק נהר פאס (ספרד),,css 202507,skipped: no valid 034
987013609580305171,https://www.nli.org.il/he/authorities/987013609580305171,20250826-20250901,live,incomplete-point (missing $e and/or $g),[] d= e=E0230629 f=N0482121 g=,,Osii (Ukraine),אוסי (אוקראינה),,css 202508,skipped: no valid 034
987013503863605171,https://www.nli.org.il/he/authorities/987013503863605171,20251216-20251222,live,incomplete-point (missing $e and/or $g),[] d= e=E0271648 f=N0554341 g=,,Druysk (Belarus),דרויסק (בלארוס),,css 202506,skipped: no valid 034
987013912440405171,https://www.nli.org.il/he/authorities/987013912440405171,20251216-20251222,live,incomplete-point (missing $e and/or $g),[] d= e=E0412642 f=N0311934 g=,,Jadaidat Arar (Saudia Arabia),ג'דיידת ערער (ערב הסעודית),,css 202512,skipped: no valid 034
987013400927005171,https://www.nli.org.il/he/authorities/987013400927005171,20260212-20260218,live,incomplete-point (missing $e and/or $g),[] d= e=E0061056 f=N0511430 g=,,Brüggen (Germany),בריגן (גרמניה),Q163693,css 202504,skipped: no valid 034
987013432790905171,https://www.nli.org.il/he/authorities/987013432790905171,20260305-20260311,live,incomplete-point (missing $e and/or $g),[] d= e=E0074840 f=N0473736 g=,,Dinkelberg (Germany),דינקלברג (גרמניה),Q1226532,css 202505,skipped: no valid 034
987013588386305171,https://www.nli.org.il/he/authorities/987013588386305171,20260305-20260311,live,incomplete-point (missing $e and/or $g),[] d= e=E0021938 f=N0434316 g=,,Montredon-Labessonnié (France),מונטרדו לבסוני (צרפת),Q1613901,css 202508,skipped: no valid 034
987013617174805171,https://www.nli.org.il/he/authorities/987013617174805171,20260305-20260311,live,incomplete-point (missing $e and/or $g),[] d= e=E0060559 f=N0442645 g=,,"Venterol (Hautes-Alpes, France)","ונטרול (הוט אלפ, צרפת)",Q1093018,css 202508,skipped: no valid 034
987013435604505171,https://www.nli.org.il/he/authorities/987013435604505171,20260305-20260311,live,incomplete-point (missing $e and/or $g),[] d= e=E0071145 f=N0475310 g=,,Jungholtz (France),יונגהולץ (צרפת),Q83240,css 202505,skipped: no valid 034
987013508128705171,https://www.nli.org.il/he/authorities/987013508128705171,20260305-20260311,live,incomplete-point (missing $e and/or $g),[] d= e=E1204554 f=N0153938 g=,,Guimba (Philippines),גואימבה (פיליפינים),Q55552,css 202506,skipped: no valid 034
987013588386705171,https://www.nli.org.il/he/authorities/987013588386705171,20260305-20260311,live,incomplete-point (missing $e and/or $g),[] d= e=E0190515 f=N0493347 g=,,Milówka (Poland),מילובקה (פולין),Q1221928,css 202508,skipped: no valid 034
987013502763705171,https://www.nli.org.il/he/authorities/987013502763705171,20260305-20260311,live,incomplete-point (missing $e and/or $g),[] d= e=E0225051 f=N0382942 g=,,Chaeronea (Greece),כירונאה (יוון),Q549874,css 202506,skipped: no valid 034
987013588388405171,https://www.nli.org.il/he/authorities/987013588388405171,20260305-20260311,live,incomplete-point (missing $e and/or $g),[] d= e=E0263036 f=N0493636 g=,,Kupil (Ukraine),קופיל (אוקראינה),Q2090035,css 202508,skipped: no valid 034
987013553559305171,https://www.nli.org.il/he/authorities/987013553559305171,20260305-20260311,live,incomplete-point (missing $e and/or $g),[] d= e=E0124523 f=N0571220 g=,,Fagered (Sweden),פאגרד (שוודיה),Q2244794,css 202507,skipped: no valid 034
987013588388705171,https://www.nli.org.il/he/authorities/987013588388705171,20260305-20260311,live,incomplete-point (missing $e and/or $g),[] d= e=E0342752 f=N0482207 g=,,Krinichki (Ukraine),קריניצה (אוקראינה),Q572142,css 202508,skipped: no valid 034
987013435604405171,https://www.nli.org.il/he/authorities/987013435604405171,20260305-20260311,live,incomplete-point (missing $e and/or $g),[] d= e=E0350356 f=N0394500 g=,,Kerkenes Site (Turkey),אתר קרקנס (טורקיה),Q1336601,css 202505,skipped: no valid 034
987013508128205171,https://www.nli.org.il/he/authorities/987013508128205171,20260305-20260311,live,incomplete-point (missing $e and/or $g),[] d= e=E0411312 f=N0362522 g=,,Khatuniyah (Syria),ח'אתוניה (סוריה),Q22935795,css 202506,skipped: no valid 034
987013553576005171,https://www.nli.org.il/he/authorities/987013553576005171,20260305-20260311,live,incomplete-point (missing $e and/or $g),[] d= e=E0075635.4 f=N0493439.78 g=,,Börrstadt (Germany),בורשטדט (גרמניה),Q561236,css 202507,skipped: no valid 034
987013588386605171,https://www.nli.org.il/he/authorities/987013588386605171,20260305-20260311,live,incomplete-point (missing $e and/or $g),[] d= e=E0050007 f=N0433456 g=,,Miramas (France),מיראמס (צרפת),Q235865,css 202508,skipped: no valid 034
987013588387705171,https://www.nli.org.il/he/authorities/987013588387705171,20260305-20260311,live,incomplete-point (missing $e and/or $g),[] d=W0021059 e= f=N0423400 g=,,Los Arcos (Spain),לוס ארקוס (ספרד),Q742713,css 202508,skipped: no valid 034
987013609580705171,https://www.nli.org.il/he/authorities/987013609580705171,20260305-20260311,live,incomplete-point (missing $e and/or $g),[] d= e=E0053747 f=N0515559 g=,,Opheusden (Netherlands),אופהויסדן (הולנד),Q3183256,css 202508,skipped: no valid 034
987013435605905171,https://www.nli.org.il/he/authorities/987013435605905171,20260305-20260311,live,incomplete-point (missing $e and/or $g),[] d= e=E0072541 f=N0481929 g=,,Dambach-la-Ville (France),דמבאך-לה-וילה (צרפת),Q317287,css 202505,skipped: no valid 034
987013437297705171,https://www.nli.org.il/he/authorities/987013437297705171,20260305-20260311,live,incomplete-point (missing $e and/or $g),[] d= e=E0164451.88 f=N0491443.35 g=,,Švédův Stůl Cave (Czech Republic),מערת סוודוב סטול (צ'כיה),Q10505309,css 202506,skipped: no valid 034
987013526575105171,https://www.nli.org.il/he/authorities/987013526575105171,20260305-20260311,live,incomplete-point (missing $e and/or $g),[] d= e=E0785724 f=N0200317 g=,,Rajur (India),ראג'ור (הודו),Q2719488,css 202507,skipped: no valid 034
987013553570505171,https://www.nli.org.il/he/authorities/987013553570505171,20260305-20260311,live,incomplete-point (missing $e and/or $g),[] d= e=E0345715 f=N0303822 g=,,"Ardon, Mount (Israel)",הר ארדון (ישראל),Q26764184,css 202507,skipped: no valid 034
987013553573405171,https://www.nli.org.il/he/authorities/987013553573405171,20260305-20260311,live,incomplete-point (missing $e and/or $g),[] d= e=E0101943 f=N0493041 g=,,Ergersheim (Germany),ארגרשיים (גרמניה),Q511325,css 202507,skipped: no valid 034
987013617175005171,https://www.nli.org.il/he/authorities/987013617175005171,20260305-20260311,live,incomplete-point (missing $e and/or $g),[] d= e=E0142349 f=N0504350 g=,,Velká Bukovina (Czech Republic),ולקה בוקובינה (צ'כיה),Q2136233,css 202508,skipped: no valid 034
987013508132205171,https://www.nli.org.il/he/authorities/987013508132205171,20260305-20260311,live,incomplete-point (missing $e and/or $g),[] d= e=E0373600 f=N0150700 g=,,Barentu (Eritrea),ברנטו (אריתריאה),Q808100,css 202506,skipped: no valid 034
987013552076905171,https://www.nli.org.il/he/authorities/987013552076905171,20260305-20260311,live,incomplete-point (missing $e and/or $g),[] d= e=E0225339 f=N0562740 g=,,Auce (Latvia),אאוצה (לטביה),Q758578,css 202507,skipped: no valid 034
987013588383305171,https://www.nli.org.il/he/authorities/987013588383305171,20260305-20260311,live,incomplete-point (missing $e and/or $g),[] d=W0010428 e= f=N0455102 g=,,Hiers-Brouage (France),הייר-ברואג' (צרפת),Q839129,css 202508,skipped: no valid 034
987013617167005171,https://www.nli.org.il/he/authorities/987013617167005171,20260305-20260311,live,incomplete-point (missing $e and/or $g),[] d= e=E0514214 f=N0291725 g=,,Sar Mashhad (Iran),סר משהד (איראן),Q3473237,css 202508,skipped: no valid 034
987013617168205171,https://www.nli.org.il/he/authorities/987013617168205171,20260305-20260311,live,incomplete-point (missing $e and/or $g),[] d=W0014450 e= f=N0475343 g=,,Pléchâtel (France),פלשאטל (צרפת),Q1011295,css 202508,skipped: no valid 034
987013617168705171,https://www.nli.org.il/he/authorities/987013617168705171,20260305-20260311,live,incomplete-point (missing $e and/or $g),[] d= e=E0025940 f=N0502812 g=,,Oignies (France),אוגניס (צרפת),Q177479,css 202508,skipped: no valid 034
987013426258305171,https://www.nli.org.il/he/authorities/987013426258305171,20260305-20260311,live,incomplete-point (missing $e and/or $g),[] d= e=E0274719 f=N0554756 g=,,Leonpol (Belarus),לאונפול (בלארוס),Q11707997,css 202505,skipped: no valid 034
987013432793705171,https://www.nli.org.il/he/authorities/987013432793705171,20260305-20260311,live,incomplete-point (missing $e and/or $g),[] d=W1173421 e= f=N0570342 g=,,Hotchkiss (Alta.),הוטצ'קיס (אלברטה),Q5911044,css 202505,skipped: no valid 034
987013508128805171,https://www.nli.org.il/he/authorities/987013508128805171,20260305-20260311,live,incomplete-point (missing $e and/or $g),[] d= e=E0084440 f=N0552350 g=,,Gredstedbro (Denmark),גרדסטדברו (דנמרק),Q2349207,css 202506,skipped: no valid 034
987013526577105171,https://www.nli.org.il/he/authorities/987013526577105171,20260305-20260311,live,incomplete-point (missing $e and/or $g),[] d= e=E0355133 f=N0385055 g=,,Bünyan (Turkey),בוניאן (טורקיה),Q1921307,css 202507,skipped: no valid 034
987013552079905171,https://www.nli.org.il/he/authorities/987013552079905171,20260305-20260311,live,incomplete-point (missing $e and/or $g),[] d= e=E0103545 f=N0454540 g=,,Valvestino (Italy),ולוסטינו (איטליה),Q112151,css 202507,skipped: no valid 034
987013553572805171,https://www.nli.org.il/he/authorities/987013553572805171,20260305-20260311,live,incomplete-point (missing $e and/or $g),[] d= e=E0061332 f=N0442802 g=,,Espinasses (France),אספינאס (צרפת),Q805238,css 202507,skipped: no valid 034
987013432789505171,https://www.nli.org.il/he/authorities/987013432789505171,20260305-20260311,live,incomplete-point (missing $e and/or $g),[] d=W1085319 e= f=N0380234 g=,,Slick Rock (Colo.),סליק רוק (קולורדו),Q107803513,css 202505,skipped: no valid 034
987013508124905171,https://www.nli.org.il/he/authorities/987013508124905171,20260305-20260311,live,incomplete-point (missing $e and/or $g),[] d= e=E0055144 f=N0524232 g=,,Marknesse (Netherlands),מרקנזי (הולנד),Q1858413,css 202506,skipped: no valid 034
987013508127905171,https://www.nli.org.il/he/authorities/987013508127905171,20260305-20260311,live,incomplete-point (missing $e and/or $g),[] d= e=E0231613 f=N0522422 g=,,Klukowicze (Poland),קלוקוביץ (פולין),Q2111008,css 202506,skipped: no valid 034
987013508128505171,https://www.nli.org.il/he/authorities/987013508128505171,20260305-20260311,live,incomplete-point (missing $e and/or $g),[] d= e=E0131651 f=N0372338 g=,,Heraclea Minoa (Extinct city),הרקלאה מינואה (עיר קדומה),Q1502156,css 202506,skipped: no valid 034
987013553573505171,https://www.nli.org.il/he/authorities/987013553573505171,20260305-20260311,live,incomplete-point (missing $e and/or $g),[] d= e=E0031328 f=N0455355 g=,,Ennezat (France),אנזאט (צרפת),Q333441,css 202507,skipped: no valid 034
987013609578305171,https://www.nli.org.il/he/authorities/987013609578305171,20260305-20260311,live,incomplete-point (missing $e and/or $g),[] d= e=E0055039 f=N0455100 g=,,Ruffieux (France),רופיו (צרפת),Q541761,css 202508,skipped: no valid 034
987013432789705171,https://www.nli.org.il/he/authorities/987013432789705171,20260305-20260311,live,incomplete-point (missing $e and/or $g),[] d=W0073127 e= f=N0373323 g=,,Pomarão (Portugal),פומאראו (פורטוגל),Q2103269,css 202505,skipped: no valid 034
987013432791305171,https://www.nli.org.il/he/authorities/987013432791305171,20260305-20260311,live,incomplete-point (missing $e and/or $g),[] d=W1345156 e= f=N0600530 g=,,Bennett Lake (B.C. and Yukon),אגם בנט (בריטיש קולומביה ויוקון),Q317231,css 202505,skipped: no valid 034
987013437299005171,https://www.nli.org.il/he/authorities/987013437299005171,20260305-20260311,live,incomplete-point (missing $e and/or $g),[] d= e=E0291507 f=N0362919 g=,,Pinara (Extinct city),פינרה (עיר קדומה),Q1318876,css 202506,skipped: no valid 034
987013617175305171,https://www.nli.org.il/he/authorities/987013617175305171,20260305-20260311,live,incomplete-point (missing $e and/or $g),[] d= e=E0065402 f=N0494933 g=,,Trittenheim (Germany),טריטנהיים (גרמניה),Q662479,css 202508,skipped: no valid 034
987013508124405171,https://www.nli.org.il/he/authorities/987013508124405171,20260305-20260311,live,incomplete-point (missing $e and/or $g),[] d= e=E0315618 f=N0262020 g=,,Nag' El Mashayikh (Extinct city),נג' אל-משייח' (עיר קדומה),Q1432763,css 202506,skipped: no valid 034
987013553573005171,https://www.nli.org.il/he/authorities/987013553573005171,20260305-20260311,live,incomplete-point (missing $e and/or $g),[] d= e=E0055413 f=N0442716 g=,,"Esparron (Hautes-Alpes, France)","אספרון (הוט אלפ, צרפת)",Q1017786,css 202507,skipped: no valid 034
987013553575305171,https://www.nli.org.il/he/authorities/987013553575305171,20260305-20260311,live,incomplete-point (missing $e and/or $g),[] d=W0040222 e= f=N0401117 g=,,Casarrubios del Monte (Spain),קסארוביוס דל מונטה (ספרד),Q1628648,css 202507,skipped: no valid 034
987013526576205171,https://www.nli.org.il/he/authorities/987013526576205171,20260305-20260311,live,incomplete-point (missing $e and/or $g),[] d=W0035852 e= f=N0432630 g=,,Pas River (Spain),נהר פאס (ספרד),Q14360,css 202507,skipped: no valid 034
987013588388005171,https://www.nli.org.il/he/authorities/987013588388005171,20260305-20260311,live,incomplete-point (missing $e and/or $g),[] d= e=E0062040 f=N0485439 g=,,Liocourt (France),ליוקור (צרפת),Q21959,css 202508,skipped: no valid 034
987013602037405171,https://www.nli.org.il/he/authorities/987013602037405171,20260305-20260311,live,incomplete-point (missing $e and/or $g),[] d= e=E0782336 f=N0111947 g=,,Kolli Hills (India),גבעות קולי (הודו),Q3521516,css 202508,skipped: no valid 034
987013605539105171,https://www.nli.org.il/he/authorities/987013605539105171,20260305-20260311,live,incomplete-point (missing $e and/or $g),[] d= e=E0131329 f=N0475643 g=,,Neumarkt am Wallersee (Austria),נוימרקט אם ואלרזי (אוסטריה),Q260687,css 202508,skipped: no valid 034
987013609580005171,https://www.nli.org.il/he/authorities/987013609580005171,20260305-20260311,live,incomplete-point (missing $e and/or $g),[] d= e=E0045820 f=N0353228 g=,,Ouled Mansour (Algeria),ולאד מנסור (אלג'יריה),Q3358242,css 202508,skipped: no valid 034
987013552077405171,https://www.nli.org.il/he/authorities/987013552077405171,20260305-20260311,live,incomplete-point (missing $e and/or $g),[] d= e=E0062455 f=N0512620 g=,,Aldekerk (Germany),אלדקרק (גרמניה),Q45748448,css 202507,skipped: no valid 034
987013553576105171,https://www.nli.org.il/he/authorities/987013553576105171,20260305-20260311,live,incomplete-point (missing $e and/or $g),[] d= e=E0133022 f=N0502529 g=,,Bílence (Czech Republic),בילנץ (צ'כיה),Q1019524,css 202507,skipped: no valid 034
987013617161505171,https://www.nli.org.il/he/authorities/987013617161505171,20260305-20260311,live,incomplete-point (missing $e and/or $g),[] d= e=E0032408 f=N0461847 g=,,Varennes-sur-Allier (France),וורן-סור-אלייה (צרפת),Q512351,css 202509,skipped: no valid 034
987013617166905171,https://www.nli.org.il/he/authorities/987013617166905171,20260305-20260311,live,incomplete-point (missing $e and/or $g),[] d= e=E0455306 f=N0393853 g=,,Sarnakunk (Armenia),סרנקונק (ארמניה),Q640522,css 202508,skipped: no valid 034
987013617168305171,https://www.nli.org.il/he/authorities/987013617168305171,20260305-20260311,live,incomplete-point (missing $e and/or $g),[] d= e=E0052034 f=N0465617 g=,,Petit-Noir (France),פטי-נואר (צרפת),Q1117853,css 202508,skipped: no valid 034
987013617170105171,https://www.nli.org.il/he/authorities/987013617170105171,20260305-20260311,live,incomplete-point (missing $e and/or $g),[] d= e=E0080342 f=N0493118 g=,,Wattenheim (Germany),ווטנהיים (גרמניה),Q654250,css 202508,skipped: no valid 034
987013917538405171,https://www.nli.org.il/he/authorities/987013917538405171,20260305-20260311,live,incomplete-point (missing $e and/or $g),[] d= e=E0353114 f=N0331635 g=,,Taybeh (Lebanon),טייבה (לבנון),Q9161495,css 202512,skipped: no valid 034
987012859174205171,https://www.nli.org.il/he/authorities/987012859174205171,20260416-20260422,live,incomplete-point (missing $e and/or $g),[] d= e=E1204507 f= g=S0292533,,"Ballard, Lake (W.A.)",אגם בלארד (אוסטרליה המערבית),Q7358147,css 202407,skipped: no valid 034
987013912441005171,https://www.nli.org.il/he/authorities/987013912441005171,20260416-20260422,live,incomplete-point (missing $e and/or $g),[] d= e=E0355610 f=N0324110 g=,,,עמרה (ירדן),,css 202512,skipped: no valid 034
987013508125005171,https://www.nli.org.il/he/authorities/987013508125005171,20260305-20260311,live,incomplete-point (missing $e and/or $g)+no-hemisphere,[] d= e=0004339 f=N0462413 g=,,Lussac-les-Châteaux (France),לוסאק-לה-שאטו (צרפת),Q1454091,css 202506,skipped: no valid 034
987007565392405171,https://www.nli.org.il/he/authorities/987007565392405171,20250115-20250121,live,incomplete-point (missing $e and/or $g)+other,[gooearth] d=9.729578 e= f=45.330325 g=,,"Italy, Northern",איטליה הצפונית,Q4345530,,skipped: no valid 034
987013508129705171,https://www.nli.org.il/he/authorities/987013508129705171,20250708-20250714,live,incomplete-point (missing $e and/or $g)+other,[] d= e=29.683 f= g=,,Bufumbira (Uganda),בופומבירה (אוגנדה),,css 202506,skipped: no valid 034
987007529114605171,https://www.nli.org.il/he/authorities/987007529114605171,20260212-20260218,live,incomplete-point (missing $e and/or $g)+other,[gooearth] d=10.848004 e= f=48.183725 g=,,"Germany, Southern",גרמניה הדרומית,,,skipped: no valid 034
987011437606705171,https://www.nli.org.il/he/authorities/987011437606705171,20260212-20260218,live,incomplete-point (missing $e and/or $g)+other,[] d=west e=E0135925 f=N0502835 g=,,"Třebenice (Litoměřice Okres, Czech Republic)","טרבניץ (מחוז ליטומריץ, צ'כיה)",Q373951,css 202207,skipped: no valid 034
987012658567305171,https://www.nli.org.il/he/authorities/987012658567305171,20260212-20260218,live,incomplete-point (missing $e and/or $g)+other,[wikiped] d= e=35°29′57″ f=33°53′50″ g=,,"Wādī Abū Jamīl (Beirut, Lebanon)","ואדי אבו ג'מיל (ביירות, לבנון)",Q2916131,ceg 202401,skipped: no valid 034
987012552970205171,https://www.nli.org.il/he/authorities/987012552970205171,20260212-20260218,live,incomplete-point (missing $e and/or $g)+other,[] d= e=8°20′ f=51°34′ g=,,Anröchte (Germany),אנרוטה (גרמניה),Q11126,ceg 202311,skipped: no valid 034
987007561811905171,https://www.nli.org.il/he/authorities/987007561811905171,20260727-20260727,live,incomplete-point (missing $e and/or $g)+other,[gooearth] d=11.866912 e= f=45.701819 g=,,Veneto (Italy),ונטו (איטליה),Q1243 | 155404177,,skipped: no valid 034
987013121275905171,https://www.nli.org.il/he/authorities/987013121275905171,20250528-20250603,live,other,[gooearth] d=-8.584972° e=-8.584972 f=39.259306 g=39.259306,,Alpiarça (Portugal),אלפיארסה (פורטוגל),Q17166815,car 202411,skipped: no valid 034
987007541869605171,https://www.nli.org.il/he/authorities/987007541869605171,20260219-20260225,live,other,[bgn] d=W00030000 e=W00030000 f=N0505500 g=N0505500,,South Downs (England),,,,skipped: no valid 034
987007394523105171,https://www.nli.org.il/he/authorities/987007394523105171,20250212-20250218,live,"valid per MARC — rejected by our parser, not an NLI problem (or fixed since detection)",[] d=W0980100 e=W0893700 f=N0502400 g=N0285700 (valid),,Jefferson Highway,כביש ג'פרסון,,,skipped: no valid 034
987013309675205171,https://www.nli.org.il/he/authorities/987013309675205171,20250528-20250603,live,"valid per MARC — rejected by our parser, not an NLI problem (or fixed since detection)",[] d=E013.2511 e=E013.2511 f=N049.7758 g=N049.7758 (valid),,Město Touškov (Czech Republic),מסטו טוסקוב (צ'כיה),Q929808,,skipped: no valid 034
987013294741005171,https://www.nli.org.il/he/authorities/987013294741005171,20250909-20250915,live,"valid per MARC — rejected by our parser, not an NLI problem (or fixed since detection)",[gnis] d=W77.4874899 e=W77.4874899 f=N39.0437192 g=N39.0437192 (valid),,Ashburn (Va.),אשבורן (וירג'יניה),Q724884,,skipped: no valid 034
987014344802905171,https://www.nli.org.il/he/authorities/987014344802905171,20260205-20260211,live,"valid per MARC — rejected by our parser, not an NLI problem (or fixed since detection)",[] d=21.889 e=21.889 f=47.381 g=47.381 (valid),,"Nagyleta (Hajdú-Bihar County, Hungary)","נאג'לאטא (היידו-ביהר, הונגריה)",Q54808404,car 202602,skipped: no valid 034
987014336699705171,https://www.nli.org.il/he/authorities/987014336699705171,20260212-20260218,live,"valid per MARC — rejected by our parser, not an NLI problem (or fixed since detection)",[] d=E0592210 e=E0592210 f=N0224158 g=N0224158 (valid),,Qalhāt (Oman),קלהת (עומאן),,,skipped: no valid 034
987007562275905171,https://www.nli.org.il/he/authorities/987007562275905171,20260219-20260225,live,"valid per MARC — rejected by our parser, not an NLI problem (or fixed since detection)",[] d=E132.750000 e=E132.750000 f=N035.350000 g=N035.350000 (valid) || [] d=E1324500 e=E1324500 f=N0352100 g=N0352100 (valid),,Izumo-shi (Japan),איזומו-שי (יפן),Q825166 | 144279220,,skipped: no valid 034
987010791308805171,https://www.nli.org.il/he/authorities/987010791308805171,20260219-20260225,live,"valid per MARC — rejected by our parser, not an NLI problem (or fixed since detection)",[] d=E0063000 e=E0063000 f=N0490000 g=N0490000 (valid),,Moselle (France : 1919-),,310617341,,skipped: no valid 034
987014366902405171,https://www.nli.org.il/he/authorities/987014366902405171,20260312-20260318,live,"valid per MARC — rejected by our parser, not an NLI problem (or fixed since detection)",[] d=34.950186 e=34.950186 f=31.00975 g=31.00975 (valid),,Rahma (Israel),רכמה (ישראל),Q25492303,car 202602,skipped: no valid 034
987014344802805171,https://www.nli.org.il/he/authorities/987014344802805171,20260528-20260603,live,"valid per MARC — rejected by our parser, not an NLI problem (or fixed since detection)",[] d=23.28237 e=23.28237 f=46.97823 g=46.97823 (valid),,"Zimbor (Sălaj, Romania)",שאמוואר (רומניה),Q16427407,car 202602,skipped: no valid 034
987014344802305171,https://www.nli.org.il/he/authorities/987014344802305171,20260528-20260603,live,"valid per MARC — rejected by our parser, not an NLI problem (or fixed since detection)",[] d=21.557 e=21.557 f=48.6 g=48.6 (valid),,Slivník (Slovakia),סליבניק (סלובקיה),Q1072876,car 202602,skipped: no valid 034
987014407368705171,https://www.nli.org.il/he/authorities/987014407368705171,20260528-20260603,live,"valid per MARC — rejected by our parser, not an NLI problem (or fixed since detection)",[] d=34.726624 e=34.726624 f=30.47786 g=30.47786 (valid),,Be'erot Oded (Israel),בארות עודד (ישראל),Q99012963,car 202603,skipped: no valid 034
987013901236205171,https://www.nli.org.il/he/authorities/987013901236205171,20260528-20260603,live,"valid per MARC — rejected by our parser, not an NLI problem (or fixed since detection)",[] d=36.06 e=36.06 f=14.208889 g=14.208889 (valid),,Gharb (Malta),ערב (מלטה),,cjc 202512,skipped: no valid 034
987014675836005171,https://www.nli.org.il/he/authorities/987014675836005171,20260715-20260721,live,"valid per MARC — rejected by our parser, not an NLI problem (or fixed since detection)",[] d=35.1041 e=35.1041 f=32.1445 g=32.1445 (valid),,Lehi (West Bank),לחי (יהודה ושומרון),Q20502361,car 202606,skipped: no valid 034
987007577444605171,https://www.nli.org.il/he/authorities/987007577444605171,20260727-20260727,live,"valid per MARC — rejected by our parser, not an NLI problem (or fixed since detection)",[gnis] d=W77.5063739 e=W77.5063739 f=N37.6659780 g=N37.6659780 (valid),,Glen Allen (Va.),גלן אלן (וירג'יניה),170911267,,skipped: no valid 034
987007597949805171,https://www.nli.org.il/he/authorities/987007597949805171,20260727-20260727,live,"valid per MARC — rejected by our parser, not an NLI problem (or fixed since detection)",[] d=W0745933 e=W0745933 f=N0391323 g=N0391323 (valid),,Heislerville (N.J.),הייסלרוויל (ניו ג'רזי),Q16892185 | 282880084,,skipped: no valid 034
987007561980805171,https://www.nli.org.il/he/authorities/987007561980805171,20260727-20260727,live,"valid per MARC — rejected by our parser, not an NLI problem (or fixed since detection)",[] d=-004.283645 e=-004.283645 f=053.054590 g=053.054590 (valid) || [] d=W0041701 e=W0041701 f=N0530316 g=N0530316 (valid),,"Penygroes (Gwynedd, Wales)",,Q3399272 | 133667117,,skipped: no valid 034
987007564787105171,https://www.nli.org.il/he/authorities/987007564787105171,20260727-20260727,live,"valid per MARC — rejected by our parser, not an NLI problem (or fixed since detection)",[nzggn] d=E175.780 e=E175.780 f=S038.053 g=S038.053 (valid),,Putāruru (N.Z.),,133733807,,skipped: no valid 034
987013291158205171,https://www.nli.org.il/he/authorities/987013291158205171,20260804-20260810,live,"valid per MARC — rejected by our parser, not an NLI problem (or fixed since detection)",[] d=-004.177199 e=-004.177199 f=052.281752 g=052.281752 (valid) || [] d=W0041037 e=W0041037 f=N0521654 g=N0521654 (valid),,Llanon (Wales),לנון (ויילס),,,skipped: no valid 034
