nli_id,nli_url,heb_heading,rom_heading,wikidata,wikidata_url,wikidata_says,wikidata_label,kima_id,kima_url,kima_heb,kima_rom,kima_location_type_id,kima_location_type_meaning,distance_km,feature_extent_km,classifier_bucket,classifier_bucket_meaning,period,existing_he_type,why
987007558086305171,https://www.nli.org.il/he/authorities/987007558086305171,אירופה,Europe,Q46,https://www.wikidata.org/wiki/Q46,part of the world / continent / region / geographic location,Europe,75795,https://data.geo-kima.org/Places/Details/75795,אירופה,Europe,0,no type recorded in Kima,1343.3,3601.3,extended-feature,both points lie on the feature — no real move,20250108-20250114,אי,"Hebrew heading already names the feature type — NLI does do this, just not consistently"
987007282447105171,https://www.nli.org.il/he/authorities/987007282447105171,נהר אייבון (אנגליה),"Avon, River (Leicestershire-Gloucestershire, England)",Q19709,https://www.wikidata.org/wiki/Q19709,river,River Avon,1858,https://data.geo-kima.org/Places/Details/1858,נהר אייבון (אנגליה),"Avon, River (Leicestershire-Gloucestershire, England)",1,settlement / point feature,91.5,154.0,extended-feature,both points lie on the feature — no real move,20250115-20250121,נהר,"Hebrew heading already names the feature type — NLI does do this, just not consistently"
987007531868905171,https://www.nli.org.il/he/authorities/987007531868905171,נהר התמזה (אנגליה),Thames River (England),Q19686,https://www.wikidata.org/wiki/Q19686,river,River Thames,2259,https://data.geo-kima.org/Places/Details/2259,נהר התמזה (אנגליה),Thames River (England),1,settlement / point feature,183.6,334.0,extended-feature,both points lie on the feature — no real move,20250115-20250121,נהר,"Hebrew heading already names the feature type — NLI does do this, just not consistently"
987007292819905171,https://www.nli.org.il/he/authorities/987007292819905171,נהר אדיג'ה (איטליה),Adige River (Italy),Q13696,https://www.wikidata.org/wiki/Q13696,river,Adige,1572,https://data.geo-kima.org/Places/Details/1572,נהר אדיג'ה (איטליה),Adige River (Italy),1,settlement / point feature,233.2,410.0,extended-feature,both points lie on the feature — no real move,20250115-20250121,נהר,"Hebrew heading already names the feature type — NLI does do this, just not consistently"
987007536401205171,https://www.nli.org.il/he/authorities/987007536401205171,נהר הטיבר (איטליה),Tiber River (Italy),Q13712,https://www.wikidata.org/wiki/Q13712,river,Tiber,2267,https://data.geo-kima.org/Places/Details/2267,נהר הטיבר (איטליה),Tiber River (Italy),1,settlement / point feature,227.9,405.0,extended-feature,both points lie on the feature — no real move,20250115-20250121,נהר,"Hebrew heading already names the feature type — NLI does do this, just not consistently"
987007529861005171,https://www.nli.org.il/he/authorities/987007529861005171,נהר יאמונה (הודו),Yamuna River (India),Q34953450,https://www.wikidata.org/wiki/Q34953450,river / river,Yamuna,3853,https://data.geo-kima.org/Places/Details/3853,נהר יאמונה (הודו),Yamuna River (India),1,settlement / point feature,687.8,1376.0,extended-feature,both points lie on the feature — no real move,20250115-20250121,נהר,"Hebrew heading already names the feature type — NLI does do this, just not consistently"
987007541237805171,https://www.nli.org.il/he/authorities/987007541237805171,ריביירה (איטליה),Riviera (Italy),Q2155654,https://www.wikidata.org/wiki/Q2155654,coast / riviera / region / coast,Riviera di Levante,2055,https://data.geo-kima.org/Places/Details/2055,ריביירה (איטליה),Riviera (Italy),1,settlement / point feature,36.4,,extended-feature,both points lie on the feature — no real move,20250115-20250121,,"Hebrew heading already names the feature type — NLI does do this, just not consistently"
987007551852505171,https://www.nli.org.il/he/authorities/987007551852505171,נהר שי (סין),Xi River (China),Q216941,https://www.wikidata.org/wiki/Q216941,river,Xi River,85293,https://data.geo-kima.org/Places/Details/85293,נהר שי (סין),Xi River (China),0,no type recorded in Kima,271.9,2197.0,extended-feature,both points lie on the feature — no real move,20250115-20250121,נהר,"Hebrew heading already names the feature type — NLI does do this, just not consistently"
987007565950605171,https://www.nli.org.il/he/authorities/987007565950605171,נהר אוסורי (רוסיה וסין),Ussuri River (Russia and China),Q207777,https://www.wikidata.org/wiki/Q207777,river,Ussuri,3978,https://data.geo-kima.org/Places/Details/3978,נהר אוסורי (רוסיה וסין),Ussuri River (Russia and China),1,settlement / point feature,524.3,897.0,extended-feature,both points lie on the feature — no real move,20250115-20250121,נהר,"Hebrew heading already names the feature type — NLI does do this, just not consistently"
987007563307505171,https://www.nli.org.il/he/authorities/987007563307505171,פריולי (איטליה),Friuli (Italy),Q160570,https://www.wikidata.org/wiki/Q160570,region,Friuli,80643,https://data.geo-kima.org/Places/Details/80643,פריולי (איטליה),Friuli (Italy),0,no type recorded in Kima,42.8,102.4,extended-feature,both points lie on the feature — no real move,20250115-20250121,,"Hebrew heading already names the feature type — NLI does do this, just not consistently"
987007562907505171,https://www.nli.org.il/he/authorities/987007562907505171,שמורת הנבאחו,Navajo Indian Reservation,Q1783171,https://www.wikidata.org/wiki/Q1783171,Indian reservation of the United States / federally recognized Native American tribe in the United States / nation / jurisdiction,Navajo Nation,2956,https://data.geo-kima.org/Places/Details/2956,שמורת הנבאחו,Navajo Indian Reservation,2,region / extended feature,163.5,281.8,extended-feature,both points lie on the feature — no real move,20250115-20250121,שמורת,"Hebrew heading already names the feature type — NLI does do this, just not consistently"
987007284940105171,https://www.nli.org.il/he/authorities/987007284940105171,איי התעלה (קליפורניה),Channel Islands (Calif.),Q306147,https://www.wikidata.org/wiki/Q306147,geographical feature / island group,Channel Islands of California,1227,https://data.geo-kima.org/Places/Details/1227,איי התעלה (קליפורניה),Channel Islands (Calif.),1,settlement / point feature,123.7,34.0,homonym,two same-named places; which one did NLI mean,20250122-20250128,איי,"Hebrew heading already names the feature type — NLI does do this, just not consistently"
987007553410405171,https://www.nli.org.il/he/authorities/987007553410405171,עמק סן פרננדו (קליפורניה),San Fernando Valley (Calif.),Q816843,https://www.wikidata.org/wiki/Q816843,valley / territory,San Fernando Valley,2123,https://data.geo-kima.org/Places/Details/2123,עמק סן פרננדו (קליפורניה),San Fernando Valley (Calif.),1,settlement / point feature,33.3,16.9,extended-feature,both points lie on the feature — no real move,20250122-20250128,עמק,"Hebrew heading already names the feature type — NLI does do this, just not consistently"
987007548476205171,https://www.nli.org.il/he/authorities/987007548476205171,איי קוריל (רוסיה),Kuril Islands (Russia),Q80389,https://www.wikidata.org/wiki/Q80389,archipelago / disputed territory,Kuril Islands,2707,https://data.geo-kima.org/Places/Details/2707,איי קוריל (רוסיה),Kuril Islands (Russia),1,settlement / point feature,72.0,115.6,extended-feature,both points lie on the feature — no real move,20250122-20250128,איי,"Hebrew heading already names the feature type — NLI does do this, just not consistently"
987007549254705171,https://www.nli.org.il/he/authorities/987007549254705171,איסט ביי (קליפורניה),East Bay (Calif.),Q5327800,https://www.wikidata.org/wiki/Q5327800,geographical feature / region / General Service Area,East Bay,4423,https://data.geo-kima.org/Places/Details/4423,איסט ביי (קליפורניה),East Bay (Calif.),1,settlement / point feature,5057.4,,homonym,two same-named places; which one did NLI mean,20250122-20250128,אי,"Hebrew heading already names the feature type — NLI does do this, just not consistently"
987007556188205171,https://www.nli.org.il/he/authorities/987007556188205171,הים הלבן (רוסיה),White Sea (Russia),Q2045984,https://www.wikidata.org/wiki/Q2045984,marginal sea / adjacent sea / internal sea / strait,White Sea Throat,3688,https://data.geo-kima.org/Places/Details/3688,הים הלבן (רוסיה),White Sea (Russia),1,settlement / point feature,71.8,340.0,extended-feature,both points lie on the feature — no real move,20250122-20250128,ים,"Hebrew heading already names the feature type — NLI does do this, just not consistently"
987007543694505171,https://www.nli.org.il/he/authorities/987007543694505171,נהר הוולגה (רוסיה),Volga River (Russia),Q626,https://www.wikidata.org/wiki/Q626,river,Volga,3678,https://data.geo-kima.org/Places/Details/3678,נהר הוולגה (רוסיה),Volga River (Russia),1,settlement / point feature,1661.7,3530.0,extended-feature,both points lie on the feature — no real move,20250122-20250128,נהר,"Hebrew heading already names the feature type — NLI does do this, just not consistently"
987007558379605171,https://www.nli.org.il/he/authorities/987007558379605171,פודיליה (אוקראינה),Podillia (Ukraine),Q191607,https://www.wikidata.org/wiki/Q191607,Ukrainian historical regions / historical region / ethnographic region / cultural region,Podolia,2226,https://data.geo-kima.org/Places/Details/2226,פודיליה (אוקראינה),Podillia (Ukraine),0,no type recorded in Kima,402.5,,nli-coords-wrong,Wikidata backs Kima's point; NLI's stands alone,20250122-20250128,,"Hebrew heading already names the feature type — NLI does do this, just not consistently"
987007536355405171,https://www.nli.org.il/he/authorities/987007536355405171,ביצות פריפיאט (בלארוס ואוקראינה),Pripet Marshes (Belarus and Ukraine),Q117504,https://www.wikidata.org/wiki/Q117504,swamp / Important Bird Area,,2192,https://data.geo-kima.org/Places/Details/2192,ביצות פריפיאט (בלארוס ואוקראינה),Pripet Marshes (Belarus and Ukraine),0,no type recorded in Kima,74.7,,extended-feature,both points lie on the feature — no real move,20250122-20250128,ביצות,"Hebrew heading already names the feature type — NLI does do this, just not consistently"
987007555965405171,https://www.nli.org.il/he/authorities/987007555965405171,נהר סנטה קרוז (אריזונה ומקסיקו),Santa Cruz River (Ariz. and Mexico),Q1478566,https://www.wikidata.org/wiki/Q1478566,river / river,Santa Cruz River,2064,https://data.geo-kima.org/Places/Details/2064,נהר סנטה קרוז (אריזונה ומקסיקו),Santa Cruz River (Ariz. and Mexico),1,settlement / point feature,10233.8,385.0,homonym,two same-named places; which one did NLI mean,20250122-20250128,נהר,"Hebrew heading already names the feature type — NLI does do this, just not consistently"
987007290978605171,https://www.nli.org.il/he/authorities/987007290978605171,אלף האיים (אינדונזיה),Thousand Islands (Indonesia),Q1050549,https://www.wikidata.org/wiki/Q1050549,administrative regency of Indonesia / archipelago / island group,Thousand Islands,1705,https://data.geo-kima.org/Places/Details/1705,אלף האיים (אינדונזיה),Thousand Islands (Indonesia),1,settlement / point feature,1465.6,3.6,homonym,two same-named places; which one did NLI mean,20250122-20250128,ים,"Hebrew heading already names the feature type — NLI does do this, just not consistently"
987007543413405171,https://www.nli.org.il/he/authorities/987007543413405171,מיצרי מגלן (צ'ילה וארגנטינה),"Magellan, Strait of (Chile and Argentina)",Q48365,https://www.wikidata.org/wiki/Q48365,strait,Strait of Magellan,2604,https://data.geo-kima.org/Places/Details/2604,מיצרי מגלן (צ'ילה וארגנטינה),"Magellan, Strait of (Chile and Argentina)",1,settlement / point feature,59.5,,extended-feature,both points lie on the feature — no real move,20250122-20250128,מיצר,"Hebrew heading already names the feature type — NLI does do this, just not consistently"
987007295554005171,https://www.nli.org.il/he/authorities/987007295554005171,שמורת חיות בר ארקטי (אלסקה),Arctic National Wildlife Refuge (Alaska),Q638097,https://www.wikidata.org/wiki/Q638097,National Wildlife Refuge,Arctic National Wildlife Refuge,1987,https://data.geo-kima.org/Places/Details/1987,שמורת חיות בר ארקטי (אלסקה),Arctic National Wildlife Refuge (Alaska),1,settlement / point feature,35.6,315.2,extended-feature,both points lie on the feature — no real move,20250129-20250204,שמורת,"Hebrew heading already names the feature type — NLI does do this, just not consistently"
987007529729105171,https://www.nli.org.il/he/authorities/987007529729105171,יער לאומי קוקונינו (אריזונה),Coconino National Forest (Ariz.),Q1105434,https://www.wikidata.org/wiki/Q1105434,United States National Forest / proclaimed forest,Coconino National Forest,3992,https://data.geo-kima.org/Places/Details/3992,יער לאומי קוקונינו (אריזונה),Coconino National Forest (Ariz.),1,settlement / point feature,52.5,,extended-feature,both points lie on the feature — no real move,20250129-20250204,יער,"Hebrew heading already names the feature type — NLI does do this, just not consistently"
987007546333605171,https://www.nli.org.il/he/authorities/987007546333605171,נהר רריטן (ניו ג'רזי),Raritan River (N.J.),Q749287,https://www.wikidata.org/wiki/Q749287,channel / river,Raritan River,3119,https://data.geo-kima.org/Places/Details/3119,נהר רריטן (ניו ג'רזי),Raritan River (N.J.),1,settlement / point feature,54.8,112.0,extended-feature,both points lie on the feature — no real move,20250129-20250204,נהר,"Hebrew heading already names the feature type — NLI does do this, just not consistently"
987007534266705171,https://www.nli.org.il/he/authorities/987007534266705171,נהר יוקון (יוקון ואלסקה),Yukon River (Yukon and Alaska),Q104437,https://www.wikidata.org/wiki/Q104437,river,Yukon River,3690,https://data.geo-kima.org/Places/Details/3690,נהר יוקון (יוקון ואלסקה),Yukon River (Yukon and Alaska),1,settlement / point feature,1603.9,3190.0,extended-feature,both points lie on the feature — no real move,20250129-20250204,נהר,"Hebrew heading already names the feature type — NLI does do this, just not consistently"
987007551173805171,https://www.nli.org.il/he/authorities/987007551173805171,נהר סנט ג'ונס (פלורידה),Saint Johns River (Fla.),Q7401492,https://www.wikidata.org/wiki/Q7401492,river / river,Saint Johns River,2027,https://data.geo-kima.org/Places/Details/2027,נהר סנט ג'ונס (פלורידה),Saint Johns River (Fla.),1,settlement / point feature,2873.2,499.0,homonym,two same-named places; which one did NLI mean,20250129-20250204,נהר,"Hebrew heading already names the feature type — NLI does do this, just not consistently"
987007532344305171,https://www.nli.org.il/he/authorities/987007532344305171,נמל בוסטון (מסצ'וסטס),Boston Harbor (Mass.),Q720011,https://www.wikidata.org/wiki/Q720011,bay / unincorporated community,Boston Harbor,4126,https://data.geo-kima.org/Places/Details/4126,נמל בוסטון (מסצ'וסטס),Boston Harbor (Mass.),1,settlement / point feature,4060.2,,homonym,two same-named places; which one did NLI mean,20250129-20250204,נמל,"Hebrew heading already names the feature type — NLI does do this, just not consistently"
987007553056005171,https://www.nli.org.il/he/authorities/987007553056005171,נהר קונקורד (מסצ'וסטס),Concord River (Mass.),Q1124056,https://www.wikidata.org/wiki/Q1124056,river,Concord River,1233,https://data.geo-kima.org/Places/Details/1233,נהר קונקורד (מסצ'וסטס),Concord River (Mass.),1,settlement / point feature,20.4,24.9,extended-feature,both points lie on the feature — no real move,20250129-20250204,נהר,"Hebrew heading already names the feature type — NLI does do this, just not consistently"
987007533762805171,https://www.nli.org.il/he/authorities/987007533762805171,נהר האנטר (ניו סאות' ויילס),Hunter River (N.S.W.),Q3143359,https://www.wikidata.org/wiki/Q3143359,river / municipal government in Canada / locality,Hunter River,1359,https://data.geo-kima.org/Places/Details/1359,נהר האנטר (ניו סאות' ויילס),Hunter River (N.S.W.),1,settlement / point feature,118.4,300.0,extended-feature,both points lie on the feature — no real move,20250129-20250204,נהר,"Hebrew heading already names the feature type — NLI does do this, just not consistently"
987007536281305171,https://www.nli.org.il/he/authorities/987007536281305171,מישור ג'וס (ניגריה),Jos Plateau (Nigeria),Q811142,https://www.wikidata.org/wiki/Q811142,mountain range / plateau,Jos Plateau,2681,https://data.geo-kima.org/Places/Details/2681,מישור ג'וס (ניגריה),Jos Plateau (Nigeria),1,settlement / point feature,66.4,99.5,extended-feature,both points lie on the feature — no real move,20250129-20250204,מישור,"Hebrew heading already names the feature type — NLI does do this, just not consistently"
987007536372205171,https://www.nli.org.il/he/authorities/987007536372205171,נהר פרייס (יוטה),Price River (Utah),Q466298,https://www.wikidata.org/wiki/Q466298,river,Price River,2217,https://data.geo-kima.org/Places/Details/2217,נהר פרייס (יוטה),Price River (Utah),1,settlement / point feature,110.4,220.0,extended-feature,both points lie on the feature — no real move,20250129-20250204,נהר,"Hebrew heading already names the feature type — NLI does do this, just not consistently"
987007545796705171,https://www.nli.org.il/he/authorities/987007545796705171,נהר קלמט (אורגון וקליפורניה),Klamath River (Or. and Calif.),Q968640,https://www.wikidata.org/wiki/Q968640,river,Klamath River,87053,https://data.geo-kima.org/Places/Details/87053,נהר קלמט (אורגון וקליפורניה),Klamath River (Or. and Calif.),0,no type recorded in Kima,203.5,423.0,extended-feature,both points lie on the feature — no real move,20250129-20250204,נהר,"Hebrew heading already names the feature type — NLI does do this, just not consistently"
987007543522205171,https://www.nli.org.il/he/authorities/987007543522205171,אוהיו (נהר),Ohio River,Q4915,https://www.wikidata.org/wiki/Q4915,river,Ohio River,2857,https://data.geo-kima.org/Places/Details/2857,אוהיו (נהר),Ohio River,2,region / extended feature,878.6,1579.0,extended-feature,both points lie on the feature — no real move,20250129-20250204,,"Hebrew heading already names the feature type — NLI does do this, just not consistently"
987007284890205171,https://www.nli.org.il/he/authorities/987007284890205171,נהר הקולורדו (קולורדו-מקסיקו),Colorado River (Colo.-Mexico),Q1265,https://www.wikidata.org/wiki/Q1265,river,Colorado River,1207,https://data.geo-kima.org/Places/Details/1207,נהר הקולורדו (קולורדו-מקסיקו),Colorado River (Colo.-Mexico),1,settlement / point feature,1254.1,2334.0,extended-feature,both points lie on the feature — no real move,20250129-20250204,נהר,"Hebrew heading already names the feature type — NLI does do this, just not consistently"
987007531902605171,https://www.nli.org.il/he/authorities/987007531902605171,הרים הירוקים (ורמונט),Green Mountains (Vt.),Q35704075,https://www.wikidata.org/wiki/Q35704075,mountain range / physiographic section / mountain range / physiographic section,Green Mountains,3222,https://data.geo-kima.org/Places/Details/3222,ההרים הירוקים (ורמונט),Green Mountains (Vt.),1,settlement / point feature,75.0,400.0,extended-feature,both points lie on the feature — no real move,20250129-20250204,ים,"Hebrew heading already names the feature type — NLI does do this, just not consistently"
987007551287205171,https://www.nli.org.il/he/authorities/987007551287205171,הרי וואסאץ' (יוטה ואיידהו),Wasatch Range (Utah and Idaho),Q1544388,https://www.wikidata.org/wiki/Q1544388,mountain range,Wasatch Range,3631,https://data.geo-kima.org/Places/Details/3631,הרי וואסאץ' (אוטה ואידהו),Wasatch Range (Utah and Idaho),1,settlement / point feature,74.5,400.0,extended-feature,both points lie on the feature — no real move,20250129-20250204,הרי,"Hebrew heading already names the feature type — NLI does do this, just not consistently"
987007565292205171,https://www.nli.org.il/he/authorities/987007565292205171,איסטריה (קרואטיה וסלובניה),Istria (Croatia and Slovenia),Q58268,https://www.wikidata.org/wiki/Q58268,peninsula / county of Croatia,Istria County,2658,https://data.geo-kima.org/Places/Details/2658,איסטריה (קרואטיה וסלובניה),Istria (Croatia and Slovenia),1,settlement / point feature,30.0,59.8,extended-feature,both points lie on the feature — no real move,20250129-20250204,אי,"Hebrew heading already names the feature type — NLI does do this, just not consistently"
987007284803205171,https://www.nli.org.il/he/authorities/987007284803205171,"צ'אד, אגם","Chad, Lake",Q125309,https://www.wikidata.org/wiki/Q125309,endorheic lake / aeolian lake / lake,Lake Chad,1220,https://data.geo-kima.org/Places/Details/1220,"צ'אד, אגם","Chad, Lake",2,region / extended feature,55.8,44.3,nli-coords-wrong,Wikidata backs Kima's point; NLI's stands alone,20250212-20250218,אגם,"Hebrew heading already names the feature type — NLI does do this, just not consistently"
987007284732105171,https://www.nli.org.il/he/authorities/987007284732105171,נהר קולומביה,Columbia River,Q2251,https://www.wikidata.org/wiki/Q2251,river / main stem,,1210,https://data.geo-kima.org/Places/Details/1210,נהר קולומביה,Columbia River,0,no type recorded in Kima,750.7,2000.0,extended-feature,both points lie on the feature — no real move,20250212-20250218,נהר,"Hebrew heading already names the feature type — NLI does do this, just not consistently"
987007529845105171,https://www.nli.org.il/he/authorities/987007529845105171,נהר מורה,Mur River,Q204040,https://www.wikidata.org/wiki/Q204040,river / border river / transboundary river,Mur,72425,https://data.geo-kima.org/Places/Details/72425,נהר מורה,Mur River,0,no type recorded in Kima,285.2,434.0,extended-feature,both points lie on the feature — no real move,20250212-20250218,נהר,"Hebrew heading already names the feature type — NLI does do this, just not consistently"
987007540908405171,https://www.nli.org.il/he/authorities/987007540908405171,ההרים המחלקים הגדולים,Great Dividing Range,Q192583,https://www.wikidata.org/wiki/Q192583,mountain range,Great Dividing Range,83078,https://data.geo-kima.org/Places/Details/83078,ההרים המחלקים הגדולים,Great Dividing Range,0,no type recorded in Kima,1278.9,3500.0,extended-feature,both points lie on the feature — no real move,20250212-20250218,ים,"Hebrew heading already names the feature type — NLI does do this, just not consistently"
987007529665305171,https://www.nli.org.il/he/authorities/987007529665305171,נהר טנסי,Tennessee River,Q193737,https://www.wikidata.org/wiki/Q193737,river,Tennessee River,2304,https://data.geo-kima.org/Places/Details/2304,נהר טנסי,Tennessee River,2,region / extended feature,438.9,1049.0,extended-feature,both points lie on the feature — no real move,20250212-20250218,נהר,"Hebrew heading already names the feature type — NLI does do this, just not consistently"
987007529708805171,https://www.nli.org.il/he/authorities/987007529708805171,נהר סנט מרי'ס (מישיגן ואונטריו),Saint Marys River (Mich. and Ont.),Q940488,https://www.wikidata.org/wiki/Q940488,river,St. Marys River,3856,https://data.geo-kima.org/Places/Details/3856,נהר סנט מרי'ס (מישיגן ואונטריו),Saint Marys River (Mich. and Ont.),1,settlement / point feature,82.0,15.0,nli-coords-wrong,Wikidata backs Kima's point; NLI's stands alone,20250212-20250218,נהר,"Hebrew heading already names the feature type — NLI does do this, just not consistently"
987007534141305171,https://www.nli.org.il/he/authorities/987007534141305171,נהר הזמבזי,Zambezi River,Q43106,https://www.wikidata.org/wiki/Q43106,main stem,Zambezi River,3693,https://data.geo-kima.org/Places/Details/3693,נהר הזמבזי,Zambezi River,2,region / extended feature,1531.2,2574.0,extended-feature,both points lie on the feature — no real move,20250212-20250218,נהר,"Hebrew heading already names the feature type — NLI does do this, just not consistently"
987007548720505171,https://www.nli.org.il/he/authorities/987007548720505171,נהר אסיניבוין (ססקצ'ואן ומניטובה),Assiniboine River (Sask. and Man.),Q220503,https://www.wikidata.org/wiki/Q220503,river,Assiniboine River,71968,https://data.geo-kima.org/Places/Details/71968,נהר אסיניבוין (ססקצ'ואן ומניטובה),Assiniboine River (Sask. and Man.),0,no type recorded in Kima,500.0,1275.0,extended-feature,both points lie on the feature — no real move,20250212-20250218,נהר,"Hebrew heading already names the feature type — NLI does do this, just not consistently"
987007531297105171,https://www.nli.org.il/he/authorities/987007531297105171,נהר ההדסון (ניו יורק וניו ג'רזי),Hudson River (N.Y. and N.J.),Q3140,https://www.wikidata.org/wiki/Q3140,river,Hudson River,1356,https://data.geo-kima.org/Places/Details/1356,נהר ההדסון (ניו יורק וניו ג'רזי),Hudson River (N.Y. and N.J.),1,settlement / point feature,390.0,492.0,extended-feature,both points lie on the feature — no real move,20250212-20250218,נהר,"Hebrew heading already names the feature type — NLI does do this, just not consistently"
987007555421905171,https://www.nli.org.il/he/authorities/987007555421905171,נהר קונטיקט,Connecticut River,Q379648,https://www.wikidata.org/wiki/Q379648,river,Connecticut River,1108,https://data.geo-kima.org/Places/Details/1108,נהר קונטיקט,Connecticut River,2,region / extended feature,450.4,660.0,extended-feature,both points lie on the feature — no real move,20250212-20250218,נהר,"Hebrew heading already names the feature type — NLI does do this, just not consistently"
987007529308605171,https://www.nli.org.il/he/authorities/987007529308605171,נהר המז,Meuse River,Q41986,https://www.wikidata.org/wiki/Q41986,main stem / river,,2882,https://data.geo-kima.org/Places/Details/2882,נהר המז,Meuse River,0,no type recorded in Kima,447.9,950.0,extended-feature,both points lie on the feature — no real move,20250212-20250218,נהר,"Hebrew heading already names the feature type — NLI does do this, just not consistently"
987007533832705171,https://www.nli.org.il/he/authorities/987007533832705171,הים הצפוני,North Sea,Q1693,https://www.wikidata.org/wiki/Q1693,sea,North Sea,2759,https://data.geo-kima.org/Places/Details/2759,הים הצפוני,North Sea,2,region / extended feature,65.4,960.0,extended-feature,both points lie on the feature — no real move,20250212-20250218,ים,"Hebrew heading already names the feature type — NLI does do this, just not consistently"
987007566270305171,https://www.nli.org.il/he/authorities/987007566270305171,נהר סנט מרי (מונטנה ואלברטה),Saint Mary River (Mont. and Alta.),Q7590512,https://www.wikidata.org/wiki/Q7590512,river,St. Mary River,73170,https://data.geo-kima.org/Places/Details/73170,נהר סנט מרי (מונטנה ואלברטה),Saint Mary River (Mont. and Alta.),0,no type recorded in Kima,128.1,235.0,extended-feature,both points lie on the feature — no real move,20250212-20250218,נהר,"Hebrew heading already names the feature type — NLI does do this, just not consistently"
987007565659305171,https://www.nli.org.il/he/authorities/987007565659305171,נהר מרימק (ניו המפשייר ומסצ'וסטס),Merrimack River (N.H. and Mass.),Q517787,https://www.wikidata.org/wiki/Q517787,river,Merrimack River,2877,https://data.geo-kima.org/Places/Details/2877,נהר מרימק (ניו המפשייר ומסצ'וסטס),Merrimack River (N.H. and Mass.),1,settlement / point feature,96.5,177.0,extended-feature,both points lie on the feature — no real move,20250212-20250218,נהר,"Hebrew heading already names the feature type — NLI does do this, just not consistently"
987007565864605171,https://www.nli.org.il/he/authorities/987007565864605171,נהר אדום (טקסס-לואיזיאנה),Red River (Tex.-La.),Q484570,https://www.wikidata.org/wiki/Q484570,river / county of Texas,Red River County,2125,https://data.geo-kima.org/Places/Details/2125,נהר אדום (טקסס-לואיזיאנה),Red River (Tex.-La.),1,settlement / point feature,789.4,2189.0,extended-feature,both points lie on the feature — no real move,20250212-20250218,נהר,"Hebrew heading already names the feature type — NLI does do this, just not consistently"
987007565863705171,https://www.nli.org.il/he/authorities/987007565863705171,עמק הנהר האדום (ארצות הברית וקנדה),Red River Valley (Minn. and N.D.-Man.),Q7304873,https://www.wikidata.org/wiki/Q7304873,valley,Red River Valley Museum,2034,https://data.geo-kima.org/Places/Details/2034,עמק הנהר האדום (ארצות הברית וקנדה),Red River Valley (Minn. and N.D.-Man.),1,settlement / point feature,1657.0,,homonym,two same-named places; which one did NLI mean,20250212-20250218,נהר,"Hebrew heading already names the feature type — NLI does do this, just not consistently"
987007560593505171,https://www.nli.org.il/he/authorities/987007560593505171,נהר סכלדה,Scheldt River,Q37620,https://www.wikidata.org/wiki/Q37620,river,,2078,https://data.geo-kima.org/Places/Details/2078,נהר סכלדה,Scheldt River,0,no type recorded in Kima,160.9,355.0,extended-feature,both points lie on the feature — no real move,20250212-20250218,נהר,"Hebrew heading already names the feature type — NLI does do this, just not consistently"
987007295534805171,https://www.nli.org.il/he/authorities/987007295534805171,אנטילים הקטנים (איים),"Antilles, Lesser",Q93259,https://www.wikidata.org/wiki/Q93259,archipelago,Lesser Antilles,1897,https://data.geo-kima.org/Places/Details/1897,אנטילים הקטנים (איים),"Antilles, Lesser",2,region / extended feature,45.8,135.2,extended-feature,both points lie on the feature — no real move,20250212-20250218,ים,"Hebrew heading already names the feature type — NLI does do this, just not consistently"
987007293923205171,https://www.nli.org.il/he/authorities/987007293923205171,נהר אלגני (פנסילבניה וניו יורק),Allegheny River (Pa. and N.Y.),Q686021,https://www.wikidata.org/wiki/Q686021,river,Allegheny River,1919,https://data.geo-kima.org/Places/Details/1919,נהר אלגני (פנסילבניה וניו יורק),Allegheny River (Pa. and N.Y.),1,settlement / point feature,239.5,523.0,extended-feature,both points lie on the feature — no real move,20250212-20250218,נהר,"Hebrew heading already names the feature type — NLI does do this, just not consistently"
987007294818905171,https://www.nli.org.il/he/authorities/987007294818905171,נהר ארקנסו,Arkansas River,Q8319,https://www.wikidata.org/wiki/Q8319,river,Arkansas River,1993,https://data.geo-kima.org/Places/Details/1993,נהר ארקנסו,Arkansas River,2,region / extended feature,1489.7,2364.0,extended-feature,both points lie on the feature — no real move,20250212-20250218,נהר,"Hebrew heading already names the feature type — NLI does do this, just not consistently"
987007283269205171,https://www.nli.org.il/he/authorities/987007283269205171,מיצר ברינג,Bering Strait,Q11769,https://www.wikidata.org/wiki/Q11769,strait,Bering Strait,1769,https://data.geo-kima.org/Places/Details/1769,מיצר ברינג,Bering Strait,2,region / extended feature,27.8,,extended-feature,both points lie on the feature — no real move,20250212-20250218,מיצר,"Hebrew heading already names the feature type — NLI does do this, just not consistently"
987007415889605171,https://www.nli.org.il/he/authorities/987007415889605171,איי אפארסה,Éparses Islands,Q190571,https://www.wikidata.org/wiki/Q190571,island group / district of the French Southern and Antarctic Lands,Scattered Islands in the Indian Ocean,73209,https://data.geo-kima.org/Places/Details/73209,איי אפארסה,Éparses Islands,0,no type recorded in Kima,639.8,6.0,nli-coords-wrong,Wikidata backs Kima's point; NLI's stands alone,20250212-20250218,איי,"Hebrew heading already names the feature type — NLI does do this, just not consistently"
987007540907105171,https://www.nli.org.il/he/authorities/987007540907105171,המישורים הגדולים,Great Plains,Q12707,https://www.wikidata.org/wiki/Q12707,plain / region,Great Plains,1286,https://data.geo-kima.org/Places/Details/1286,המישורים הגדולים,Great Plains,2,region / extended feature,278.6,,nli-coords-wrong,Wikidata backs Kima's point; NLI's stands alone,20250212-20250218,ים,"Hebrew heading already names the feature type — NLI does do this, just not consistently"
987007545592305171,https://www.nli.org.il/he/authorities/987007545592305171,נהר דלאוור,Delaware River (N.Y.-Del. and N.J.),Q143762,https://www.wikidata.org/wiki/Q143762,river,Delaware River,1025,https://data.geo-kima.org/Places/Details/1025,נהר דלאוור,Delaware River (N.Y.-Del. and N.J.),1,settlement / point feature,279.5,579.0,extended-feature,both points lie on the feature — no real move,20250212-20250218,נהר,"Hebrew heading already names the feature type — NLI does do this, just not consistently"
987007551173405171,https://www.nli.org.il/he/authorities/987007551173405171,נהר סנט לורנס,Saint Lawrence River,Q134750,https://www.wikidata.org/wiki/Q134750,river,St. Lawrence River,2028,https://data.geo-kima.org/Places/Details/2028,נהר סנט לורנס,Saint Lawrence River,2,region / extended feature,1052.6,1197.0,extended-feature,both points lie on the feature — no real move,20250212-20250218,נהר,"Hebrew heading already names the feature type — NLI does do this, just not consistently"
987007552895605171,https://www.nli.org.il/he/authorities/987007552895605171,אגם אירי,"Erie, Lake",Q33250858,https://www.wikidata.org/wiki/Q33250858,lake / lake,Erie Lake,1250,https://data.geo-kima.org/Places/Details/1250,אגם אירי,"Erie, Lake",2,region / extended feature,1288.0,388.0,homonym,two same-named places; which one did NLI mean,20250212-20250218,אגם,"Hebrew heading already names the feature type — NLI does do this, just not consistently"
987007546379905171,https://www.nli.org.il/he/authorities/987007546379905171,נהר ובאש,Wabash River,Q196183,https://www.wikidata.org/wiki/Q196183,river,Wabash River,73377,https://data.geo-kima.org/Places/Details/73377,נהר ובאש,Wabash River,0,no type recorded in Kima,399.8,960.0,extended-feature,both points lie on the feature — no real move,20250212-20250218,נהר,"Hebrew heading already names the feature type — NLI does do this, just not consistently"
987007536343705171,https://www.nli.org.il/he/authorities/987007536343705171,נהר הריין,Rhine River,Q584,https://www.wikidata.org/wiki/Q584,river / main stem / waterway / national waterways in Germany,Rhine,2041,https://data.geo-kima.org/Places/Details/2041,נהר הריין,Rhine River,0,no type recorded in Kima,190.6,1232.7,extended-feature,both points lie on the feature — no real move,20250212-20250218,נהר,"Hebrew heading already names the feature type — NLI does do this, just not consistently"
987007554147805171,https://www.nli.org.il/he/authorities/987007554147805171,איבר,Ibar River,Q392840,https://www.wikidata.org/wiki/Q392840,river,Ibar,90492,https://data.geo-kima.org/Places/Details/90492,איבר,Ibar River,0,no type recorded in Kima,116.7,276.0,extended-feature,both points lie on the feature — no real move,20250212-20250218,אי,"Hebrew heading already names the feature type — NLI does do this, just not consistently"
987007555737605171,https://www.nli.org.il/he/authorities/987007555737605171,נהר אוויהי,Owyhee River,Q2042749,https://www.wikidata.org/wiki/Q2042749,river,Owyhee River,83943,https://data.geo-kima.org/Places/Details/83943,נהר אוויהי,Owyhee River,0,no type recorded in Kima,277.3,557.0,extended-feature,both points lie on the feature — no real move,20250212-20250218,נהר,"Hebrew heading already names the feature type — NLI does do this, just not consistently"
987007538498005171,https://www.nli.org.il/he/authorities/987007538498005171,נהר קנאוהא (וירג'יניה המערבית),Kanawha River (W. Va.),Q918867,https://www.wikidata.org/wiki/Q918867,river,Kanawha River,2635,https://data.geo-kima.org/Places/Details/2635,נהר קנאוהא (מערב וירג'יניה),Kanawha River (W. Va.),1,settlement / point feature,111.4,156.0,extended-feature,both points lie on the feature — no real move,20250212-20250218,נהר,"Hebrew heading already names the feature type — NLI does do this, just not consistently"
987007560417705171,https://www.nli.org.il/he/authorities/987007560417705171,ים האירי,Irish Sea,Q41735,https://www.wikidata.org/wiki/Q41735,sea,Irish Sea,1329,https://data.geo-kima.org/Places/Details/1329,ים האירי,Irish Sea,2,region / extended feature,27.3,,extended-feature,both points lie on the feature — no real move,20250212-20250218,ים,"Hebrew heading already names the feature type — NLI does do this, just not consistently"
987007560969105171,https://www.nli.org.il/he/authorities/987007560969105171,נהר ססקאצ'ואן הצפוני (אלברטה וססקצ'ואן),South Saskatchewan River (Alta. and Sask.),Q2242,https://www.wikidata.org/wiki/Q2242,river,South Saskatchewan River,84936,https://data.geo-kima.org/Places/Details/84936,נהר ססקאצ'ואן הצפוני (אלברטה וססקצ'ואן),South Saskatchewan River (Alta. and Sask.),0,no type recorded in Kima,585.5,1004.0,extended-feature,both points lie on the feature — no real move,20250212-20250218,נהר,"Hebrew heading already names the feature type — NLI does do this, just not consistently"
987007531901105171,https://www.nli.org.il/he/authorities/987007531901105171,נהר לאופולה (זמביה וקונגו),Luapula River (Zambia and Congo),Q151858,https://www.wikidata.org/wiki/Q151858,river,Luapula River,3223,https://data.geo-kima.org/Places/Details/3223,נהר לאופולה (זמביה וקונגו),Luapula River (Zambia and Congo),1,settlement / point feature,265.7,560.0,extended-feature,both points lie on the feature — no real move,20250618-20250624,נהר,"Hebrew heading already names the feature type — NLI does do this, just not consistently"
987007295598005171,https://www.nli.org.il/he/authorities/987007295598005171,האוקיינוס האנטרקטי,Antarctic Ocean,Q7354,https://www.wikidata.org/wiki/Q7354,ocean,Southern Ocean,1893,https://data.geo-kima.org/Places/Details/1893,אוקיינוס האנטרקטי,Antarctic Ocean,2,region / extended feature,4313.9,5087.4,extended-feature,both points lie on the feature — no real move,20250625-20250630,אוקיינוס,"Hebrew heading already names the feature type — NLI does do this, just not consistently"
987007529700705171,https://www.nli.org.il/he/authorities/987007529700705171,נהר ברזינה (בלארוס),Berezina River (Belarus),Q207927,https://www.wikidata.org/wiki/Q207927,river,Berezina,76471,https://data.geo-kima.org/Places/Details/76471,נהר ברזינה (בלארוס),Berezina River (Belarus),0,no type recorded in Kima,308.2,613.0,extended-feature,both points lie on the feature — no real move,20251216-20251222,נהר,"Hebrew heading already names the feature type — NLI does do this, just not consistently"
987007592954905171,https://www.nli.org.il/he/authorities/987007592954905171,נהר סלוץ' (בלארוס),Sluch River (Belarus),Q1786479,https://www.wikidata.org/wiki/Q1786479,river,Sluč,72858,https://data.geo-kima.org/Places/Details/72858,נהר סלוץ' (בלארוס),Sluch River (Belarus),0,no type recorded in Kima,131.1,228.0,extended-feature,both points lie on the feature — no real move,20251216-20251222,נהר,"Hebrew heading already names the feature type — NLI does do this, just not consistently"
987007534563005171,https://www.nli.org.il/he/authorities/987007534563005171,נהר סקלפטה (שוודיה),Skellefte River (Sweden),Q1410160,https://www.wikidata.org/wiki/Q1410160,river,Skellefte River,73403,https://data.geo-kima.org/Places/Details/73403,נהר סקלפטה (שבדיה),Skellefte River (Sweden),0,no type recorded in Kima,328.2,410.0,extended-feature,both points lie on the feature — no real move,20260115-20260121,נהר,"Hebrew heading already names the feature type — NLI does do this, just not consistently"
987007283261305171,https://www.nli.org.il/he/authorities/987007283261305171,הים השחור,Black Sea,Q166,https://www.wikidata.org/wiki/Q166,adjacent sea,Black Sea,1856,https://data.geo-kima.org/Places/Details/1856,הים השחור,Black Sea,2,region / extended feature,88.6,1175.0,extended-feature,both points lie on the feature — no real move,20260212-20260218,ים,"Hebrew heading already names the feature type — NLI does do this, just not consistently"
987007291078305171,https://www.nli.org.il/he/authorities/987007291078305171,מצר פרקופ (אוקראינה),Perekop Isthmus (Ukraine),Q213214,https://www.wikidata.org/wiki/Q213214,isthmus,Isthmus of Perekop,1544,https://data.geo-kima.org/Places/Details/1544,מצר פרקופ (אוקראינה),Perekop Isthmus (Ukraine),1,settlement / point feature,76.3,,nli-034-dropped-zero,nli-034-dropped-zero,20260212-20260218,,"Hebrew heading already names the feature type — NLI does do this, just not consistently"
987007393272005171,https://www.nli.org.il/he/authorities/987007393272005171,"אדלסברג (גמונדן על נהר ריין, גרמניה)","Adelsberg (Gemünden am Main, Germany)",Q355368,https://www.wikidata.org/wiki/Q355368,mountain,Adelsberg,26322,https://data.geo-kima.org/Places/Details/26322,"אדלסברג (גמונדן על נהר ריין, גרמניה)","Adelsberg (Gemünden am Main, Germany)",1,settlement / point feature,247.6,,homonym,two same-named places; which one did NLI mean,20260212-20260218,,"Hebrew heading already names the feature type — NLI does do this, just not consistently"
987007537310005171,https://www.nli.org.il/he/authorities/987007537310005171,תעלת קרים הצפונית (אוקראינה),North Crimean Canal (Ukraine),Q735948,https://www.wikidata.org/wiki/Q735948,irrigation canal,North Crimean Canal,88958,https://data.geo-kima.org/Places/Details/88958,תעלת קרים הצפונית (אוקראינה),North Crimean Canal (Ukraine),0,no type recorded in Kima,258.7,402.6,extended-feature,both points lie on the feature — no real move,20260212-20260218,ים,"Hebrew heading already names the feature type — NLI does do this, just not consistently"
987007544554505171,https://www.nli.org.il/he/authorities/987007544554505171,אי המלך ג'ורג' (אנטארקטיקה),King George Island (Antarctica),Q859440,https://www.wikidata.org/wiki/Q859440,island,King George Island,80127,https://data.geo-kima.org/Places/Details/80127,אי המלך ג'ורג' (אנטארקטיקה),King George Island (Antarctica),0,no type recorded in Kima,55.6,95.0,extended-feature,both points lie on the feature — no real move,20260212-20260218,אי,"Hebrew heading already names the feature type — NLI does do this, just not consistently"
987007529375405171,https://www.nli.org.il/he/authorities/987007529375405171,נהר הבוג הדרומי (אוקראינה),Southern Bug River (Ukraine),Q188940,https://www.wikidata.org/wiki/Q188940,river,Southern Bug,76700,https://data.geo-kima.org/Places/Details/76700,נהר הבוג הדרומי (אוקראינה),Southern Bug River (Ukraine),0,no type recorded in Kima,504.8,806.0,extended-feature,both points lie on the feature — no real move,20260212-20260218,נהר,"Hebrew heading already names the feature type — NLI does do this, just not consistently"
987007536354805171,https://www.nli.org.il/he/authorities/987007536354805171,נהר פריפיאט (אוקראינה ובלארוס),Pripet River (Ukraine and Belarus),Q157042,https://www.wikidata.org/wiki/Q157042,river,Pripyat River,76043,https://data.geo-kima.org/Places/Details/76043,נהר פריפיאט (אוקראינה ובלארוס),Pripet River (Ukraine and Belarus),0,no type recorded in Kima,465.7,775.0,extended-feature,both points lie on the feature — no real move,20260212-20260218,נהר,"Hebrew heading already names the feature type — NLI does do this, just not consistently"
987007534589405171,https://www.nli.org.il/he/authorities/987007534589405171,נהר ארג'ש (רומניה),Argeș River (Romania),Q214811,https://www.wikidata.org/wiki/Q214811,river,Argeș River,81217,https://data.geo-kima.org/Places/Details/81217,"נהר ארג'ש (,רומניה)",Argeș River (Romania),0,no type recorded in Kima,213.8,350.0,extended-feature,both points lie on the feature — no real move,20260212-20260218,נהר,"Hebrew heading already names the feature type — NLI does do this, just not consistently"
987007534983005171,https://www.nli.org.il/he/authorities/987007534983005171,נהר אראס,Aras River,Q179751,https://www.wikidata.org/wiki/Q179751,river,Aras River,76757,https://data.geo-kima.org/Places/Details/76757,נהר אראס,Aras River,0,no type recorded in Kima,614.3,1072.0,extended-feature,both points lie on the feature — no real move,20260212-20260218,נהר,"Hebrew heading already names the feature type — NLI does do this, just not consistently"
987007565408105171,https://www.nli.org.il/he/authorities/987007565408105171,נהר איזונצו (סלובניה ואיטליה),Isonzo River (Slovenia and Italy),Q202760,https://www.wikidata.org/wiki/Q202760,main stem,Soča,2000,https://data.geo-kima.org/Places/Details/2000,נהר איזונצו (סלובניה ואיטליה),Isonzo River (Slovenia and Italy),1,settlement / point feature,46.8,138.0,extended-feature,both points lie on the feature — no real move,20260212-20260218,נהר,"Hebrew heading already names the feature type — NLI does do this, just not consistently"
987007560843605171,https://www.nli.org.il/he/authorities/987007560843605171,"אוקראינה, מערב","Ukraine, Western",Q1729457,https://www.wikidata.org/wiki/Q1729457,historical region,Western Ukraine,2324,https://data.geo-kima.org/Places/Details/2324,"אוקראינה, מערב","Ukraine, Western",0,no type recorded in Kima,81.5,408.8,extended-feature,both points lie on the feature — no real move,20260212-20260218,אי,"Hebrew heading already names the feature type — NLI does do this, just not consistently"
987007294753205171,https://www.nli.org.il/he/authorities/987007294753205171,נהר האמזונס,Amazon River,Q3783,https://www.wikidata.org/wiki/Q3783,river,,1935,https://data.geo-kima.org/Places/Details/1935,נהר האמזונס,Amazon River,0,no type recorded in Kima,1245.9,6400.0,extended-feature,both points lie on the feature — no real move,20260212-20260218,נהר,"Hebrew heading already names the feature type — NLI does do this, just not consistently"
987007543309705171,https://www.nli.org.il/he/authorities/987007543309705171,נהר גוואדאלקיוויר (ספרד),Guadalquivir River (Spain),Q14309,https://www.wikidata.org/wiki/Q14309,river / gold river / main stem,Guadalquivir,82419,https://data.geo-kima.org/Places/Details/82419,נהר גוואדאלקיוויר (ספרד),Guadalquivir River (Spain),0,no type recorded in Kima,321.0,657.0,extended-feature,both points lie on the feature — no real move,20260212-20260218,נהר,"Hebrew heading already names the feature type — NLI does do this, just not consistently"
987007530210205171,https://www.nli.org.il/he/authorities/987007530210205171,נהר טקזה (אתיופיה וסודאן),Tekeze River (Ethiopia and Sudan),Q843308,https://www.wikidata.org/wiki/Q843308,river,Tekezé River,85439,https://data.geo-kima.org/Places/Details/85439,נהר טקזה (אתיופיה וסודאן),Tekeze River (Ethiopia and Sudan),0,no type recorded in Kima,466.8,608.0,extended-feature,both points lie on the feature — no real move,20260212-20260218,נהר,"Hebrew heading already names the feature type — NLI does do this, just not consistently"
987007551216105171,https://www.nli.org.il/he/authorities/987007551216105171,"נהר ריו נגרו (ריו נגרו, ארגנטינה)","Negro River (Río Negro, Argentina)",Q817337,https://www.wikidata.org/wiki/Q817337,river,Río Negro,80073,https://data.geo-kima.org/Places/Details/80073,"נהר ריו נגרו (ריו נגרו, ארגנטינה)","Negro River (Río Negro, Argentina)",0,no type recorded in Kima,498.7,635.0,extended-feature,both points lie on the feature — no real move,20260212-20260218,נהר,"Hebrew heading already names the feature type — NLI does do this, just not consistently"
987007548642205171,https://www.nli.org.il/he/authorities/987007548642205171,נהר זאלה (גרמניה),Saale River (Germany),Q1678,https://www.wikidata.org/wiki/Q1678,river / geographical feature,Saale,72735,https://data.geo-kima.org/Places/Details/72735,נהר זאלה (גרמניה),Saale River (Germany),0,no type recorded in Kima,204.0,413.0,extended-feature,both points lie on the feature — no real move,20260212-20260218,נהר,"Hebrew heading already names the feature type — NLI does do this, just not consistently"
987007546517105171,https://www.nli.org.il/he/authorities/987007546517105171,נהר אוסומקינטה (גואטמלה ומקסיקו),Usumacinta River (Guatemala and Mexico),Q1139679,https://www.wikidata.org/wiki/Q1139679,river,Usumacinta River,88843,https://data.geo-kima.org/Places/Details/88843,נהר אוסומקינטה (גואטמלה ומקסיקו),Usumacinta River (Guatemala and Mexico),0,no type recorded in Kima,308.5,560.0,extended-feature,both points lie on the feature — no real move,20260212-20260218,נהר,"Hebrew heading already names the feature type — NLI does do this, just not consistently"
987007549680505171,https://www.nli.org.il/he/authorities/987007549680505171,רומנה (איטליה),Romagna (Italy),,,,,5323,https://data.geo-kima.org/Places/Details/5323,רומנה (איטליה),Romagna (Italy),1,settlement / point feature,101.3,161.4,extended-feature,both points lie on the feature — no real move,20260212-20260218,,"Hebrew heading already names the feature type — NLI does do this, just not consistently"
987007542578805171,https://www.nli.org.il/he/authorities/987007542578805171,נהר צ'ובוט (ארגנטינה),Chubut River (Argentina),Q955354,https://www.wikidata.org/wiki/Q955354,river,Chubut River,71011,https://data.geo-kima.org/Places/Details/71011,נהר צ'ובוט (ארגנטינה),Chubut River (Argentina),0,no type recorded in Kima,425.6,810.0,extended-feature,both points lie on the feature — no real move,20260212-20260218,נהר,"Hebrew heading already names the feature type — NLI does do this, just not consistently"
987007560831605171,https://www.nli.org.il/he/authorities/987007560831605171,אולסטר (צפון אירלנד ואירלנד),Ulster (Northern Ireland and Ireland),Q115263046,https://www.wikidata.org/wiki/Q115263046,province of Ireland / geographic township of Ontario,Ulster,2326,https://data.geo-kima.org/Places/Details/2326,אולסטר (צפון אירלנד ואירלנד),Ulster (Northern Ireland and Ireland),1,settlement / point feature,41.3,165.2,extended-feature,both points lie on the feature — no real move,20260212-20260218,,"Hebrew heading already names the feature type — NLI does do this, just not consistently"
987007563053405171,https://www.nli.org.il/he/authorities/987007563053405171,נהר איסקר (בולגריה),Iskŭr River (Bulgaria),Q217805,https://www.wikidata.org/wiki/Q217805,river,Iskar,82385,https://data.geo-kima.org/Places/Details/82385,נהר איסקר (בולגריה),Iskŭr River (Bulgaria),0,no type recorded in Kima,176.7,368.0,extended-feature,both points lie on the feature — no real move,20260212-20260218,נהר,"Hebrew heading already names the feature type — NLI does do this, just not consistently"
987007565893005171,https://www.nli.org.il/he/authorities/987007565893005171,נהר האדום (סין ווייטנאם),Red River (China and Vietnam),Q206850,https://www.wikidata.org/wiki/Q206850,river,Red River,70275,https://data.geo-kima.org/Places/Details/70275,נהר האדום (סין ווייטנאם),Red River (China and Vietnam),0,no type recorded in Kima,818.7,1149.0,extended-feature,both points lie on the feature — no real move,20260212-20260218,נהר,"Hebrew heading already names the feature type — NLI does do this, just not consistently"
987007570386105171,https://www.nli.org.il/he/authorities/987007570386105171,עמק הערבה (ישראל וירדן),Arava Valley (Israel and Jordan),Q626682,https://www.wikidata.org/wiki/Q626682,desert,Arabah,23128,https://data.geo-kima.org/Places/Details/23128,עמק ערבה (ישראל וירדן),Arava Valley (Israel and Jordan),0,no type recorded in Kima,27.9,175.0,extended-feature,both points lie on the feature — no real move,20260212-20260218,עמק,"Hebrew heading already names the feature type — NLI does do this, just not consistently"
987007567857705171,https://www.nli.org.il/he/authorities/987007567857705171,אי הפסחא,Easter Island,Q14452,https://www.wikidata.org/wiki/Q14452,island / administrative territorial entity,Easter Island,1093,https://data.geo-kima.org/Places/Details/1093,אי הפסחא,Easter Island,2,region / extended feature,9345.6,24.0,nli-coords-wrong,Wikidata backs Kima's point; NLI's stands alone,20260212-20260218,אי,"Hebrew heading already names the feature type — NLI does do this, just not consistently"
987007560192505171,https://www.nli.org.il/he/authorities/987007560192505171,אירופה המזרחית,"Europe, Eastern",Q27468,https://www.wikidata.org/wiki/Q27468,region,Eastern Europe,1414,https://data.geo-kima.org/Places/Details/1414,אירופה המזרחית,"Europe, Eastern",2,region / extended feature,2314.7,,nli-coords-wrong,Wikidata backs Kima's point; NLI's stands alone,20260212-20260218,אי,"Hebrew heading already names the feature type — NLI does do this, just not consistently"
987007292985305171,https://www.nli.org.il/he/authorities/987007292985305171,קניון פאלו רורו (טקסס),Palo Duro Canyon (Tex.),Q1369399,https://www.wikidata.org/wiki/Q1369399,canyon,Palo Duro Canyon,1610,https://data.geo-kima.org/Places/Details/1610,קניון פאלו רורו (טקסס),Palo Duro Canyon (Tex.),1,settlement / point feature,74.9,,extended-feature,both points lie on the feature — no real move,20260219-20260225,קניון,"Hebrew heading already names the feature type — NLI does do this, just not consistently"
987007282552005171,https://www.nli.org.il/he/authorities/987007282552005171,מפרץ ביסקאיה (צרפת וספרד),"Biscay, Bay of (France and Spain)",Q41573,https://www.wikidata.org/wiki/Q41573,bay,Bay of Biscay,1850,https://data.geo-kima.org/Places/Details/1850,מפרץ ביסקאיה (צרפת וספרד),"Biscay, Bay of (France and Spain)",1,settlement / point feature,168.9,593.7,extended-feature,both points lie on the feature — no real move,20260219-20260225,מפרץ,"Hebrew heading already names the feature type — NLI does do this, just not consistently"
987007282303105171,https://www.nli.org.il/he/authorities/987007282303105171,הרי הבלקן (בולגריה),Balkan Mountains (Bulgaria),Q170427,https://www.wikidata.org/wiki/Q170427,mountain range,Balkan Mountains,1801,https://data.geo-kima.org/Places/Details/1801,הרי הבלקן (בולגריה),Balkan Mountains (Bulgaria),1,settlement / point feature,61.2,530.0,extended-feature,both points lie on the feature — no real move,20260219-20260225,הרי,"Hebrew heading already names the feature type — NLI does do this, just not consistently"
987007282537105171,https://www.nli.org.il/he/authorities/987007282537105171,הרי בוהמיה-מוראביה (צ'כיה),Bohemian-Moravian Highlands (Czech Republic),Q871238,https://www.wikidata.org/wiki/Q871238,mountain range / geomorphological region / Vrchovina / upland,Bohemian-Moravian Highlands,1871,https://data.geo-kima.org/Places/Details/1871,הרי בוהמיה-מורביה (צ'כיה),Bohemian-Moravian Highlands (Czech Republic),1,settlement / point feature,32.1,150.0,extended-feature,both points lie on the feature — no real move,20260219-20260225,הרי,"Hebrew heading already names the feature type — NLI does do this, just not consistently"
987007282406205171,https://www.nli.org.il/he/authorities/987007282406205171,ים בופור,Beaufort Sea,Q131274,https://www.wikidata.org/wiki/Q131274,sea,Beaufort Sea,1758,https://data.geo-kima.org/Places/Details/1758,ים בופור,Beaufort Sea,2,region / extended feature,233.8,476.1,extended-feature,both points lie on the feature — no real move,20260219-20260225,ים,"Hebrew heading already names the feature type — NLI does do this, just not consistently"
987007294727305171,https://www.nli.org.il/he/authorities/987007294727305171,הרי האנדס,Andes,Q5456,https://www.wikidata.org/wiki/Q5456,mountain range,Andes,1887,https://data.geo-kima.org/Places/Details/1887,הרי האנדס,Andes,2,region / extended feature,1438.4,7000.0,extended-feature,both points lie on the feature — no real move,20260219-20260225,הרי,"Hebrew heading already names the feature type — NLI does do this, just not consistently"
987007294887505171,https://www.nli.org.il/he/authorities/987007294887505171,הרי האלפים הצרפתיים (צרפת),"Alps, French (France)",Q1630884,https://www.wikidata.org/wiki/Q1630884,mountain range,French Alps,1924,https://data.geo-kima.org/Places/Details/1924,הרי האלפים הצרפתיים (צרפת),"Alps, French (France)",0,no type recorded in Kima,326.2,,nli-coords-wrong,Wikidata backs Kima's point; NLI's stands alone,20260219-20260225,ים,"Hebrew heading already names the feature type — NLI does do this, just not consistently"
987007529894805171,https://www.nli.org.il/he/authorities/987007529894805171,שמורת אינדיאנים רד לייק (מינסוטה),Red Lake Indian Reservation (Minn.),Q3509045,https://www.wikidata.org/wiki/Q3509045,Indian reservation of the United States,Red Lake Indian Reservation,4660,https://data.geo-kima.org/Places/Details/4660,שמורת אינדיאנים רד לייק (מינסוטה),Red Lake Indian Reservation (Minn.),1,settlement / point feature,20.4,,extended-feature,both points lie on the feature — no real move,20260219-20260225,ים,"Hebrew heading already names the feature type — NLI does do this, just not consistently"
987007541584805171,https://www.nli.org.il/he/authorities/987007541584805171,שמורת אינדיאנים פורט ברטהולד (דקוטה הצפונית),Fort Berthold Indian Reservation (N.D.),Q5470821,https://www.wikidata.org/wiki/Q5470821,Indian reservation of the United States,Fort Berthold Reservation,3532,https://data.geo-kima.org/Places/Details/3532,שמורת אינדיאנים פורט ברטהולד (צפון דקוטה),Fort Berthold Indian Reservation (N.D.),1,settlement / point feature,30.8,72.2,extended-feature,both points lie on the feature — no real move,20260219-20260225,ים,"Hebrew heading already names the feature type — NLI does do this, just not consistently"
987007534266205171,https://www.nli.org.il/he/authorities/987007534266205171,הרי הזגרוס (איראן ועיראק),Zagros Mountains (Iran and Iraq),Q167021,https://www.wikidata.org/wiki/Q167021,mountain range,Zagros Mountains,3691,https://data.geo-kima.org/Places/Details/3691,הרי הזגרוס (איראן ועיראק),Zagros Mountains (Iran and Iraq),1,settlement / point feature,135.1,1500.0,extended-feature,both points lie on the feature — no real move,20260219-20260225,הרי,"Hebrew heading already names the feature type — NLI does do this, just not consistently"
987007536566805171,https://www.nli.org.il/he/authorities/987007536566805171,שמורת חיות טימבאואטי (דרום אפריקה),Timbavati Game Reserve (South Africa),Q3528732,https://www.wikidata.org/wiki/Q3528732,game reserve,Timbavati Game Reserve,2312,https://data.geo-kima.org/Places/Details/2312,שמורת חיות טימבאואטי (דרום אפריקה),Timbavati Game Reserve (South Africa),1,settlement / point feature,129.8,,extended-feature,both points lie on the feature — no real move,20260219-20260225,שמורת,"Hebrew heading already names the feature type — NLI does do this, just not consistently"
987007536069705171,https://www.nli.org.il/he/authorities/987007536069705171,הרי אלבורז (איראן),Elburz Mountains (Iran),Q484725,https://www.wikidata.org/wiki/Q484725,mountain range,Alborz,1072,https://data.geo-kima.org/Places/Details/1072,הרי אלבורז (איראן),Elburz Mountains (Iran),1,settlement / point feature,108.6,600.0,extended-feature,both points lie on the feature — no real move,20260219-20260225,הרי,"Hebrew heading already names the feature type — NLI does do this, just not consistently"
987007549075105171,https://www.nli.org.il/he/authorities/987007549075105171,מפרץ טאראנטו (איטליה),"Taranto, Gulf of (Italy)",Q192738,https://www.wikidata.org/wiki/Q192738,gulf,Gulf of Taranto,87402,https://data.geo-kima.org/Places/Details/87402,מפרץ טאראנטו (איטליה),"Taranto, Gulf of (Italy)",0,no type recorded in Kima,28.0,,extended-feature,both points lie on the feature — no real move,20260219-20260225,מפרץ,"Hebrew heading already names the feature type — NLI does do this, just not consistently"
987007549583305171,https://www.nli.org.il/he/authorities/987007549583305171,אי אמסטרדם (טריטוריה אוסטרלית ואנטארקטית צרפתית),Amsterdam Island (Terres australes et antarctiques françaises),Q2011634,https://www.wikidata.org/wiki/Q2011634,islet,Yef Miossu,5484,https://data.geo-kima.org/Places/Details/5484,אי אמסטרדם (טריטוריה אוסטרלית ואנטארקטית צרפתית),Amsterdam Island (Terres australes et antarctiques françaises),1,settlement / point feature,6957.9,1.1,kima-geonames-wrong,kima-geonames-wrong,20260219-20260225,אי,"Hebrew heading already names the feature type — NLI does do this, just not consistently"
987007531763005171,https://www.nli.org.il/he/authorities/987007531763005171,נהר סנגל,Senegal River,Q3569,https://www.wikidata.org/wiki/Q3569,river,Senegal River,2086,https://data.geo-kima.org/Places/Details/2086,נהר סנגל,Senegal River,2,region / extended feature,651.6,1050.0,extended-feature,both points lie on the feature — no real move,20260219-20260225,נהר,"Hebrew heading already names the feature type — NLI does do this, just not consistently"
987007539196605171,https://www.nli.org.il/he/authorities/987007539196605171,איי קרוזט,Crozet Islands,Q49297071,https://www.wikidata.org/wiki/Q49297071,island group,,3278,https://data.geo-kima.org/Places/Details/3278,איי קרוזט,Crozet Islands,2,region / extended feature,89.8,,extended-feature,both points lie on the feature — no real move,20260219-20260225,איי,"Hebrew heading already names the feature type — NLI does do this, just not consistently"
987007551185205171,https://www.nli.org.il/he/authorities/987007551185205171,נהר סקרמנטו (קליפורניה),Sacramento River (Calif.),Q335575,https://www.wikidata.org/wiki/Q335575,river,Sacramento River,2016,https://data.geo-kima.org/Places/Details/2016,נהר סקרמנטו (קליפורניה),Sacramento River (Calif.),1,settlement / point feature,299.1,719.0,extended-feature,both points lie on the feature — no real move,20260219-20260225,נהר,"Hebrew heading already names the feature type — NLI does do this, just not consistently"
987007529918305171,https://www.nli.org.il/he/authorities/987007529918305171,חצי האי קיאי (יפן),Kii Peninsula (Japan),Q1053290,https://www.wikidata.org/wiki/Q1053290,peninsula,Kii Peninsula,3288,https://data.geo-kima.org/Places/Details/3288,חצי האי קיאי (יפן),Kii Peninsula (Japan),1,settlement / point feature,38.6,,extended-feature,both points lie on the feature — no real move,20260219-20260225,אי,"Hebrew heading already names the feature type — NLI does do this, just not consistently"
987007543236705171,https://www.nli.org.il/he/authorities/987007543236705171,אלפים הדאופיניים (צרפת),Dauphiné Alps (France),Q743382,https://www.wikidata.org/wiki/Q743382,alpine section / mountain range,Dauphiné Alps,1012,https://data.geo-kima.org/Places/Details/1012,אלפים הדאופיניים (צרפת),Dauphiné Alps (France),1,settlement / point feature,35.3,179.9,extended-feature,both points lie on the feature — no real move,20260219-20260225,ים,"Hebrew heading already names the feature type — NLI does do this, just not consistently"
987007539061705171,https://www.nli.org.il/he/authorities/987007539061705171,מישורי קפואה (זמביה),Kafue Flats (Zambia),Q18386637,https://www.wikidata.org/wiki/Q18386637,protected area,Kafue Flats,3547,https://data.geo-kima.org/Places/Details/3547,מישורי קפואה (זמביה),Kafue Flats (Zambia),1,settlement / point feature,66.3,,extended-feature,both points lie on the feature — no real move,20260219-20260225,מישור,"Hebrew heading already names the feature type — NLI does do this, just not consistently"
987007534509605171,https://www.nli.org.il/he/authorities/987007534509605171,נחל יבוק (ירדן),Zarqa River (Jordan),Q798460,https://www.wikidata.org/wiki/Q798460,river,Zarqa River,74776,https://data.geo-kima.org/Places/Details/74776,נחל יבוק (ירדן),Zarqa River (Jordan),0,no type recorded in Kima,25.9,65.0,extended-feature,both points lie on the feature — no real move,20260219-20260225,נחל,"Hebrew heading already names the feature type — NLI does do this, just not consistently"
987007534549505171,https://www.nli.org.il/he/authorities/987007534549505171,שמורה אינדיאנית ואלאפאי (אריזונה),Hualapai Indian Reservation (Ariz.),Q42173399,https://www.wikidata.org/wiki/Q42173399,Indian reservation of the United States / federally recognized Native American tribe in the United States,Hualapai Indian Tribe,4627,https://data.geo-kima.org/Places/Details/4627,שמורה אינדיאנית ואלאפאי (אריזונה),Hualapai Indian Reservation (Ariz.),1,settlement / point feature,37.5,,extended-feature,both points lie on the feature — no real move,20260219-20260225,אי,"Hebrew heading already names the feature type — NLI does do this, just not consistently"
987007555600405171,https://www.nli.org.il/he/authorities/987007555600405171,שמורה לאומית מסאי מארה (קניה),Maasai Mara National Reserve (Kenya),Q207724,https://www.wikidata.org/wiki/Q207724,protected area of Kenya,Masai Mara,2587,https://data.geo-kima.org/Places/Details/2587,שמורה לאומית מסאי מארה (קניה),Maasai Mara National Reserve (Kenya),1,settlement / point feature,26.5,43.7,extended-feature,both points lie on the feature — no real move,20260219-20260225,אי,"Hebrew heading already names the feature type — NLI does do this, just not consistently"
987007532425005171,https://www.nli.org.il/he/authorities/987007532425005171,עמק נהר מוהאבי (קליפורניה),Mojave River Valley (Calif.),Q70908015,https://www.wikidata.org/wiki/Q70908015,,Mojave River Valley Museum,4357,https://data.geo-kima.org/Places/Details/4357,עמק נהר מוהאבי (קליפורניה),Mojave River Valley (Calif.),1,settlement / point feature,29.3,,extended-feature,both points lie on the feature — no real move,20260219-20260225,נהר,"Hebrew heading already names the feature type — NLI does do this, just not consistently"
987007536752305171,https://www.nli.org.il/he/authorities/987007536752305171,חוף קורומנדל (הודו),Coromandel Coast (India),Q182561,https://www.wikidata.org/wiki/Q182561,coast,Coromandel Coast,3162,https://data.geo-kima.org/Places/Details/3162,חוף קורומנדל (הודו),Coromandel Coast (India),1,settlement / point feature,72.7,,extended-feature,both points lie on the feature — no real move,20260219-20260225,חוף,"Hebrew heading already names the feature type — NLI does do this, just not consistently"
987007543903205171,https://www.nli.org.il/he/authorities/987007543903205171,רמת לס (סין),Loess Plateau (China),Q293730,https://www.wikidata.org/wiki/Q293730,plateau,Loess Plateau,3112,https://data.geo-kima.org/Places/Details/3112,רמת לס (סין),Loess Plateau (China),1,settlement / point feature,65.0,,extended-feature,both points lie on the feature — no real move,20260219-20260225,רמת,"Hebrew heading already names the feature type — NLI does do this, just not consistently"
987007531587005171,https://www.nli.org.il/he/authorities/987007531587005171,ים יפן,"Japan, Sea of",Q27092,https://www.wikidata.org/wiki/Q27092,marginal sea,Sea of Japan,2671,https://data.geo-kima.org/Places/Details/2671,ים יפן,"Japan, Sea of",2,region / extended feature,394.1,2254.0,extended-feature,both points lie on the feature — no real move,20260219-20260225,ים,"Hebrew heading already names the feature type — NLI does do this, just not consistently"
987007532142405171,https://www.nli.org.il/he/authorities/987007532142405171,הרי הפונטוס (טורקיה),Pontic Mountains (Turkey),Q519263,https://www.wikidata.org/wiki/Q519263,mountain range,Pontic Mountains,3298,https://data.geo-kima.org/Places/Details/3298,הרי הפונטוס (טורקיה),Pontic Mountains (Turkey),1,settlement / point feature,67.1,1000.0,extended-feature,both points lie on the feature — no real move,20260219-20260225,הרי,"Hebrew heading already names the feature type — NLI does do this, just not consistently"
987007548997905171,https://www.nli.org.il/he/authorities/987007548997905171,הרי באיקל (רוסיה),Baikal Range (Russia),Q215950,https://www.wikidata.org/wiki/Q215950,mountain range,Baikal Mountains,4882,https://data.geo-kima.org/Places/Details/4882,הרי באיקל (רוסיה),Baikal Range (Russia),1,settlement / point feature,179.2,600.0,extended-feature,both points lie on the feature — no real move,20260219-20260225,הרי,"Hebrew heading already names the feature type — NLI does do this, just not consistently"
987007532409205171,https://www.nli.org.il/he/authorities/987007532409205171,מפרץ גקובה (טורקיה),Gökova Gulf (Turkey),Q1238749,https://www.wikidata.org/wiki/Q1238749,bay,Gulf of Gökova,5598,https://data.geo-kima.org/Places/Details/5598,מפרץ גקובה (טורקיה),Gökova Gulf (Turkey),1,settlement / point feature,23.4,,extended-feature,both points lie on the feature — no real move,20260219-20260225,מפרץ,"Hebrew heading already names the feature type — NLI does do this, just not consistently"
987007541636805171,https://www.nli.org.il/he/authorities/987007541636805171,נהר וינאלופו (ספרד),Vinalopó River (Spain),Q783114,https://www.wikidata.org/wiki/Q783114,river,Vinalopó,3099,https://data.geo-kima.org/Places/Details/3099,נהר וינאלופו (ספרד),Vinalopó River (Spain),1,settlement / point feature,59.7,81.2,extended-feature,both points lie on the feature — no real move,20260219-20260225,נהר,"Hebrew heading already names the feature type — NLI does do this, just not consistently"
987007531949105171,https://www.nli.org.il/he/authorities/987007531949105171,נהר האן (קוריאה),Han River (Korea),Q55500,https://www.wikidata.org/wiki/Q55500,river,Han River,86286,https://data.geo-kima.org/Places/Details/86286,נהר האן (קוריאה),Han River (Korea),0,no type recorded in Kima,36.3,514.0,extended-feature,both points lie on the feature — no real move,20260219-20260225,נהר,"Hebrew heading already names the feature type — NLI does do this, just not consistently"
987007534459305171,https://www.nli.org.il/he/authorities/987007534459305171,נהר קיטאקאמי (יפן),Kitakami River (Japan),Q1348297,https://www.wikidata.org/wiki/Q1348297,river,Kitakami River,3834,https://data.geo-kima.org/Places/Details/3834,נהר קיטאקאמי (יפן),Kitakami River (Japan),1,settlement / point feature,21.4,249.0,extended-feature,both points lie on the feature — no real move,20260219-20260225,נהר,"Hebrew heading already names the feature type — NLI does do this, just not consistently"
987007538676405171,https://www.nli.org.il/he/authorities/987007538676405171,חצי האי לייזו (סין),Luichow Peninsula (China),Q875712,https://www.wikidata.org/wiki/Q875712,peninsula,Leizhou Peninsula,70750,https://data.geo-kima.org/Places/Details/70750,חצי האי לייזו (סין),Luichow Peninsula (China),0,no type recorded in Kima,38.1,,extended-feature,both points lie on the feature — no real move,20260219-20260225,אי,"Hebrew heading already names the feature type — NLI does do this, just not consistently"
987007541188205171,https://www.nli.org.il/he/authorities/987007541188205171,ים קארה (רוסיה),Kara Sea (Russia),Q33629,https://www.wikidata.org/wiki/Q33629,sea,Kara Sea,2643,https://data.geo-kima.org/Places/Details/2643,ים קארה (רוסיה),Kara Sea (Russia),1,settlement / point feature,135.7,,extended-feature,both points lie on the feature — no real move,20260219-20260225,ים,"Hebrew heading already names the feature type — NLI does do this, just not consistently"
987007548345805171,https://www.nli.org.il/he/authorities/987007548345805171,רמת קרקוב-צ'נסטוחובה (פולין),Kraków-Częstochowa Highland (Poland),Q167628,https://www.wikidata.org/wiki/Q167628,mountain range / plateau,Kraków-Częstochowa Upland,2697,https://data.geo-kima.org/Places/Details/2697,רמת קרקוב-צ'נסטוחובה (פולין),Kraków-Częstochowa Highland (Poland),1,settlement / point feature,64.7,,extended-feature,both points lie on the feature — no real move,20260219-20260225,רמת,"Hebrew heading already names the feature type — NLI does do this, just not consistently"
987007538941705171,https://www.nli.org.il/he/authorities/987007538941705171,ים טימור,Timor Sea,Q131418,https://www.wikidata.org/wiki/Q131418,sea,Timor Sea,2347,https://data.geo-kima.org/Places/Details/2347,ים טימור,Timor Sea,2,region / extended feature,115.0,,extended-feature,both points lie on the feature — no real move,20260219-20260225,ים,"Hebrew heading already names the feature type — NLI does do this, just not consistently"
987007560946505171,https://www.nli.org.il/he/authorities/987007560946505171,נהר טארים (סין),Tarim River (China),Q237901,https://www.wikidata.org/wiki/Q237901,river,Tarim River,70900,https://data.geo-kima.org/Places/Details/70900,נהר טארים (סין),Tarim River (China),0,no type recorded in Kima,490.1,2030.0,extended-feature,both points lie on the feature — no real move,20260219-20260225,נהר,"Hebrew heading already names the feature type — NLI does do this, just not consistently"
987007563661105171,https://www.nli.org.il/he/authorities/987007563661105171,איי סן בלאס (פנמה),San Blas Islands (Panama),Q1670879,https://www.wikidata.org/wiki/Q1670879,archipelago / island,San Blas Islands,4464,https://data.geo-kima.org/Places/Details/4464,איי סן בלאס (פנמה),San Blas Islands (Panama),1,settlement / point feature,31.2,,extended-feature,both points lie on the feature — no real move,20260219-20260225,איי,"Hebrew heading already names the feature type — NLI does do this, just not consistently"
987007561266505171,https://www.nli.org.il/he/authorities/987007561266505171,ים אולנד,Aland Sea,Q271043,https://www.wikidata.org/wiki/Q271043,sea,Sea of Åland,72836,https://data.geo-kima.org/Places/Details/72836,ים אולנד,Aland Sea,0,no type recorded in Kima,26.2,,extended-feature,both points lie on the feature — no real move,20260219-20260225,ים,"Hebrew heading already names the feature type — NLI does do this, just not consistently"
987007561267405171,https://www.nli.org.il/he/authorities/987007561267405171,ים סולו,Sulu Sea,Q160194,https://www.wikidata.org/wiki/Q160194,sea,Sulu Sea,5509,https://data.geo-kima.org/Places/Details/5509,ים סולו,Sulu Sea,2,region / extended feature,111.2,665.6,extended-feature,both points lie on the feature — no real move,20260219-20260225,ים,"Hebrew heading already names the feature type — NLI does do this, just not consistently"
987007558438005171,https://www.nli.org.il/he/authorities/987007558438005171,מדבר טקלה מקאן (סין),Takla Makan Desert (China),Q132956,https://www.wikidata.org/wiki/Q132956,desert,Taklamakan,2464,https://data.geo-kima.org/Places/Details/2464,מדבר טקלה מקאן (סין),Takla Makan Desert (China),1,settlement / point feature,70.1,1000.0,extended-feature,both points lie on the feature — no real move,20260219-20260225,מדבר,"Hebrew heading already names the feature type — NLI does do this, just not consistently"
987007566185905171,https://www.nli.org.il/he/authorities/987007566185905171,"נהר דון (דרום יורקשייר, אנגליה)","Don, River (South Yorkshire, England)",Q1570197,https://www.wikidata.org/wiki/Q1570197,river,River Don,4300,https://data.geo-kima.org/Places/Details/4300,"נהר דון (דרום יורקשייר, אנגליה)","Don, River (South Yorkshire, England)",1,settlement / point feature,62.9,112.0,extended-feature,both points lie on the feature — no real move,20260219-20260225,נהר,"Hebrew heading already names the feature type — NLI does do this, just not consistently"
987007294071205171,https://www.nli.org.il/he/authorities/987007294071205171,אמריקן בוטום (אילינוי),American Bottom (Ill.),Q4743235,https://www.wikidata.org/wiki/Q4743235,floodplain,American Bottom,1878,https://data.geo-kima.org/Places/Details/1878,אמריקן בוטום (אילינוי),American Bottom (Ill.),1,settlement / point feature,2800.9,,homonym,two same-named places; which one did NLI mean,20260219-20260225,,"Hebrew heading already names the feature type — NLI does do this, just not consistently"
987007282440205171,https://www.nli.org.il/he/authorities/987007282440205171,אזרבייג'ן (איראן),Azerbaijan (Iran),Q260437,https://www.wikidata.org/wiki/Q260437,region / historical region / historical country / historical region,Atropatene,1785,https://data.geo-kima.org/Places/Details/1785,אזרבייג'ן (איראן),Azerbaijan (Iran),1,settlement / point feature,177.6,,kima-wd-wrong,kima-wd-wrong,20260219-20260225,,"Hebrew heading already names the feature type — NLI does do this, just not consistently"
987007286313405171,https://www.nli.org.il/he/authorities/987007286313405171,ים צ'וקצ'י,Chukchi Sea,Q159252,https://www.wikidata.org/wiki/Q159252,sea,Chukchi Sea,1195,https://data.geo-kima.org/Places/Details/1195,ים צ'וקצ'י,Chukchi Sea,2,region / extended feature,125.8,,extended-feature,both points lie on the feature — no real move,20260219-20260225,ים,"Hebrew heading already names the feature type — NLI does do this, just not consistently"
987007286318805171,https://www.nli.org.il/he/authorities/987007286318805171,נהר הפנינה (סין),Pearl River (China),Q201463,https://www.wikidata.org/wiki/Q201463,river,Pearl River,75382,https://data.geo-kima.org/Places/Details/75382,נהר הפנינה (סין),Pearl River (China),0,no type recorded in Kima,71.0,2400.0,extended-feature,both points lie on the feature — no real move,20260219-20260225,נהר,"Hebrew heading already names the feature type — NLI does do this, just not consistently"
987007290796505171,https://www.nli.org.il/he/authorities/987007290796505171,ביצות בנגוולו (זמביה),Bangweulu Swamps (Zambia),Q806561,https://www.wikidata.org/wiki/Q806561,protected area / swamp,Bangweulu Wetlands,1707,https://data.geo-kima.org/Places/Details/1707,ביצות בנגוולו (זמביה),Bangweulu Swamps (Zambia),1,settlement / point feature,21.3,,extended-feature,both points lie on the feature — no real move,20260219-20260225,ביצות,"Hebrew heading already names the feature type — NLI does do this, just not consistently"
987007294756905171,https://www.nli.org.il/he/authorities/987007294756905171,איי אמאמי (יפן),Amami Islands (Japan),Q453510,https://www.wikidata.org/wiki/Q453510,island group,Amami Islands,1934,https://data.geo-kima.org/Places/Details/1934,איי אמאמי (יפן),Amami Islands (Japan),1,settlement / point feature,59.2,36.2,nli-coords-wrong,Wikidata backs Kima's point; NLI's stands alone,20260219-20260225,איי,"Hebrew heading already names the feature type — NLI does do this, just not consistently"
987007293064405171,https://www.nli.org.il/he/authorities/987007293064405171,רמת אלדן (רוסיה),Aldan Plateau (Russia),Q1479585,https://www.wikidata.org/wiki/Q1479585,mountain range / upland,Highland of Aldan,1917,https://data.geo-kima.org/Places/Details/1917,רמת אלדן (רוסיה),Aldan Plateau (Russia),1,settlement / point feature,203.2,,nli-coords-wrong,Wikidata backs Kima's point; NLI's stands alone,20260219-20260225,רמת,"Hebrew heading already names the feature type — NLI does do this, just not consistently"
987007284641505171,https://www.nli.org.il/he/authorities/987007284641505171,שפך נהר באהיה בלנקה (ארגנטינה),Bahía Blanca Estuary (Argentina),Q2575947,https://www.wikidata.org/wiki/Q2575947,estuary / bay,Blanca Bay,1792,https://data.geo-kima.org/Places/Details/1792,שפך נהר באהיה בלנקה (ארגנטינה),Bahía Blanca Estuary (Argentina),1,settlement / point feature,27.9,,extended-feature,both points lie on the feature — no real move,20260219-20260225,נהר,"Hebrew heading already names the feature type — NLI does do this, just not consistently"
987007546416605171,https://www.nli.org.il/he/authorities/987007546416605171,שמורת אינדיאנים יקמה (וושינגטון),Yakama Indian Reservation (Wash.),Q3457242,https://www.wikidata.org/wiki/Q3457242,Indian reservation of the United States,Yakama Indian Reservation,3117,https://data.geo-kima.org/Places/Details/3117,שמורת אינדיאנים יקמה (ושינגטון),Yakama Indian Reservation (Wash.),1,settlement / point feature,61.3,,extended-feature,both points lie on the feature — no real move,20260219-20260225,ים,"Hebrew heading already names the feature type — NLI does do this, just not consistently"
987007534536505171,https://www.nli.org.il/he/authorities/987007534536505171,נהר הוגלי (הודו),Hugli River (India),Q739687,https://www.wikidata.org/wiki/Q739687,river,Hooghly River,4616,https://data.geo-kima.org/Places/Details/4616,נהר הוגלי (הודו),Hugli River (India),1,settlement / point feature,168.7,260.0,extended-feature,both points lie on the feature — no real move,20260219-20260225,נהר,"Hebrew heading already names the feature type — NLI does do this, just not consistently"
987007543861605171,https://www.nli.org.il/he/authorities/987007543861605171,הרי סימן (אתיופיה),Simen Mountains (Ethiopia),Q1982017,https://www.wikidata.org/wiki/Q1982017,mountain range,,2434,https://data.geo-kima.org/Places/Details/2434,הרי סימן (אתיופיה),Simen Mountains (Ethiopia),0,no type recorded in Kima,22.2,,extended-feature,both points lie on the feature — no real move,20260219-20260225,הרי,"Hebrew heading already names the feature type — NLI does do this, just not consistently"
987007555977405171,https://www.nli.org.il/he/authorities/987007555977405171,נהר סאן חואן (קולורדו-יוטה),San Juan River (Colo.-Utah),Q1542874,https://www.wikidata.org/wiki/Q1542874,river,San Juan River,2117,https://data.geo-kima.org/Places/Details/2117,נהר סאן חואן (קולורדו-יוטה),San Juan River (Colo.-Utah),1,settlement / point feature,354.5,616.4,extended-feature,both points lie on the feature — no real move,20260219-20260225,נהר,"Hebrew heading already names the feature type — NLI does do this, just not consistently"
987007542107205171,https://www.nli.org.il/he/authorities/987007542107205171,חצי האי מינהאסה (אינדונזיה),Minahasa Peninsula (Indonesia),Q2741496,https://www.wikidata.org/wiki/Q2741496,peninsula,Minahasa Peninsula,5077,https://data.geo-kima.org/Places/Details/5077,חצי האי מינהאסה (אינדונזיה),Minahasa Peninsula (Indonesia),1,settlement / point feature,398.8,,nli-coords-wrong,Wikidata backs Kima's point; NLI's stands alone,20260219-20260225,אי,"Hebrew heading already names the feature type — NLI does do this, just not consistently"
987007551297805171,https://www.nli.org.il/he/authorities/987007551297805171,נהר גמביה,Gambia River,Q160819,https://www.wikidata.org/wiki/Q160819,river,Gambia River,4890,https://data.geo-kima.org/Places/Details/4890,נהר גמביה,Gambia River,2,region / extended feature,521.6,1130.0,extended-feature,both points lie on the feature — no real move,20260219-20260225,נהר,"Hebrew heading already names the feature type — NLI does do this, just not consistently"
987007541740905171,https://www.nli.org.il/he/authorities/987007541740905171,איי אוקלנד (ניו זילנד),Auckland Islands (N.Z.),Q326951,https://www.wikidata.org/wiki/Q326951,island group,Auckland Islands,4726,https://data.geo-kima.org/Places/Details/4726,איי אוקלנד (ניו זילנד),Auckland Islands (N.Z.),1,settlement / point feature,28.4,28.2,extended-feature,both points lie on the feature — no real move,20260219-20260225,איי,"Hebrew heading already names the feature type — NLI does do this, just not consistently"
987007556428105171,https://www.nli.org.il/he/authorities/987007556428105171,נהר אובנגי,Ubangi River,Q171649,https://www.wikidata.org/wiki/Q171649,river,Ubangi River,5997,https://data.geo-kima.org/Places/Details/5997,נהר אובנגי,Ubangi River,2,region / extended feature,735.6,1060.0,extended-feature,both points lie on the feature — no real move,20260219-20260225,נהר,"Hebrew heading already names the feature type — NLI does do this, just not consistently"
987007536002205171,https://www.nli.org.il/he/authorities/987007536002205171,תעלה הגדולה (סין),Grand Canal (China),Q31347,https://www.wikidata.org/wiki/Q31347,architectural ensemble,Grand Canal,1457,https://data.geo-kima.org/Places/Details/1457,תעלה הגדולה (סין),Grand Canal (China),1,settlement / point feature,1117.6,1011.0,extended-feature,both points lie on the feature — no real move,20260219-20260225,תעלה,"Hebrew heading already names the feature type — NLI does do this, just not consistently"
987007543848305171,https://www.nli.org.il/he/authorities/987007543848305171,מפרץ סואץ,"Suez, Gulf of",Q168277,https://www.wikidata.org/wiki/Q168277,gulf,Gulf of Suez,2439,https://data.geo-kima.org/Places/Details/2439,מפרץ סואץ,"Suez, Gulf of",2,region / extended feature,78.4,,extended-feature,both points lie on the feature — no real move,20260219-20260225,מפרץ,"Hebrew heading already names the feature type — NLI does do this, just not consistently"
987007536457705171,https://www.nli.org.il/he/authorities/987007536457705171,תעלת ריין-מיין-דונאו (גרמניה),Rhein-Main-Donau-Kanal (Germany),Q153085,https://www.wikidata.org/wiki/Q153085,canal,Rhine-Main-Danube Canal,2039,https://data.geo-kima.org/Places/Details/2039,תעלת ריין-מיין-דונאו (גרמניה),Rhein-Main-Donau-Kanal (Germany),1,settlement / point feature,80.0,170.7,extended-feature,both points lie on the feature — no real move,20260219-20260225,תעלת,"Hebrew heading already names the feature type — NLI does do this, just not consistently"
987007536485905171,https://www.nli.org.il/he/authorities/987007536485905171,המפרץ הפרסי,Persian Gulf,Q34675,https://www.wikidata.org/wiki/Q34675,sea / gulf,Persian Gulf,2134,https://data.geo-kima.org/Places/Details/2134,מפרץ הפרסי,Persian Gulf,2,region / extended feature,149.2,989.0,extended-feature,both points lie on the feature — no real move,20260219-20260225,מפרץ,"Hebrew heading already names the feature type — NLI does do this, just not consistently"
987007543967105171,https://www.nli.org.il/he/authorities/987007543967105171,באיו לאפורש (לואיזיאנה),"Lafourche, Bayou (La.)",Q2892300,https://www.wikidata.org/wiki/Q2892300,river,Bayou Lafourche,90067,https://data.geo-kima.org/Places/Details/90067,באיו לאפורש (לואיזיאנה),"Lafourche, Bayou (La.)",0,no type recorded in Kima,242.0,117.0,nli-coords-wrong,Wikidata backs Kima's point; NLI's stands alone,20260219-20260225,אי,"Hebrew heading already names the feature type — NLI does do this, just not consistently"
987007539303605171,https://www.nli.org.il/he/authorities/987007539303605171,צפון נהר הדווינה (רוסיה),Northern Dvina River (Russia),Q8187,https://www.wikidata.org/wiki/Q8187,river,Northern Dvina,4956,https://data.geo-kima.org/Places/Details/4956,צפון נהר הדווינה (רוסיה),Northern Dvina River (Russia),1,settlement / point feature,516.7,744.0,extended-feature,both points lie on the feature — no real move,20260219-20260225,נהר,"Hebrew heading already names the feature type — NLI does do this, just not consistently"
987007538991605171,https://www.nli.org.il/he/authorities/987007538991605171,חצי האי יאמאל (רוסיה),I︠A︡mal Peninsula (Russia),Q488266,https://www.wikidata.org/wiki/Q488266,peninsula,Yamal Peninsula,3246,https://data.geo-kima.org/Places/Details/3246,חצי האי יאמאל (רוסיה),I͡Amal Peninsula (Russia),1,settlement / point feature,74.8,,extended-feature,both points lie on the feature — no real move,20260219-20260225,אי,"Hebrew heading already names the feature type — NLI does do this, just not consistently"
987007532408105171,https://www.nli.org.il/he/authorities/987007532408105171,"נהר לי (גווילין דיקו, סין)","Li River (Guilin Diqu, China)",Q334225,https://www.wikidata.org/wiki/Q334225,river / Chinese AAAAA-rated tourist attraction,Li River,5600,https://data.geo-kima.org/Places/Details/5600,"נהר לי (גווילין דיצ׳ו, סין)","Li River (Guilin Diqu, China)",1,settlement / point feature,104.5,164.0,extended-feature,both points lie on the feature — no real move,20260219-20260225,נהר,"Hebrew heading already names the feature type — NLI does do this, just not consistently"
987007534736705171,https://www.nli.org.il/he/authorities/987007534736705171,נהר נסטוס (בולגריה ויוון),Mesta River (Bulgaria and Greece),Q193904,https://www.wikidata.org/wiki/Q193904,river,Nestos,79417,https://data.geo-kima.org/Places/Details/79417,נהר נסטוס (בולגריה ויוון),Mesta River (Bulgaria and Greece),0,no type recorded in Kima,170.5,230.0,extended-feature,both points lie on the feature — no real move,20260219-20260225,נהר,"Hebrew heading already names the feature type — NLI does do this, just not consistently"
987007553584105171,https://www.nli.org.il/he/authorities/987007553584105171,נהר סלמון (איידהו),Salmon River (Idaho),Q7405538,https://www.wikidata.org/wiki/Q7405538,mountain range,Salmon River Mountains,2099,https://data.geo-kima.org/Places/Details/2099,נהר סלמון (איידהו),Salmon River (Idaho),1,settlement / point feature,229.5,171.3,nli-coords-wrong,Wikidata backs Kima's point; NLI's stands alone,20260219-20260225,נהר,"Hebrew heading already names the feature type — NLI does do this, just not consistently"
987007531947205171,https://www.nli.org.il/he/authorities/987007531947205171,ריו נגרו (ברזיל ואורוגוואי),Rio Negro (Brazil and Uruguay),Q44802,https://www.wikidata.org/wiki/Q44802,province of Argentina,Río Negro Province,3787,https://data.geo-kima.org/Places/Details/3787,ריו נגרו (ברזיל ואורוגואי),Rio Negro (Brazil and Uruguay),1,settlement / point feature,1062.5,508.4,homonym,two same-named places; which one did NLI mean,20260219-20260225,,"Hebrew heading already names the feature type — NLI does do this, just not consistently"
987007556562905171,https://www.nli.org.il/he/authorities/987007556562905171,נהר ליטל זאב (איראן ועיראק),Little Zab River (Iran and Iraq),Q954645,https://www.wikidata.org/wiki/Q954645,river,Little Zab,5579,https://data.geo-kima.org/Places/Details/5579,נהר ליטל זאב (איראן ועיראק),Little Zab River (Iran and Iraq),1,settlement / point feature,223.5,456.0,extended-feature,both points lie on the feature — no real move,20260219-20260225,נהר,"Hebrew heading already names the feature type — NLI does do this, just not consistently"
987007538494905171,https://www.nli.org.il/he/authorities/987007538494905171,מפרץ ליבק (גרמניה),Lübeck Bay (Germany),Q700309,https://www.wikidata.org/wiki/Q700309,bay / bight,Bay of Lübeck,2520,https://data.geo-kima.org/Places/Details/2520,מפרץ ליבק (גרמניה),Lübeck Bay (Germany),1,settlement / point feature,23.4,,extended-feature,both points lie on the feature — no real move,20260219-20260225,מפרץ,"Hebrew heading already names the feature type — NLI does do this, just not consistently"
987007545959605171,https://www.nli.org.il/he/authorities/987007545959605171,"מלבר, חוף (הודו)",Malabar Coast (India),Q473181,https://www.wikidata.org/wiki/Q473181,coast / region,Malabar Coast,2615,https://data.geo-kima.org/Places/Details/2615,"מלבר, חוף (הודו)",Malabar Coast (India),1,settlement / point feature,247.8,,nli-coords-wrong,Wikidata backs Kima's point; NLI's stands alone,20260219-20260225,חוף,"Hebrew heading already names the feature type — NLI does do this, just not consistently"
987007540481305171,https://www.nli.org.il/he/authorities/987007540481305171,הדסים (ישראל),Hadassim (Israel),Q12408533,https://www.wikidata.org/wiki/Q12408533,boarding school,Hadassim Children and Youth Village,18493,https://data.geo-kima.org/Places/Details/18493,הדסים (ישראל),Hadassim (Israel),1,settlement / point feature,93.7,,extended-feature,both points lie on the feature — no real move,20260219-20260225,ים,"Hebrew heading already names the feature type — NLI does do this, just not consistently"
987007560957705171,https://www.nli.org.il/he/authorities/987007560957705171,טראי (הודו ונפאל),Tarai (India and Nepal),Q1133636,https://www.wikidata.org/wiki/Q1133636,plain,,2287,https://data.geo-kima.org/Places/Details/2287,טראי (הודו ונפאל),Tarai (India and Nepal),1,settlement / point feature,1487.8,,no-wd,no Wikidata entity to arbitrate with,20260219-20260225,אי,"Hebrew heading already names the feature type — NLI does do this, just not consistently"
987007560844505171,https://www.nli.org.il/he/authorities/987007560844505171,מיצר טטר (רוסיה),Tatar Strait (Russia),Q110802,https://www.wikidata.org/wiki/Q110802,strait,Strait of Tartary,2291,https://data.geo-kima.org/Places/Details/2291,מיצר טטר (רוסיה),Tatar Strait (Russia),1,settlement / point feature,246.6,,kima-wd-wrong,kima-wd-wrong,20260219-20260225,מיצר,"Hebrew heading already names the feature type — NLI does do this, just not consistently"
987007566031705171,https://www.nli.org.il/he/authorities/987007566031705171,איי פניקס (קיריבטי),Phoenix Islands (Kiribati),Q271674,https://www.wikidata.org/wiki/Q271674,archipelago / island group of Kiribati,Phoenix Islands,4204,https://data.geo-kima.org/Places/Details/4204,איי פניקס (קיריבטי),Phoenix Islands (Kiribati),1,settlement / point feature,52.4,6.0,nli-coords-wrong,Wikidata backs Kima's point; NLI's stands alone,20260219-20260225,איי,"Hebrew heading already names the feature type — NLI does do this, just not consistently"
987007558255605171,https://www.nli.org.il/he/authorities/987007558255605171,נהר נרמאדה (הודו),Narmada River (India),Q234004,https://www.wikidata.org/wiki/Q234004,river,Narmada,2951,https://data.geo-kima.org/Places/Details/2951,נהר נרמאדה (הודו),Narmada River (India),1,settlement / point feature,242.1,1315.0,extended-feature,both points lie on the feature — no real move,20260219-20260225,נהר,"Hebrew heading already names the feature type — NLI does do this, just not consistently"
987007566381305171,https://www.nli.org.il/he/authorities/987007566381305171,חצי האי מלוויל (נונאווט),Melville Peninsula (Nunavut),Q1352266,https://www.wikidata.org/wiki/Q1352266,peninsula,Melville Peninsula,5188,https://data.geo-kima.org/Places/Details/5188,חצי האי מלוויל (נונווט),Melville Peninsula (Nunavut),1,settlement / point feature,55.7,8.9,nli-coords-wrong,Wikidata backs Kima's point; NLI's stands alone,20260219-20260225,אי,"Hebrew heading already names the feature type — NLI does do this, just not consistently"
987007558013205171,https://www.nli.org.il/he/authorities/987007558013205171,הרים הלאורנטיים (קוויבק),Laurentian Mountains (Québec),Q3413238,https://www.wikidata.org/wiki/Q3413238,mountain range / neighbourhood of Quebec City / administrative sector / parish municipality,Sainte-Thérèse-de-Lisieux,2544,https://data.geo-kima.org/Places/Details/2544,הרים הלאורנטיים (קוויבק),Laurentian Mountains (Québec),1,settlement / point feature,122.9,2000.0,extended-feature,both points lie on the feature — no real move,20260219-20260225,ים,"Hebrew heading already names the feature type — NLI does do this, just not consistently"
987007560459705171,https://www.nli.org.il/he/authorities/987007560459705171,חצי האי גזל (פפואה גינאה החדשה),Gazelle Peninsula (Papua New Guinea),Q526776,https://www.wikidata.org/wiki/Q526776,peninsula,Gazelle Peninsula,1488,https://data.geo-kima.org/Places/Details/1488,חצי האי גזל (פפואה גינאה החדשה),Gazelle Peninsula (Papua New Guinea),1,settlement / point feature,53.2,,extended-feature,both points lie on the feature — no real move,20260219-20260225,אי,"Hebrew heading already names the feature type — NLI does do this, just not consistently"
987007565959105171,https://www.nli.org.il/he/authorities/987007565959105171,יער לאומי אראפאהו (קולורדו),Arapaho National Forest (Colo.),Q3079100,https://www.wikidata.org/wiki/Q3079100,proclaimed forest / forest,Arapaho National Forest,71438,https://data.geo-kima.org/Places/Details/71438,יער לאומי אראפאהו (קולורדו),Arapaho National Forest (Colo.),0,no type recorded in Kima,27.6,61.1,extended-feature,both points lie on the feature — no real move,20260219-20260225,יער,"Hebrew heading already names the feature type — NLI does do this, just not consistently"
987007565306205171,https://www.nli.org.il/he/authorities/987007565306205171,"הורמוז, מייצרים","Hormuz, Strait of",Q79883,https://www.wikidata.org/wiki/Q79883,strait,Strait of Hormuz,1348,https://data.geo-kima.org/Places/Details/1348,"הורמוז, מייצרים","Hormuz, Strait of",2,region / extended feature,25.5,,extended-feature,both points lie on the feature — no real move,20260219-20260225,ים,"Hebrew heading already names the feature type — NLI does do this, just not consistently"
987007294040605171,https://www.nli.org.il/he/authorities/987007294040605171,נהר אפלצ'יקולה (פלורידה),Apalachicola River (Fla.),Q617414,https://www.wikidata.org/wiki/Q617414,river,Apalachicola River,1901,https://data.geo-kima.org/Places/Details/1901,נהר אפלצ'יקולה (פלורידה),Apalachicola River (Fla.),1,settlement / point feature,109.8,180.0,extended-feature,both points lie on the feature — no real move,20260219-20260225,נהר,"Hebrew heading already names the feature type — NLI does do this, just not consistently"
987007419122005171,https://www.nli.org.il/he/authorities/987007419122005171,נחל חרוד (ישראל),Harod River (Israel),Q602464,https://www.wikidata.org/wiki/Q602464,river / stream,Harod stream,21160,https://data.geo-kima.org/Places/Details/21160,נחל חרוד (ישראל),Harod River (Israel),1,settlement / point feature,21.0,31.0,extended-feature,both points lie on the feature — no real move,20260305-20260311,נחל,"Hebrew heading already names the feature type — NLI does do this, just not consistently"
987007529692605171,https://www.nli.org.il/he/authorities/987007529692605171,נהר רד דיר (אלברטה וססקצ'ואן),Red Deer River (Alta. and Sask.),Q850119,https://www.wikidata.org/wiki/Q850119,river,Red Deer River,3869,https://data.geo-kima.org/Places/Details/3869,נהר רד דיר (קנדה),Red Deer River (Alta. and Sask.),1,settlement / point feature,433.4,801.0,extended-feature,both points lie on the feature — no real move,20260319-20260325,נהר,"Hebrew heading already names the feature type — NLI does do this, just not consistently"
987007556004905171,https://www.nli.org.il/he/authorities/987007556004905171,נהר סלייב (אלברטה והטריטוריות הצפון-מערביות),Slave River (Alta. and N.W.T.),Q2226,https://www.wikidata.org/wiki/Q2226,river,Slave River,70868,https://data.geo-kima.org/Places/Details/70868,נהר סלייב (אלברטה והטריטוריה הצפון מערבית),Slave River (Alta. and N.W.T.),0,no type recorded in Kima,321.7,434.0,extended-feature,both points lie on the feature — no real move,20260319-20260325,נהר,"Hebrew heading already names the feature type — NLI does do this, just not consistently"
987007290954305171,https://www.nli.org.il/he/authorities/987007290954305171,נהר הייווד (אלברטה),Highwood River (Alta.),Q13948373,https://www.wikidata.org/wiki/Q13948373,stream,Highwood River,86073,https://data.geo-kima.org/Places/Details/86073,נהר הייווד (אלטברה),Highwood River (Alta.),0,no type recorded in Kima,87.4,180.0,extended-feature,both points lie on the feature — no real move,20260319-20260325,נהר,"Hebrew heading already names the feature type — NLI does do this, just not consistently"
987007534359505171,https://www.nli.org.il/he/authorities/987007534359505171,בוקובינה (רומניה ואוקראינה),Bukovina (Romania and Ukraine),Q105206,https://www.wikidata.org/wiki/Q105206,region / military district / historical administrative division / Ukrainian historical regions / Historical regions of Romania,Bukovina,3056,https://data.geo-kima.org/Places/Details/3056,בוקובינה (רומניה-אוקראינה),Bukovina (Romania and Ukraine),1,settlement / point feature,234.5,,nli-coords-wrong,Wikidata backs Kima's point; NLI's stands alone,20260319-20260325,,"Hebrew heading already names the feature type — NLI does do this, just not consistently"
987007285525905171,https://www.nli.org.il/he/authorities/987007285525905171,הרי קיאנטי (איטליה),Chianti Mountains (Italy),Q1071629,https://www.wikidata.org/wiki/Q1071629,wine-producing region / region,,1239,https://data.geo-kima.org/Places/Details/1239,הרי קיאנטי (איטליה),Chianti Mountains (Italy),0,no type recorded in Kima,38.3,,extended-feature,both points lie on the feature — no real move,20260701-20260707,הרי,"Hebrew heading already names the feature type — NLI does do this, just not consistently"
987007590343505171,https://www.nli.org.il/he/authorities/987007590343505171,"אילינצי (מחוז ויניצה, אוקראינה)","Illint︠s︡i (Vinnyt︠s︡ʹka oblastʹ, Ukraine)",Q932248,https://www.wikidata.org/wiki/Q932248,raion of Ukraine / former raion of Ukraine / city in Ukraine / urban-type settlement / city of district significance,Illintsi,23857,https://data.geo-kima.org/Places/Details/23857,אילינצי (אוקראינה),Illintsi (Ukraine),1,settlement / point feature,43.4,34.1,nli-034-dropped-zero,nli-034-dropped-zero,20260727-20260727,אי,"Hebrew heading already names the feature type — NLI does do this, just not consistently"
987007590337405171,https://www.nli.org.il/he/authorities/987007590337405171,סווערדלאוו (אוקראינה),Sverdlovsʹk (Ukraine),Q2216869,https://www.wikidata.org/wiki/Q2216869,raion of Ukraine / former raion of Ukraine,Sverdlovsk Raion,23164,https://data.geo-kima.org/Places/Details/23164,סווערדלאוו (אוקראינה),Sverdlovsk (Ukraine),1,settlement / point feature,44.9,38.0,nli-034-dropped-zero,nli-034-dropped-zero,20260727-20260727,,"Hebrew heading already names the feature type — NLI does do this, just not consistently"
987007562324405171,https://www.nli.org.il/he/authorities/987007562324405171,איי מריאנה,Mariana Islands,Q153732,https://www.wikidata.org/wiki/Q153732,archipelago,Mariana Islands,15511,https://data.geo-kima.org/Places/Details/15511,איי מריאנה,Mariana Islands,2,region / extended feature,63.1,36.0,nli-coords-wrong,Wikidata backs Kima's point; NLI's stands alone,20260727-20260727,איי,"Hebrew heading already names the feature type — NLI does do this, just not consistently"
987007564905705171,https://www.nli.org.il/he/authorities/987007564905705171,קודי (אינדונזיה),Kodi (Indonesia),Q2451145,https://www.wikidata.org/wiki/Q2451145,kecamatan,Kodi,16238,https://data.geo-kima.org/Places/Details/16238,קודי (אינדונזיה),Kodi (Indonesia),1,settlement / point feature,2602.8,,nli-coords-wrong,Wikidata backs Kima's point; NLI's stands alone,20260727-20260727,,"Hebrew heading already names the feature type — NLI does do this, just not consistently"
987007560018405171,https://www.nli.org.il/he/authorities/987007560018405171,לויי (תאילנד : פרובינציה),Loei (Thailand : Province),Q275388,https://www.wikidata.org/wiki/Q275388,province of Thailand,Loei,15101,https://data.geo-kima.org/Places/Details/15101,לויי (תאילנד : פרובינציה),Loei (Thailand : Province),2,region / extended feature,24.5,120.6,extended-feature,both points lie on the feature — no real move,20260727-20260727,,"Hebrew heading already names the feature type — NLI does do this, just not consistently"
987007564401405171,https://www.nli.org.il/he/authorities/987007564401405171,ולנטאנו (איטליה),Valentano (Italy),Q6580020,https://www.wikidata.org/wiki/Q6580020,park,Begin Park,13547,https://data.geo-kima.org/Places/Details/13547,ולנטאנו (איטליה),Valentano (Italy),1,settlement / point feature,2376.3,100.9,kima-wd-wrong,kima-wd-wrong,20260727-20260727,,"Hebrew heading already names the feature type — NLI does do this, just not consistently"
987007562025505171,https://www.nli.org.il/he/authorities/987007562025505171,מחוז קלירווטר (איידהו),Clearwater County (Idaho),Q175799,https://www.wikidata.org/wiki/Q175799,county of Idaho,Clearwater County,11606,https://data.geo-kima.org/Places/Details/11606,מחוז קלירווטר (איידהו),Clearwater County (Idaho),1,settlement / point feature,26.0,90.6,extended-feature,both points lie on the feature — no real move,20260727-20260727,,"Hebrew heading already names the feature type — NLI does do this, just not consistently"
987007561999905171,https://www.nli.org.il/he/authorities/987007561999905171,מחוז בויזי (איידהו),Boise County (Idaho),Q486357,https://www.wikidata.org/wiki/Q486357,county of Idaho,Boise County,11288,https://data.geo-kima.org/Places/Details/11288,מחוז בויזי (איידהו),Boise County (Idaho),1,settlement / point feature,42.7,79.3,extended-feature,both points lie on the feature — no real move,20260727-20260727,,"Hebrew heading already names the feature type — NLI does do this, just not consistently"
987007567119705171,https://www.nli.org.il/he/authorities/987007567119705171,לבוהאן דלי (אינדונזיה),Labuhandeli (Indonesia),Q26759507,https://www.wikidata.org/wiki/Q26759507,mountain,Deli,15226,https://data.geo-kima.org/Places/Details/15226,לבוהאן דלי (אינדונזיה),Labuhandeli (Indonesia),1,settlement / point feature,2115.5,,homonym,two same-named places; which one did NLI mean,20260727-20260727,,"Hebrew heading already names the feature type — NLI does do this, just not consistently"
987007562450905171,https://www.nli.org.il/he/authorities/987007562450905171,חאיל (ערב הסעודית : פרובינציה),Ḥāʼil (Saudi Arabia : Province),Q243656,https://www.wikidata.org/wiki/Q243656,province of Saudi Arabia,,15872,https://data.geo-kima.org/Places/Details/15872,חאיל (ערב הסעודית : פרובינציה),Ḥāʾil (Saudi Arabia : Province),0,no type recorded in Kima,74.4,363.7,extended-feature,both points lie on the feature — no real move,20260727-20260727,אי,"Hebrew heading already names the feature type — NLI does do this, just not consistently"
987007560546705171,https://www.nli.org.il/he/authorities/987007560546705171,איים איוניים (יוון),Ionian Islands (Greece),Q170295,https://www.wikidata.org/wiki/Q170295,island group / traditional geographic divisions of Greece,Ionian Islands,1328,https://data.geo-kima.org/Places/Details/1328,איים איוניים (יוון),Ionian Islands (Greece),1,settlement / point feature,79.8,54.2,nli-coords-wrong,Wikidata backs Kima's point; NLI's stands alone,20260727-20260727,ים,"Hebrew heading already names the feature type — NLI does do this, just not consistently"
987007567544805171,https://www.nli.org.il/he/authorities/987007567544805171,פרובינציה אינהמבנה (מוזמביק),Inhambane Province (Mozambique),Q3015312,https://www.wikidata.org/wiki/Q3015312,province of Mozambique / airport / commercial traffic aerodrome / international airport,Inhambane Airport,16352,https://data.geo-kima.org/Places/Details/16352,מחוז אינהמבנה (מוזמביק),Inhambane Province (Mozambique),1,settlement / point feature,134.5,295.9,extended-feature,both points lie on the feature — no real move,20260727-20260727,אי,"Hebrew heading already names the feature type — NLI does do this, just not consistently"
987007560015905171,https://www.nli.org.il/he/authorities/987007560015905171,מרכזי (איראן),Markazī (Iran),Q134417,https://www.wikidata.org/wiki/Q134417,province of Iran,Markazi Province,15112,https://data.geo-kima.org/Places/Details/15112,מרכזי (איראן),Markazī (Iran),1,settlement / point feature,141.2,192.6,extended-feature,both points lie on the feature — no real move,20260728-20260803,,"Hebrew heading already names the feature type — NLI does do this, just not consistently"
987007564350605171,https://www.nli.org.il/he/authorities/987007564350605171,בואנוס איירס (ארגנטינה : פרובינציה),Buenos Aires (Argentina : Province),Q44754,https://www.wikidata.org/wiki/Q44754,province of Argentina / electoral unit / sovereign state,Buenos Aires Province,7921,https://data.geo-kima.org/Places/Details/7921,בואנוס איירס (ארגנטינה : פרובינציה),Buenos Aires (Argentina : Province),2,region / extended feature,106.6,625.8,extended-feature,both points lie on the feature — no real move,20260728-20260803,איי,"Hebrew heading already names the feature type — NLI does do this, just not consistently"
987007560104105171,https://www.nli.org.il/he/authorities/987007560104105171,פאתני (תאילנד),Pattani (Thailand),Q32171899,https://www.wikidata.org/wiki/Q32171899,river,Ai Langkasuka,16953,https://data.geo-kima.org/Places/Details/16953,פאתני (תאילנד),Pattani (Thailand),1,settlement / point feature,132.2,,extended-feature,both points lie on the feature — no real move,20260728-20260803,,"Hebrew heading already names the feature type — NLI does do this, just not consistently"
987011383045805171,https://www.nli.org.il/he/authorities/987011383045805171,באיאנטומן סום (מונגוליה),Bai︠a︡ntu̇mėn Sum (Mongolia),Q3404293,https://www.wikidata.org/wiki/Q3404293,district of Mongolia,Bayantümen,77231,https://data.geo-kima.org/Places/Details/77231,באיאנטומן סום (מונגוליה),Bai︠a︡ntu̇mėn Sum (Mongolia),0,no type recorded in Kima,40.3,,extended-feature,both points lie on the feature — no real move,20260728-20260803,אי,"Hebrew heading already names the feature type — NLI does do this, just not consistently"
987007568675705171,https://www.nli.org.il/he/authorities/987007568675705171,הר אלכסנדר (ישראל),"Alexander, Mount (Israel)",Q1962200,https://www.wikidata.org/wiki/Q1962200,mountain / river / national park,Alexander,26999,https://data.geo-kima.org/Places/Details/26999,הר אלכסנדר (ישראל),"Alexander, Mount (Israel)",1,settlement / point feature,30.9,32.0,extended-feature,both points lie on the feature — no real move,20260804-20260810,הר,"Hebrew heading already names the feature type — NLI does do this, just not consistently"
987007551685005171,https://www.nli.org.il/he/authorities/987007551685005171,נחל אלכסנדר (ישראל),Aleksander River (Israel),Q1962200,https://www.wikidata.org/wiki/Q1962200,river / national park,Alexander,4432,https://data.geo-kima.org/Places/Details/4432,נחל אלכסנדר (ישראל),Aleksander River (Israel),0,no type recorded in Kima,21.1,32.0,extended-feature,both points lie on the feature — no real move,20260804-20260810,נחל,"Hebrew heading already names the feature type — NLI does do this, just not consistently"
987007511199105171,https://www.nli.org.il/he/authorities/987007511199105171,"גן העצמאות (ירושלים, ישראל)","Gan ha-Atzmaut (Jerusalem, Israel)",Q7190091,https://www.wikidata.org/wiki/Q7190091,park / park,Gan Ha'atzmaut,22076,https://data.geo-kima.org/Places/Details/22076,"גן העצמאות (ירושלים, ישראל)","Gan ha-Atzmaut (Jerusalem, Israel)",0,no type recorded in Kima,54.8,,extended-feature,both points lie on the feature — no real move,20260804-20260810,,"Hebrew heading already names the feature type — NLI does do this, just not consistently"
987007285545905171,https://www.nli.org.il/he/authorities/987007285545905171,נחל קישון (ישראל),Kishon River (Israel),Q1743701,https://www.wikidata.org/wiki/Q1743701,river,Kishon River,1626,https://data.geo-kima.org/Places/Details/1626,נחל קישון (ישראל),Kishon River (Israel),1,settlement / point feature,23.1,70.0,extended-feature,both points lie on the feature — no real move,20260804-20260810,נחל,"Hebrew heading already names the feature type — NLI does do this, just not consistently"
987007546858905171,https://www.nli.org.il/he/authorities/987007546858905171,נחל בשור (ישראל),Besor River (Israel),Q2668577,https://www.wikidata.org/wiki/Q2668577,river,Besor River,4411,https://data.geo-kima.org/Places/Details/4411,נחל בשור (ישראל),Besor River (Israel),1,settlement / point feature,22.3,80.0,extended-feature,both points lie on the feature — no real move,20260804-20260810,נחל,"Hebrew heading already names the feature type — NLI does do this, just not consistently"
