recordId	category	verdict	heading	dupKey	incomingStatus	incomingHeb	incomingCoords	kimaId	kimaMazal	kimaMazalStatus	kimaHeb	kimaCoords	kimaVariantCount	distanceKm	sharedNames	alsoInKimaId	earlierHeadings	nameMismatch	verdictNote
987011433526905171	dup-variants	kima-unresolved	ריו גרנדה (קולורדו-מקסיקו וטקסס)	ריו גרנדה (קולורדו-מקסיקו וטקסס), Río Bravo del Norte	live	ריו גרנדה (קולורדו-מקסיקו וטקסס)	25.9562, -97.1452						0	1639.7	Bravo River (Colo.-Mexico and Tex.) | Bravo del Norte River | Brazo River | El Río Brazo | Grande River (Colo.-Mexico and Tex.) | Grande del Norte River | Kūtsōhīhī | Norte River (Colo.-Mexico and Tex.) | Pajo River | Posoge River | Rio Grande | Rio Grande (Colo.-Mexico and Tex.) | Rio Grande River (Colo.-Mexico and Tex.) | Rio del Norte (Colo.-Mexico and Tex.) | Río Bravo (Colo.-Mexico and Tex.) | Río Bravo del Norte | Río Brazo | Río Grande del Norte | ריו גרנדה (קולורדו-מקסיקו וטקסס) | ريو غراندي (كولورادو - المكسيك وتكساس)	2052		heb: kima=ריו גרנדה nli=ריו גרנדה (קולורדו-מקסיקו וטקסס) | rom: kima=Rio Grande nli=Rio Grande (Colo.-Mexico and Tex.)	לא אותר מקום בכימה עבור הכותרת
987008751189505171	dup-variants	same-id	באנאט	באנאט, Bánság	live	באנאט	45.7, 20.9	6558	987008751189505171	live	באנאט	45.7, 20.9	5	0.0	Banat | Banatul | Bánság | באנאט | בנאט | بنات				כימה כבר מצביעה על אותה רשומה
987007284075505171	dup-variants	same-id	רנידוס (טורקיה : עיר קדומה)	רנידוס (טורקיה : עיר קדומה), Cnidos (Turkey : Extinct city)	live	רנידוס (טורקיה : עיר קדומה)	36.68583, 27.375	1199	987007284075505171	live	רנידוס (טורקיה : עיר קדומה)	36.685833, 27.375	7	0.0	Cnidos (Turkey : Extinct city) | Cnidus (Ancient city) | Cnidus (Turkey : Extinct city) | Gnidus (Turkey : Extinct city) | Knidos (Turkey : Extinct city) | רנידוס (טורקיה : עיר קדומה) | سنيدوس (تركيا : مدينة قديمة)				כימה כבר מצביעה על אותה רשומה
987007528337405171	dup-places-diff	kima-id-suppressed	ביסטרוביץ (פולין)	ביסטרוביץ (פולין)	live	ביסטרוביץ (פולין)	49.93207, 22.57223	26523	987007575412405171	suppressed	ביסטרוביץ (פולין)		3	0.1	Bistrowitz (Poland) | Bystrovychi (Poland) | Bystrowice (Poland) | ביסטראוויץ (פולין) | ביסטרביץ (פולין) | ביסטרוביץ (פולין) | ביסטרוויץ (פולין) | بيستروفيتسه (بولندا)	22466		rom: kima=Bistrowitz (Poland) nli=Bystrowice (Poland) | heb: kima=ביסטראןןיץ (פולין) nli=ביסטרוביץ (פולין)	המזהה בכימה קיים במאגר אך אינו נמסר — נמחק/הוסתר
987007480110005171	dup-places-diff	both-live	פרדוביצה (צ'כיה : מחוז)	פרדוביצה (צ'כיה : מחוז)	live	פרדוביצה (צ'כיה : מחוז)	50.08333, 15.75	90637	987007480109905171	live	פרדוביצה (צ'כיה : מחוז)	49.9, 16.2	0	38.1	Okres Pardubice (Czech Republic) | Pardubice (Czech Republic : Okres) | פרדוביצה (צ'כיה : מחוז) | باردوبيتسه (جمهورية التشيك : أوكريس)	90663		rom: kima=Pardubický kraj (Czech Republic) nli=Pardubice (Czech Republic : Okres) | heb: kima=פרדוביצה (צ'כיה : מחוז משנה) nli=פרדוביצה (צ'כיה : מחוז)	שתי הרשומות קיימות ב־NLI — כפילות אמיתית
987007567653605171	dup-places-diff	both-live	אוסטרוויק (גרמניה)	אוסטרוויק (גרמניה)	live	אוסטרוויק (גרמניה)	51.96667, 10.71667	88363	987007540473305171	live	אוסטרוויק (גרמניה)		0		אוסטרוויק (גרמניה)			rom: kima=Osterwick (Germany) nli=Osterwieck (Germany)	שתי הרשומות קיימות ב־NLI — כפילות אמיתית
987007480368805171	dup-variants	same-id	גאושיונג (טאיוואן)	גאושיונג (טאיוואן), Kao-hsiung Shih	live	גאושיונג (טאיוואן)	22.61667, 120.3	9080	987007480368805171	live	גאושיונג (טאיוואן)	22.616667, 120.3	12	0.0	Kao-hsiung (Taiwan) | Kao-hsiung Shih | גאושיונג (טאיוואן) | كاو هسيونغ (تايوان)			rom: kima=Kao-hsiung shih (Taiwan) nli=Kao-hsiung (Taiwan)	כימה כבר מצביעה על אותה רשומה
987007557512105171	dup-places-diff	both-live	אישיגאקי (יפן)	אישיגאקי (יפן)	live	אישיגאקי (יפן)	24.34056, 124.15556	90599	987007532395305171	live	אישיגאקי (יפן)	24.403333333333332, 124.19361111111111	0	8.0	Ishigaki-shi (Japan) | אישיגאקי (יפן) | إيشيغاكي-شي (اليابان)	90700		rom: kima=Ishigaki Island (Japan) nli=Ishigaki-shi (Japan) | heb: kima=אישיגאקי (יפן:אי) nli=אישיגאקי (יפן)	שתי הרשומות קיימות ב־NLI — כפילות אמיתית
987007562214205171	dup-places-diff	both-live	קאבה (הונגריה)	קאבה (הונגריה)	live	קאבה (הונגריה)	47.3557, 21.2742	26349	987007373278105171	live	קאבה (הונגריה)	47.35, 19.583333	2	127.4	קאבה (הונגריה)			rom: kima=Káva (Hungary) nli=Kaba (Hungary)	שתי הרשומות קיימות ב־NLI — כפילות אמיתית
987012803472805171	dup-places-diff	kima-id-suppressed	דרום סודאן	דרום סודאן	live	דרום סודאן	8.0, 30.0	22805	987011102591205171	suppressed	דרום סודאן	7, 30	4	111.2			Southern Sudan (Sudan)	arab: kima=السودان الجنوبية (السودان) nli=جنوب السودان	המזהה בכימה קיים במאגר אך אינו נמסר — נמחק/הוסתר
987013170285005171	dup-places-diff	kima-id-suppressed	רמת טיבט	רמת טיבט	live	רמת טיבט	33.0, 92.0	3930	987007561090205171	suppressed	רמת טיבט	33, 88	24	373.0				rom: kima=Tibet, Plateau of nli=Tibetan Plateau	המזהה בכימה קיים במאגר אך אינו נמסר — נמחק/הוסתר
987007602290105171	dup-variants	kima-unresolved	מפרץ אילת	מפרץ אילת, Khalīj al-ʻAqabah	live	מפרץ אילת	28.75, 34.75						0	0.0	Akaba, Gulf of | Aqaba, Gulf of | Bahr el ʻAqaba | Eilat, Gulf of | Elat, Gulf of | Gulf of Aqaba | Khalīj al-ʻAqabah | Sinus Aelaniticus | מפרץ אילת | خليج العقبة	1975		heb: kima=מפרץ עקבה (ירדן) nli=מפרץ אילת | rom: kima=Aqaba, Gulf of (Jordan) nli=Aqaba, Gulf of	לא אותר מקום בכימה עבור הכותרת
987007566720805171	dup-places-diff	both-live	מחוז הורדנה (בלארוס)	מחוז הורדנה (בלארוס)	live	מחוז הורדנה (בלארוס)	53.5, 24.5	90646	987007537806505171	live	מחוז הורדנה (בלארוס)	53.666666666667, 23.816666666667	0	48.8	Grodnenskai︠a︡ oblastʹ (Belarus) | Grodnenskai︠a︡ oblastʹ (Byelorussian S.S.R.) | Grodnenskai︠a︡ oblastʹ, Byelorussian S.S.R. | Grodnenskaya oblastʹ (Belarus) | Grodnyenskaya oblastʹ (Belarus) | Hrodzenskai︠a︡ voblastsʹ (Belarus) | מחוז הורדנה (בלארוס) | هرودزينسكاي (بيلاروس)	90596		rom: kima=Hrodzenski rai︠o︡n (Belarus) nli=Hrodzenskai︠a︡ voblastsʹ (Belarus) | heb: kima=הורדנה (בלארוס: אובלסט) nli=מחוז הורדנה (בלארוס)	שתי הרשומות קיימות ב־NLI — כפילות אמיתית
987013290993605171	dup-places-diff	kima-id-suppressed	מחוז מוהילב (בלארוס)	מחוז מוהילב (בלארוס)	live	מחוז מוהילב (בלארוס)	54.0, 30.75	12624	987007550425805171	suppressed	מחוז מוהילב (בלארוס)	53.7254, 30.3863	5	38.7				rom: kima=Mahiliouskaia voblasts (Belarus) nli=Mahili︠o︡ŭskai︠a︡ voblastsʹ (Belarus)	המזהה בכימה קיים במאגר אך אינו נמסר — נמחק/הוסתר
987007480110605171	dup-places-diff	both-live	ליברץ (צ'כיה)	ליברץ (צ'כיה)	live	ליברץ (צ'כיה)	50.7, 15.0	13601	987007567064405171	live	ליברץ (צ'כיה)	50.766666666666666, 15.05	4	8.2	Liberecký kraj (Czech Republic) | ליברץ (צ'כיה) | ليبيركي كراج (جمهورية التشيك)	90633		rom: kima=Liberec (Czech Republic) nli=Liberecký kraj (Czech Republic) | heb: kima=ליברץ (צ'כיה: מחוז) nli=ליברץ (צ'כיה)	שתי הרשומות קיימות ב־NLI — כפילות אמיתית
987007479992705171	dup-places-diff	both-live	זלין (צ'כיה)	זלין (צ'כיה)	live	זלין (צ'כיה)	49.2, 17.7	90680	987007530957905171	live	זלין (צ'כיה)	49.233055555556, 17.666944444444	0	4.4	Zlínský kraj (Czech Republic) | זלין (צ'כיה) | زلينسكي كراج (جمهورية التشيك)	90621		rom: kima=Zlín (Czech Republic) nli=Zlínský kraj (Czech Republic) | heb: kima=זלין (צ'כיה:מחוז) nli=זלין (צ'כיה)	שתי הרשומות קיימות ב־NLI — כפילות אמיתית
987014197239905171	dup-places-diff	kima-id-suppressed	צרפת הדרומית	צרפת הדרומית	live	צרפת הדרומית	44.0, 3.75	1398	987007550763305171	suppressed	צרפת הדרומית		9						המזהה בכימה קיים במאגר אך אינו נמסר — נמחק/הוסתר
987007540197805171	dup-variants	same-id	וסטפליה (ממלכה)	וסטפליה (ממלכה), Königreich Westphalen	live	וסטפליה (ממלכה)	51.30846, 9.49961	18848	987007540197805171	live	וסטפליה (ממלכה)	51.31, 9.5	6	0.2	Königreich Westphalen | Westphalia (Kingdom) | וסטפליה (ממלכה) | ويستفاليا (المملكة)				כימה כבר מצביעה על אותה רשומה
987007548063605171	dup-variants	same-id	טפליצה (צ'כיה)	טפליצה (צ'כיה), Teplitz-Schönau	live	טפליצה (צ'כיה)	50.64028, 13.82444	8155	987007548063605171	live	טפליצה (צ'כיה)	50.633333333333, 13.816666666667	18	0.9	Bad Teplitz-Schönau (Czech Republic) | Schönau (Czech Republic) | Teplice (Czech Republic) | Teplice (Czechoslovakia) | Teplice, Czechoslovakia | Teplice-Šanov (Czech Republic) | Teplitz-Schönau | Teplitz-Schönau Bad (Czech Republic) | Šanov-Teplice (Czech Republic) | טיפליץ (צ'כיה) | טעפליטץ (צ'כיה) | טעפליץ (צ'כיה) | טפליץ (צ'כיה) | טפליצה (צ'כיה) | تيبليتسه (جمهورية التشيك)				כימה כבר מצביעה על אותה רשומה
987007552890205171	dup-variants	same-id	הראדץ קרלובה (צ'כיה)	הראדץ קרלובה (צ'כיה), Königgrätz	live	הראדץ קרלובה (צ'כיה)	50.20917, 15.83194	9290	987007552890205171	live	הראדץ קרלובה (צ'כיה)	50.209166666667, 15.831944444444	6	0.0	Hradec Králové (Czech Republic) | Hradec Králové (Czechoslovakia) | Hradec Králové, Czechoslovakia | Königgrätz | Königgrätz (Czechoslovakia) | הראדץ קרלובה (צ'כיה) | هراديك كرالوفيه (جمهورية التشيك)				כימה כבר מצביעה על אותה רשומה
987007561090505171	dup-variants	same-id	איי סנקאקו	איי סנקאקו, Senkaku-shotō	live	איי סנקאקו	25.745, 123.485	3929	987007561090505171	live	איי סנקאקו	25.745, 123.485	14	0.0	Diaoyutai Islands | Pinnacle Islands | Senkaku Islands | Senkaku-gunto | Senkaku-retto | Senkaku-shotō | Tiao-yü-tʻai lieh yü | Tiaoyutai Islands | איי סנקאקו | جزر سينكاكو				כימה כבר מצביעה על אותה רשומה
987007567340505171	dup-variants	same-id	רייטיה	רייטיה, Rätien	live	רייטיה	47.36, 8.56	16993	987007567340505171	live	רייטיה	47.36, 8.56	8	0.0	Raetia | Raetia Romana | Raetien | Rezia | Rhaetia | Rätien | רייטיה | رايتيا				כימה כבר מצביעה על אותה רשומה
987007566722805171	dup-variants	kima-unresolved	נורקופינג (שוודיה)	נורקופינג (שוודיה), Norrköping	live	נורקופינג (שוודיה)	58.57933, 16.14932						0	0.0	Norrköping | Norrköping (Sweden) | נורקופינג (שוודיה) | نوركوبينج (السويد)	9219		heb: kima=נורקופינג (שבדיה) nli=נורקופינג (שוודיה)	לא אותר מקום בכימה עבור הכותרת
987007282537205171	dup-variants	same-id	יער בוהמי	יער בוהמי, Böhmerwald	live	יער בוהמי	49.0, 13.5	1870	987007282537205171	live	יער בוהמי	49, 13.5	4	0.0	Bohemian Forest | Böhmerwald | Český Les | יער בוהמי | الغابة البوهيمية				כימה כבר מצביעה על אותה רשומה
987007539477605171	dup-variants	same-id	נהר הדווינה המערבית	נהר הדווינה המערבית, Düna River	live	נהר הדווינה המערבית	56.85554, 32.54169	4655	987007539477605171	live	נהר הדווינה המערבית	56.855540805555556, 32.54168769444444	9	0.0	Daugava River | Dvina, Western, River | Düna River | Western Dvina River | Zapadnai͡a Dvina River | Zapadnaya Dvina River | נהר הדווינה המערבית | نهر دفينا الغربي				כימה כבר מצביעה על אותה רשומה
987007552990405171	dup-variants	same-id	ריינבונד	ריינבונד, Confédération du Rhin	live	ריינבונד	50.11667, 8.68333	13887	987007552990405171	live	ריינבונד	50.11666667, 8.68333333	8	0.0	Confederation of the Rhine | Confédération du Rhin | Rheinbund | Rheinische Conföderation | Rhine, Confederation of the, 1806-1813 | ריינבונד | راينبوند				כימה כבר מצביעה על אותה רשומה
987007559631905171	dup-variants	same-id	קוסג (הונגריה)	קוסג (הונגריה), Kőszeg	live	קוסג (הונגריה)	47.38167, 16.55194	9552	987007559631905171	live	קוסג (הונגריה)	47.381666666667, 16.551944444444	5	0.0	Güns (Austria) | Güns (Hungary) | Köszegszerdahely (Hungary) | Kőszeg | Kőszeg (Hungary) | גונס (הונגריה) | קוסג (הונגריה) | كوسيغ (المجر)				כימה כבר מצביעה על אותה רשומה
987007283132605171	dup-variants	same-id	מפרץ בנגל	מפרץ בנגל, Baṅgopasāgara	live	מפרץ בנגל	15.0, 88.0	1762	987007283132605171	live	מפרץ בנגל	15, 88	8	0.0	Bay of Bengal | Baṅgopasāgara | Bengal, Bay of | Bingala Aw | מפרץ בנגל | خليج البنغال				כימה כבר מצביעה על אותה רשומה
987007282300805171	dup-variants	same-id	הים הבלטי	הים הבלטי, Baltiĭskoe more	live	הים הבלטי	58.0, 20.0	1804	987007282300805171	live	הים הבלטי	58, 20	12	0.0	Baltic Sea | Baltiskoye more | Baltiyskoye more | Baltiĭskoe more | East Sea (Europe) | Mare Suevicum | Ostsee (Europe) | הים הבלטי | بحر البلطيق				כימה כבר מצביעה על אותה רשומה
987007554955605171	dup-variants	same-id	מלזיה	מלזיה, Malaĭzii︠a︡	live	מלזיה	2.5, 112.5	6274	987007554955605171	live	מלזיה	3.7805111, 102.31436166666667	10	1139.8	Federation of Malaysia | Ma-lai-hsi-ya | Malaisie | Malaysia | Malaĭzii︠a︡ | Persekutuan Tanah Malaysia | מלזיה | ماليزيا		Malaya		כימה כבר מצביעה על אותה רשומה
987007283261305171	dup-variants	same-id	הים השחור	הים השחור, Marea Neagră	live	הים השחור	44.0, 35.0	1856	987007283261305171	live	הים השחור	43.41, 34.26	14	88.6	Black Sea | Chernoe more | Chernoye more | Chorne more | Euxine Sea | Karadeniz | Marea Neagră | Pontus Euxinus | הים השחור | البحر الأسود				כימה כבר מצביעה על אותה רשומה
987007399687705171	dup-variants	same-id	נחלת יהודה (ראשון לציון, ישראל)	נחלת יהודה (ראשון לציון, ישראל), Nahalat Yehuda (Rishon Letsiyon, Israel)	live	נחלת יהודה (ראשון לציון, ישראל)	31.98589, 34.80624	83086	987007399687705171	live	נחלת יהודה (ראשון לציון, ישראל)	31.98278889, 34.80686944	1	0.3	Nahalat Yehuda (Israel) | Nahalat Yehuda (Rishon LeTsiyon, Israel) | Nahalat Yehuda (Rishon Letsiyon, Israel) | Naḥalat Yehudah (Rishon LeTsiyon, Israel) | Naḥalat Yehudah (Rishon Letsiyon, Israel) | Naḥlat Yehudah (Rishon Letsiyon, Israel) | נחלת יהודה (מועצה מקומית) (ישראל) | נחלת יהודה (מושב) (ישראל) | נחלת יהודה (ראשון לציון, ישראל) | نحلات يهودا (ريشون لتسيون، إسرائيل)				כימה כבר מצביעה על אותה רשומה
987007475697405171	dup-variants	same-id	כפר כנא (ישראל)	כפר כנא (ישראל), Kafar Kannā	live	כפר כנא (ישראל)	32.75303, 35.34658	20496	987007475697405171	live	כפר כנא (ישראל)	32.75, 35.35	11	0.5	Kafar Kanna (Israel) | Kafar Kannā | Kafar Kanā (Israel) | Kafar Qanah (Israel) | Kafr Kanna (Israel) | Kafr Kanā (Israel) | Kafr Qanah (Israel) | Kana, Galilee (Israel) | כפר כנא (ישראל) | כפר כנה (ישראל) | كفر كنا (إسرائيل)				כימה כבר מצביעה על אותה רשומה
987007555126105171	dup-variants	same-id	ארדביל (איראן)	ארדביל (איראן), Ardabīl	live	ארדביל (איראן)	38.26672, 48.34103	12302	987007555126105171	live	ארדביל (איראן)	38.25, 48.3	5	4.0	Ardabīl | Ardabīl (Iran) | Ardebīl (Iran) | ארדביל (איראן) | أردبيل (إيران)				כימה כבר מצביעה על אותה רשומה
987007533095205171	dup-variants	kima-unresolved	קרוז אלטה (ריו גרנדה דו סול, ברזיל)	קרוז אלטה (ריו גרנדה דו סול, ברזיל), Vila do Divino Espírito Santo da Cruz Alta	live	קרוז אלטה (ריו גרנדה דו סול, ברזיל)	-28.63861, -53.60639						0	0.0	Cruz Alta (Rio Grande do Sul, Brazil) | Vila do Divino Espírito Santo da Cruz Alta | קרוז אלטה (ריו גרנדה דו סול, ברזיל) | كروز ألتا (ريو غراندي دو سول، البرازيل)	17457		heb: kima=קרוז אלטה (ברזיל) nli=קרוז אלטה (ריו גרנדה דו סול, ברזיל)	לא אותר מקום בכימה עבור הכותרת
987007536282505171	dup-variants	same-id	ירדן, נהר	ירדן, נהר, ash-Sharīʻah	live	ירדן, נהר	33.18667, 35.61917	2680	987007536282505171	live	ירדן, נהר	33.186666666667, 35.619166666667	21	0.0	Aulon | Jordan River | Nahal Yarden | Nahr al-Urdunn | Yarden River | ash-Sharīʻah | ha-Yarden | ha-Yarden, Nehar | ירדן, נהר | נהר הירדן | نهر الأردن				כימה כבר מצביעה על אותה רשומה
987007540196105171	dup-variants	same-id	אולימפיאה (ברזיל)	אולימפיאה (ברזיל), Prefeitura Municipal de Olímpia	live	אולימפיאה (ברזיל)	-20.73722, -48.91472	18849	987007540196105171	live	אולימפיאה (ברזיל)	-20.736944444444, -48.915	3	0.0	Olímpia (Brazil) | Prefeitura Municipal de Olímpia | אולימפיאה (ברזיל) | أوليمبيا (البرازيل)				כימה כבר מצביעה על אותה רשומה
987007541874905171	dup-variants	same-id	נחל שורק (ישראל)	נחל שורק (ישראל), Wadi al-Ṣarār	live	נחל שורק (ישראל)	31.84528, 34.95984	3346	987007541874905171	live	נחל שורק (ישראל)	31.883388, 35.18765	13	21.9	Nahal Sorek | Nahal Sorek (Israel) | Nahal Soreq (Israel) | Naḥal Soreq | Naḥal Soreq (Israel) | Sorec River | Sorec River (Israel) | Sorek (Nahal) | Sorek River (Israel) | Soreq River | Soreq River (Israel) | Wadi Rubin | Wadi al-Ṣarār | נחל שורק (ישראל) | وادي سوريك (إسرائيل) | Ṣarār River | Ṣarār River (Israel)				כימה כבר מצביעה על אותה רשומה
987007553079405171	dup-variants	same-id	טיפררי (אירלנד : מחוז)	טיפררי (אירלנד : מחוז), Tiobraid Árann	live	טיפררי (אירלנד : מחוז)	52.66667, -7.83333	13943	987007553079405171	live	טיפררי (אירלנד : מחוז)		3		Tiobraid Árann | Tipperary (County) | Tipperary (Ireland : County) | Tipperary, Ire. (County) | טיפררי (אירלנד : מחוז) | تيبيراري (أيرلندا : مقاطعة)				כימה כבר מצביעה על אותה רשומה
987007540321405171	dup-variants	same-id	צובה (ישראל)	צובה (ישראל), Ḳibuts Palmaḥ-Tsovah	live	צובה (ישראל)	31.78289, 35.11947	429	987007540321405171	live	צובה (ישראל)	31.7843, 35.119597222222	18	0.2	Belmont Castle Site (Israel) | Palmah Zova (Israel) | Tsova (Israel) | Tsovah (Israel) | Tzova (Israel) | Tzuba (Israel) | Zova (Israel) | Zuba (Israel) | פלמ"ח צובה (ישראל) | צובה (ישראל) | קבוץ פלמ"ח צובה (ישראל) | קיבוץ צובה (ישראל) | تسوبا (إسرائيل) | Ḳibuts Palmaḥ-Tsovah				כימה כבר מצביעה על אותה רשומה
987007557678505171	dup-variants	same-id	מרכז אמריקה (רפובליקה פדרלית : 1823-1840)	מרכז אמריקה (רפובליקה פדרלית : 1823-1840), Confederación de Centro América	live	מרכז אמריקה (רפובליקה פדרלית : 1823-1840)	14.61667, -90.51667	13332	987007557678505171	live	מרכז אמריקה (רפובליקה פדרלית : 1823-1840)	14.61666667, -90.51666667	8	0.0	Central America (Confederación de Centro América, 1823-1840) | Central America (Federal Republic : 1823-1840) | Central American Federation | Confederación de Centro América | Confederación de la América Central | Federal Republic of Central America (1823-1840) | Provincias Unidas del Centro de América | República Federal de Centroamérica (1823-1840) | מרכז אמריקה (רפובליקה פדרלית : 1823-1840) | أمريكا الوسطى (الجمهورية الفيدرالية : 1823-1840)				כימה כבר מצביעה על אותה רשומה
987007564629605171	dup-variants	same-id	וירצבורג (נסיכות כנסייתית)	וירצבורג (נסיכות כנסייתית), Bistum Würzburg	live	וירצבורג (נסיכות כנסייתית)	49.79341, 9.93218	14212	987007564629605171	live	וירצבורג (נסיכות כנסייתית)	49.793409, 9.932175	4	0.0	Bistum Würzburg | Hochstift Würzburg | Würzburg (Ecclesiastical principality) | וירצבורג (נסיכות כנסייתית) | فورتسبورغ (الإمارة الكنسية)				כימה כבר מצביעה על אותה רשומה
987007557670205171	dup-variants	kima-unresolved	מאסינה (אימפריה)	מאסינה (אימפריה), Caliphate of Hamdullāhi	live	מאסינה (אימפריה)	45.47069, 10.32035						0	0.0	Caliphate of Hamdullāhi | Empire peul du Macina | Hamdullāhi Caliphate | Maasina | Macina | Macina (Empire) | Masina | Peul Empire of Macina | מאסינה (אימפריה) | ماسينا (إمبراطورية)	14959		heb: kima=מאסינה nli=מאסינה (אימפריה) | rom: kima=Macina nli=Macina (Empire)	לא אותר מקום בכימה עבור הכותרת
987007557242105171	dup-variants	same-id	אלמריה (ספרד)	אלמריה (ספרד), Almería	live	אלמריה (ספרד)	36.83806, -2.45972	8740	987007557242105171	live	אלמריה (ספרד)	36.84, -2.4675000000000002	6	0.7	Almería | Almería (Spain) | Marīyah (Spain) | אלמריאה (ספרד) | אלמריה (ספרד) | ألميريا (إسبانيا)				כימה כבר מצביעה על אותה רשומה
987007564584105171	dup-variants	same-id	קורדובה (ספרד)	קורדובה (ספרד), Córdoba	live	קורדובה (ספרד)	37.88333, -4.76667	10948	987007564584105171	live	קורדובה (ספרד)	37.883333333333, -4.7666666666667	9	0.0	Cordoue (Spain) | Cordova (Spain) | Corduba (Spain) | Córdoba | Córdoba (Spain) | Kordova (Spain) | Qurṭubah (Spain) | קורדובה (ספרד) | קורטובה (ספרד) | קרטבה (ספרד) | قرطبة (إسبانيا)				כימה כבר מצביעה על אותה רשומה
987007557481905171	dup-variants	same-id	מונסטשווארזאך (שווארזאך אם מיין, גרמניה)	מונסטשווארזאך (שווארזאך אם מיין, גרמניה), Münsterschwarzach	live	מונסטשווארזאך (שווארזאך אם מיין, גרמניה)	49.8, 10.25	11685	987007557481905171	live	מונסטשווארזאך (שווארזאך אם מיין, גרמניה)	49.80513, 10.23219	3	1.4	Münsterschwarzach | Münsterschwarzach (Schwarzach am Main, Germany) | מונסטשווארזאך (שווארזאך אם מיין, גרמניה) | مونسترشفارتساخ (شفارزاخ أم ماين، ألمانيا)				כימה כבר מצביעה על אותה רשומה
987007560843605171	dup-variants	same-id	אוקראינה, מערב	אוקראינה, מערב, Zakhidna Ukraïna	live	אוקראינה, מערב	49.91, 27.13	2324	987007560843605171	live	אוקראינה, מערב	50, 26	6	81.5	Ukraine, Western | Western Ukraine | Zakhidna Ukraïna | אוקראינה, מערב | أوكرانيا، الغربية				כימה כבר מצביעה על אותה רשומה
987007557401105171	dup-variants	same-id	לטרון (ישראל)	לטרון (ישראל), Laṭrūn	live	לטרון (ישראל)	33.19538, 35.41241	13834	987007557401105171	live	לטרון (ישראל)	31.835555555556, 34.980277777778	8	156.5	Domus Boni Latronis | El Atrun | Latroun | Latrun (Israel) | Laṭrūn | Toron des chevaliers | לטרון (ישראל) | اللطرون (إسرائيل)				כימה כבר מצביעה על אותה רשומה
987007557442305171	dup-variants	same-id	פדרבורן (נסיכות כנסייתית)	פדרבורן (נסיכות כנסייתית), Fürstbistum Paderborn	live	פדרבורן (נסיכות כנסייתית)	51.7187, 8.75628	12865	987007557442305171	live	פדרבורן (נסיכות כנסייתית)	51.7187, 8.75628	5	0.0	Fürstbistum Paderborn | Hochstift Paderborn | Paderborn (Ecclesiastical principality) | Paderborn (Hochstift) | פדרבורן (נסיכות כנסייתית) | بادربورن (الإمارة الكنسية)				כימה כבר מצביעה על אותה רשומה
987007559778105171	dup-variants	same-id	גרמניה (מערבית)	גרמניה (מערבית), Ḥukūmat Almānyā al-Ittiḥādīyah	live	גרמניה (מערבית)	50.73389, 7.09972	9524	987007559778105171	live	גרמניה (מערבית)	50.733888888889, 7.0997222222222	61	0.0	Alemania Federal | B.R.D. | BRD | Batı Almanya | Bondsrepubliek Duitsland | Bundesrepublik Deutschland | F.R.G. | FRG | Federal Almanya | Federal Republic of Germany Germany (West) | Federativnai︠a︡ Respublika Germanii | G.F.R. | GFR | German Federal Republic | Germanskai︠a︡ Federalʹnai︠a︡ Respublika | Germany (Federal Republic) | Germany (Federal Republic, 1949- ) | Germany (West) | Hsi-te cheng fu | N.R.F. | N.S.R. | N.Sz.K. | NRF | NSR | NSzK | Niemiecka Republika Federalna | Német Szövetségi Köztársaság | Nĕmecká spolková republika | R.F.A. | R.F.N. | RFA | RFN | Repubblica federale di Germania | Repubblica federale tedesca | Republik Federasi Jerman | Republika Federalna Niemiec | Republiḳah ha-federalit ha-Germanit | República Federal de Alemania | République fédérale allemande | République fédérale d'Allemagne | Te-i-chih lien pang kung ho kuo | Tyske forbundsrepublik | West Germany (1949-1990) | Western Germany | גרמניה (מערבית) | ألمانيا (الغربية) | Ḥukūmat Almānyā al-Ittiḥādīyah				כימה כבר מצביעה על אותה רשומה
987007564229605171	dup-variants	same-id	לינהבורג (גרמניה)	לינהבורג (גרמניה), Lüneburg	live	לינהבורג (גרמניה)	53.2525, 10.41444	7993	987007564229605171	live	לינהבורג (גרמניה)	53.2525, 10.414444444444	5	0.0	Lueneburg (Germany) | Lüneburg | Lüneburg (Germany) | לינהבורג (גרמניה) | لونبورغ (ألمانيا)				כימה כבר מצביעה על אותה רשומה
987007560967705171	dup-variants	kima-unresolved	קונוס הדרומי של אמריקה הדרומית	קונוס הדרומי של אמריקה הדרומית, Cono Sur de América	live	קונוס הדרומי של אמריקה הדרומית	-39.1, -67.9						0	0.0	Cone Sul (South America) | Cono Sur (South America) | Cono Sur de América | South America, Southern | South America, Southern Cone of | South American Southern Cone | Southern Cone (South America) | Southern Cone of South America | Southern South America | קונוס הדרומי של אמריקה הדרומית | المخروط الجنوبي لأمريكا الجنوبية	2436		heb: kima=קונוס הדרומי של דרום אמריקה nli=קונוס הדרומי של אמריקה הדרומית	לא אותר מקום בכימה עבור הכותרת
987007284971705171	dup-variants	same-id	אמריקה המרכזית	אמריקה המרכזית, Mercado Común Centroamericano countries	live	אמריקה המרכזית	12.0, -86.0	1146	987007284971705171	live	אמריקה המרכזית	12, -86	5	0.0	Central America | Mercado Común Centroamericano countries | אמריקה המרכזית | أمريكا الوسطى				כימה כבר מצביעה על אותה רשומה
987007295765705171	dup-variants	same-id	אסיה התיכונה	אסיה התיכונה, Tūrān	live	אסיה התיכונה	45.3, 63.9	1968	987007295765705171	live	אסיה התיכונה	45.3, 63.9	9	0.0	Asia, Central | Central Asia | Soviet Central Asia | Turkestan | Tūrān | West Turkestan | אסיה התיכונה | وسط آسيا				כימה כבר מצביעה על אותה רשומה
987007294753205171	dup-variants	same-id	נהר האמזונס	נהר האמזונס, Río de las Amazonas	live	נהר האמזונס	-15.51778, -71.69361	1935	987007294753205171	live	נהר האמזונס	-4.44836, -73.4559	6	1245.9	Amazon River | Amazonas River | Orellana River | Rio Amazonas | Río de las Amazonas | נהר האמזונס | نهر الأمازون				כימה כבר מצביעה על אותה רשומה
987007551685005171	dup-variants	same-id	נחל אלכסנדר (ישראל)	נחל אלכסנדר (ישראל), Ḥaṿarit River	live	נחל אלכסנדר (ישראל)	32.23743, 34.98944	4432	987007551685005171	live	נחל אלכסנדר (ישראל)	32.396197, 34.865706	13	21.1	Aleksander River | Aleksander River (Israel) | Alexander (Nahal) | Alexander River | Alexander River (Israel) | Nahr Iskandaruna | Naḥal Aleksander | Naḥal Alexander | Wadi Hawarith (Israel) | Wadi Ḥawārith | נחל אלכסנדר (ישראל) | وادي ألكسندر (إسرائيل) | Ḥawārith River | Ḥaṿarit River | Ṿadi Ḥaṿarit				כימה כבר מצביעה על אותה רשומה
987007531151405171	dup-variants	same-id	שריד (ישראל)	שריד (ישראל), Ḳibuts Śarid	live	שריד (ישראל)	32.66341, 35.22633	266	987007531151405171	live	שריד (ישראל)	32.6631, 35.2257	5	0.1	Kibbuz Sarid | Sarid (Israel) | Sarid, Israel | קיבוץ שריד (ישראל) | שריד (ישראל) | سريد (إسرائيل) | Ḳibuts Śarid				כימה כבר מצביעה על אותה רשומה
987007550544905171	dup-variants	same-id	אוברן (צרפת)	אוברן (צרפת), Circonscription d'action régionale Auvergne	live	אוברן (צרפת)	45.7, 3.3	9498	987007550544905171	live	אוברן (צרפת)	45.7, 3.3	6	0.0	Auvergne (France) | Auvernha (France) | Circonscription d'action régionale Auvergne | אוברן (צרפת) | أوفيرني (فرنسا)				כימה כבר מצביעה על אותה רשומה
987007533656505171	dup-variants	same-id	רמת הגולן (ישראל)	רמת הגולן (ישראל), Djaulân Region	live	רמת הגולן (ישראל)	33.00888, 35.75417	458	987007533656505171	live	רמת הגולן (ישראל)	33, 35.75	20	1.1	Djaulân Region | Djolan Region | Golan | Golan (Israel) | Golan Heights | Golan Heights (Israel) | Golan Plateau | Jaulān Region | Jawlān Region | Julan Region | Murtafaʻāt al Jawlān | Ramat Ha-Golan | Ramat Ha-Golan (Israel) | רמת הגולן (ישראל) | هضبة الجولان (إسرائيل)				כימה כבר מצביעה על אותה רשומה
987007550295305171	dup-variants	same-id	ווירטמברג-הוהנצולרן (גרמניה)	ווירטמברג-הוהנצולרן (גרמניה), Württemberg-Hohenzollern	live	ווירטמברג-הוהנצולרן (גרמניה)	48.51667, 9.05	9418	987007550295305171	live	ווירטמברג-הוהנצולרן (גרמניה)	48.51666667, 9.05	4	0.0	Württemberg-Hohenzollern | Württemberg-Hohenzollern (Germany) | ווירטמברג-הוהנצולרן (גרמניה) | فورتمبيرغ هوهنزولرن (ألمانيا)				כימה כבר מצביעה על אותה רשומה
987007547820605171	dup-variants	same-id	אוסנברוק (גרמניה)	אוסנברוק (גרמניה), Osnabrück	live	אוסנברוק (גרמניה)	52.26667, 8.05	746	987007547820605171	live	אוסנברוק (גרמניה)	52.278888888, 8.043055555	12	1.4	Osnabrik (Germany) | Osnabrueck (Germany) | Osnabrück | Osnabrück (Germany) | Osnaburg (Germany) | אוזין ברויק (גרמניה) | אוזנהבריק (גרמניה) | אוסנברוק (גרמניה) | אוסנבריק (גרמניה) | אסנאברוק (גרמניה) | أوسنابروك (ألمانيا)				כימה כבר מצביעה על אותה רשומה
987007531842205171	dup-variants	same-id	נחל ירקון (ישראל)	נחל ירקון (ישראל), Yarḳon River	live	נחל ירקון (ישראל)	32.11143, 34.84892	3736	987007531842205171	live	נחל ירקון (ישראל)	32.09722222222222, 34.791666666666664	17	5.6	Audja River (Israel) | Jarkon River (Israel) | Nahal HaYarkon | Nahal Yarkon | Nahr Auja | Yarkon | Yarkon River (Israel) | Yarqon River (Israel) | Yarḳon River | ʻAuja River (Israel) | ʻAwjah River (Israel) | ירקון (ישראל) | ירקון, נחל (ישראל) | נהר הירקון (ישראל) | נחל הירקון (ישראל) | נחל ירקון (ישראל) | وادي اليركون (إسرائيل)				כימה כבר מצביעה על אותה רשומה
987007552698605171	dup-variants	kima-unresolved	וונגן אים אלגוו (גרמניה)	וונגן אים אלגוו (גרמניה), Wangen im Allgäu	live	וונגן אים אלגוו (גרמניה)	47.68835, 9.81281						0	1.6	Wangen (Germany) | Wangen im Allgäu | Wangen im Allgäu (Germany) | וואנגען (גרמניה) | וונגן אים אלגוו (גרמניה) | ונגין (גרמניה) | وانجن إم ألجاو (ألمانيا)	12489		heb: kima=וונגן אם אלגוו (גרמניה) nli=וונגן אים אלגוו (גרמניה)	לא אותר מקום בכימה עבור הכותרת
987007559700305171	dup-variants	same-id	מורסיה (ספרד : אזור)	מורסיה (ספרד : אזור), Comunidad Autónoma de la Región de Murcia	live	מורסיה (ספרד : אזור)	38.0, -1.83333	12238	987007559700305171	live	מורסיה (ספרד : אזור)	38, -1.8333333333333	7	0.0	Comunidad Autónoma de Murcia | Comunidad Autónoma de la Región de Murcia | Murcia (Spain : Region) | Región de Murcia (Spain) | מורסיה (ספרד : אזור) | مورسيا (إسبانيا : المنطقة)				כימה כבר מצביעה על אותה רשומה
987007564626905171	dup-variants	same-id	מונסטר (נסיכות כנסייתית)	מונסטר (נסיכות כנסייתית), Niederstift Münster	live	מונסטר (נסיכות כנסייתית)	51.96303, 7.62563	14233	987007564626905171	live	מונסטר (נסיכות כנסייתית)	51.963032, 7.625628	8	0.0	Fürstbistum Münster | Fürstentum Münster | Hochstift Münster | Münster (Ecclesiastical principality) | Münster (Niederstift) | Niederstift Münster | מונסטר (נסיכות כנסייתית) | مونستر (الإمارة الكنسية)				כימה כבר מצביעה על אותה רשומה
987007564399605171	dup-variants	same-id	ויטוריה דה סנטו אנטאו (ברזיל)	ויטוריה דה סנטו אנטאו (ברזיל), Vitória de Santo Antão	live	ויטוריה דה סנטו אנטאו (ברזיל)	-8.12639, -35.3075	13711	987007564399605171	live	ויטוריה דה סנטו אנטאו (ברזיל)	-8.1263888888889, -35.3075	6	0.0	Santo Antão (Brazil) | Victória (Pernambuco, Brazil) | Vitória (Pernambuco, Brazil) | Vitória de Santo Antão | Vitória de Santo Antão (Brazil) | ויטוריה דה סנטו אנטאו (ברזיל) | فيتوريا دي سانتو أنتاو (البرازيل)				כימה כבר מצביעה על אותה רשומה
987007557503405171	dup-variants	same-id	מאון (ספרד)	מאון (ספרד), Mahón	live	מאון (ספרד)	39.88761, 4.26305	13344	987007557503405171	live	מאון (ספרד)	39.889444444444, 4.2641666666667	5	0.2	Mahón | Mahón (Spain) | Maó (Spain) | מאהון (ספרד) | מאון (ספרד) | ماهون (إسبانيا)				כימה כבר מצביעה על אותה רשומה
987007564431305171	dup-variants	same-id	אלנסון (צרפת)	אלנסון (צרפת), Alençon	live	אלנסון (צרפת)	48.42972, 0.09194	12125	987007564431305171	live	אלנסון (צרפת)	48.429722222222, 0.091944444444444	3	0.0	Alençon | Alençon (France) | אלנסון (צרפת) | ألنسون (فرنسا)				כימה כבר מצביעה על אותה רשומה
987007566691505171	dup-variants	same-id	אבו דאבי (איחוד האמירויות הערביות : אמירות)	אבו דאבי (איחוד האמירויות הערביות : אמירות), Abū Ẓaby	live	אבו דאבי (איחוד האמירויות הערביות : אמירות)	23.66667, 54.0	11770	987007566691505171	live	אבו דאבי (איחוד האמירויות הערביות : אמירות)	23.666666666666668, 54	11	0.0	Abu Dhabi (United Arab Emirates : Emirate) | Abu Zabi (United Arab Emirates : Emirate) | Abū Ẓaby | Abū Ẓaby (United Arab Emirates : Emirate) | Emirate of Abu Dhabi (United Arab Emirates) | Imārat Abū Ẓaby (United Arab Emirates) | אבו דאבי (איחוד האמירויות הערביות : אמירות) | أبو ظبي (الإمارات العربية المتحدة : الإمارة)			rom: kima=Abu Zaby (United Arab Emirates : Emirate) nli=Abū Ẓaby (United Arab Emirates : Emirate)	כימה כבר מצביעה על אותה רשומה
987007566864805171	dup-variants	same-id	איטליה (הרפובליקה הפשיסטית : 1943-1945)	איטליה (הרפובליקה הפשיסטית : 1943-1945), Repubblica di Salò	live	איטליה (הרפובליקה הפשיסטית : 1943-1945)	45.5983, 10.5356	9839	987007566864805171	live	איטליה (הרפובליקה הפשיסטית : 1943-1945)	45.60711409327114, 10.52827884804198	11	1.1	Italy (Fascist Republic : 1943-1945) | Italy (Fascist Republic, 1943-1945) | R.S.I. | RSI | Repubblica di Salò | Repubblica sociale italiana | איטליה (הרפובליקה הפשיסטית : 1943-1945) | إيطاليا (الجمهورية الفاشية : 1943-1945)				כימה כבר מצביעה על אותה רשומה
987007562180405171	dup-variants	same-id	בוקבורג (גרמניה)	בוקבורג (גרמניה), Bückeburg	live	בוקבורג (גרמניה)	52.26065, 9.04939	10900	987007562180405171	live	בוקבורג (גרמניה)	52.260833333333, 9.0491666666667	4	0.0	Bückeburg | Bückeburg (Germany) | בוקבורג (גרמניה) | بوكبيرغ (ألمانيا)				כימה כבר מצביעה על אותה רשומה
987007564325205171	dup-variants	same-id	רייקיאוויק (איסלנד)	רייקיאוויק (איסלנד), Reykjavík	live	רייקיאוויק (איסלנד)	64.1475, -21.935	8818	987007564325205171	live	רייקיאוויק (איסלנד)	64.1475, -21.935	8	0.0	Reikiavik (Iceland) | Reikjavik (Iceland) | Reykjavík | Reykjavík (Iceland) | רייקיאוויק (איסלנד) | ריקיאויק (איסלנד) | ريكيافيك (أيسلندا)				כימה כבר מצביעה על אותה רשומה
987007567857705171	dup-variants	same-id	אי הפסחא	אי הפסחא, Ile de Pâques	live	אי הפסחא	-66.41667, 98.76667	1093	987007567857705171	live	אי הפסחא	-27.119444444444, -109.35472222222	13	9345.6	David Island | Easter Island | Ile de Pâques | Isla de David | Isla de Pascua | Isla de San Carlos | Pascua Island | Pâques Island | Rapa Nui | Rapanui | אי הפסחא | جزيرة إيستر				כימה כבר מצביעה על אותה רשומה
987007557336805171	dup-variants	same-id	גוסטרוב (גרמניה)	גוסטרוב (גרמניה), Güstrow	live	גוסטרוב (גרמניה)	53.79389, 12.17639	9727	987007557336805171	live	גוסטרוב (גרמניה)	53.793888888889, 12.176388888889	5	0.0	Güstrow | Güstrow (Germany) | גוסטרוב (גרמניה) | غوسترو (ألمانيا)				כימה כבר מצביעה על אותה רשומה
987007469750605171	dup-places-diff	both-live	טרבזון (טורקיה)	טרבזון (טורקיה)	live	טרבזון (טורקיה)	41.19144, 40.98575	15404	987007562581305171	live	טרבזון (טורקיה)	41.005, 39.7225	16	107.9	טרבזון (טורקיה)			rom: kima=Trabzon (Turkey) nli=Ardeşen (Turkey)	שתי הרשומות קיימות ב־NLI — כפילות אמיתית
987007473743205171	dup-places-diff	both-live	אלבאיסין (גרנדה, ספרד)	אלבאיסין (גרנדה, ספרד)	live	אלבאיסין (גרנדה, ספרד)	37.1817, -3.5983	19549	987007542743705171	live	אלבאיסין (גרנדה, ספרד)	37.1817, -3.5983	5	0.0	אלבאיסין (גרנדה, ספרד)			rom: kima=Albaicín (Granada, Spain) nli=El Albaicín (Granada, Spain)	שתי הרשומות קיימות ב־NLI — כפילות אמיתית
987007471773005171	dup-places-diff	both-live	מושבה היוונית (ירושלים, ישראל)	מושבה היוונית (ירושלים, ישראל)	live	מושבה היוונית (ירושלים, ישראל)	31.76218, 35.216		987007477335005171	live	מושבה היוונית (ירושלים, ישראל)		0		מושבה היוונית (ירושלים, ישראל)				שתי הרשומות קיימות ב־NLI — כפילות אמיתית
987011060395805171	dup-places-diff	both-live	הוכשטטן (גרמניה)	הוכשטטן (גרמניה)	live	הוכשטטן (גרמניה)	49.76583, 7.8325	20088	987007467698905171	live	הוכשטטן (גרמניה)		2		הוכשטטן (גרמניה)			rom: kima=Hochstetten (Germany) nli=Hochstätten (Germany)	שתי הרשומות קיימות ב־NLI — כפילות אמיתית
987013405241405171	dup-places	kima-unresolved	פלאנס (ספרד)	פלאנס (ספרד)	live	פלאנס (ספרד)	38.78333, -0.33333						0						לא אותר מקום בכימה עבור הכותרת
987007533335605171	dup-places	kima-unresolved	מחוז חרקיב (אוקראינה)	מחוז חרקיב (אוקראינה)	live	מחוז חרקיב (אוקראינה)	49.9925, 36.23111						0				Kharkivsʹka okruha (Ukraine)		לא אותר מקום בכימה עבור הכותרת
987007496612405171	dup-variants	same-id	תימן (רפובליקה ערבית)	תימן (רפובליקה ערבית), République arabe yéménite	live	תימן (רפובליקה ערבית)	15.26667, 42.58333	21685	987007496612405171	live	תימן (רפובליקה ערבית)		17		Arab Republic of Yemen | Arab Yemeni Republic | Arabische Republik Jemen | Jumhūrīyah al-ʻArabīyah al-Yamanīyah | Noord-Jemen (Republic) | Republiḳah ha-ʻArvit ha-Temanit | République arabe du Yémen | République arabe yéménite | Temān | Y.A.R. | YAR | Yemen (Arab Republic) | Yemen Arab Republic | תימן (רפובליקה ערבית) | اليمن (الجمهورية العربية)		Yemen (Ṣanʻāʾ)		כימה כבר מצביעה על אותה רשומה
987007550344705171	dup-variants	same-id	אובודה (הונגריה)	אובודה (הונגריה), Óbuda	live	אובודה (הונגריה)	47.55, 19.03333	7208	987007550344705171	live	אובודה (הונגריה)	47.55, 19.033333	8	0.0	Alt-Ofen (Hungary) | Óbuda | Óbuda (Hungary) | אובודה (הונגריה) | أوبودا (المجر)				כימה כבר מצביעה על אותה רשומה
987007531763005171	dup-variants	same-id	נהר סנגל	נהר סנגל, Sénégal Fleuve	live	נהר סנגל	15.81056, -16.53	2086	987007531763005171	live	נהר סנגל	13.8144, -10.8302	10	651.6	Fleuve Sénégal (River) | Senegal River | Sénégal Fleuve | נהר סנגל | نهر السنغال				כימה כבר מצביעה על אותה רשומה
987007538140305171	dup-variants	kima-unresolved	ברטעה (ישראל ויהודה ושומרון)	ברטעה (ישראל ויהודה ושומרון), Barṭaʻa	live	ברטעה (ישראל ויהודה ושומרון)	32.46667, 35.08333						0		Barṭaʻa | Barṭaʻa (Israel and West Bank) | Barṭaʻah | ברטעה (ישראל ויהודה ושומרון) | برطعة (إسرائيل والضفة الغربية)	18104		heb: kima=ברטעה nli=ברטעה (ישראל ויהודה ושומרון) | rom: kima=Barṭaʻa nli=Barṭaʻa (Israel and West Bank)	לא אותר מקום בכימה עבור הכותרת
987007530896305171	dup-variants	same-id	טחין (מקסיקו)	טחין (מקסיקו), Congregación El tajín	live	טחין (מקסיקו)	20.45, -97.38333	17471	987007530896305171	live	טחין (מקסיקו)	20.448058333333, -97.378241666667	7	0.6	Congregación El tajín | Tajín (Mexico) | טחין (מקסיקו) | تاجين (المكسيك)				כימה כבר מצביעה על אותה רשומה
987007562028305171	dup-places-diff	both-live	מחוז מינסק (בלארוס)	מחוז מינסק (בלארוס)	live	מחוז מינסק (בלארוס)	54.0, 28.0	90598	987007531128305171	live	מחוז מינסק (בלארוס)	53.9, 27.56666667	0	30.5	Minsk (Belarus : Voblastsʹ) | Minsk (Province) | Minsk Province (Belarus) | Minsk oblastʹ (Belarus) | Minskai︠a︡ oblastʹ (Belarus) | Minskai︠a︡ oblastʹ (Byelorussian S.S.R.) | Minskai︠a︡ voblastsʹ (Belarus) | Minskaya oblast (Belarus) | Minskaya voblastsʹ (Belarus) | מחוז מינסק (בלארוס) | مينسكاي فوبلاستس (بيلاروس)	90677		rom: kima=Minski rai︠o︡n (Belarus) nli=Minskai︠a︡ voblastsʹ (Belarus) | heb: kima=מינסק (בלארוס:אובלסט) nli=מחוז מינסק (בלארוס)	שתי הרשומות קיימות ב־NLI — כפילות אמיתית
987007562429505171	dup-variants	same-id	לוחביצה (אוקראינה)	לוחביצה (אוקראינה), Lokhvitsa (Ukraine)	live	לוחביצה (אוקראינה)	50.36667, 33.26667	1657	987007562429505171	live	לוחביצה (אוקראינה)	50.36104609592, 33.26517113091	7	0.6	Lokhvitsa (Ukraine) | Lokhvit︠s︡a (Ukraine) | Lokhvyt︠s︡i︠a︡ (Ukraine) | לאחוויץ (אוקראינה) | לוחביצה (אוקראינה) | לחוביץ (אוקראינה) | لوخفيت︠س︠ي︠ي︠ي︠ي︠ي︠ي (أوكرانيا)				כימה כבר מצביעה על אותה רשומה
987007564837905171	dup-places-diff	both-live	פיוטרקוב (פולין : מחוז)	פיוטרקוב (פולין : מחוז)	live	פיוטרקוב (פולין : מחוז)	51.4, 19.68333	27136	987007397508205171	live	פיוטרקוב (פולין : מחוז)	51.4, 19.683333333333	3	0.0	Piotrków Trybunalski (Poland : Voivodeship) | Województwo Piotrkowskie (Poland) | פיוטרקוב (פולין : מחוז) | بيوتركوف تريبونالسكي (بولندا : مقاطعة بولندا)	90645		rom: kima=Piotrków Trybunalski (Poland : Powiat) nli=Piotrków Trybunalski (Poland : Voivodeship) | heb: kima=פיוטרקוב (פולין : פרובינציה) nli=פיוטרקוב (פולין : מחוז)	שתי הרשומות קיימות ב־NLI — כפילות אמיתית
987007566958705171	dup-variants	same-id	מחוז טרסקאיה	מחוז טרסקאיה, Terskaya Oblastʹ	live	מחוז טרסקאיה	43.5, 44.0	12095	987007566958705171	live	מחוז טרסקאיה		4		Terek Province (Russia) | Terskai︠a︡ oblastʹ (Russia) | Terskaya Oblastʹ | Terskaya oblastʹ (Russia) | Терская область (Россия) | מחוז טרסקאיה | إقليم تيرسكاي (روسيا)				כימה כבר מצביעה על אותה רשומה
987007529686505171	dup-variants	same-id	איי ספרטלי	איי ספרטלי, Quan Dao Trò̕n̕g Sa	live	איי ספרטלי	10.0, 114.0	2482	987007529686505171	live	איי ספרטלי	10, 114	16	0.0	Dangerous Ground (Spratly Islands) | Dao Truong Sa | Kalayaan Islands | Nan-Sha Chu̕n-Tao | Nansha Islands | Nansha Qundao | Quan Dao Trò̕n̕g Sa | Shinnan Islands | Spratly Islands | Spratlys | Truong Sa | Trò̕n̕g Sa, Quan Dao | איי ספרטלי | جزر سبراتلي				כימה כבר מצביעה על אותה רשומה
987007550352805171	dup-variants	kima-unresolved	סוז דיקו (סין)	סוז דיקו (סין), Su-chou ti chʻü hsing cheng kung shu	live	סוז דיקו (סין)	31.3, 120.61667						0		Su-chou ti chʻü (China) | Su-chou ti chʻü hsing cheng kung shu | Su-chou ti chʻü, China | Suzhou Diqu (China) | Suzhou Diqu xing zheng gong shu | סוז דיקו (סין) | سوتشو ديك (الصين)	6415	Suzhou Zhuanqu (China)	heb: kima=סוז דיצ׳ו (סין) nli=סוז דיקו (סין)	לא אותר מקום בכימה עבור הכותרת
987007538421705171	dup-variants	same-id	גרייט אמפולד	גרייט אמפולד, Nagy Alföld	live	גרייט אמפולד	47.0, 20.0	1376	987007538421705171	live	גרייט אמפולד	47, 20	6	0.0	Alföld, Great | Great Alföld | Great Hungarian Plain | Hungarian Plain | Nagy Alföld | Nagy Magyar Alföld | גרייט אמפולד | ألفولد العظيم				כימה כבר מצביעה על אותה רשומה
987007553818105171	dup-variants	same-id	חפר (עיר קדומה)	חפר (עיר קדומה), Muḥaffar Site	live	חפר (עיר קדומה)	32.45, 35.21667	4244	987007553818105171	live	חפר (עיר קדומה)		4		Hepher (Extinct city) | Muḥaffar Site | חפר (עיר קדומה) | هيفر (مدينة قديمة) | Ḥefer (Extinct city)				כימה כבר מצביעה על אותה רשומה
987007553818205171	dup-variants	same-id	ארובות (עיר קדומה)	ארובות (עיר קדומה), Ḥamām Site	live	ארובות (עיר קדומה)	31.55, 34.95	4243	987007553818205171	live	ארובות (עיר קדומה)		5		Arubboth (Extinct city) | Arubot (Extinct city) | Aruboth (Extinct city) | ארובות (עיר קדומה) | أروبوث (مدينة قديمة) | Ḥamām Site				כימה כבר מצביעה על אותה רשומה
987007548026605171	dup-variants	same-id	מחוז פרניסקי (בולגריה)	מחוז פרניסקי (בולגריה), Pernishki okrŭg	live	מחוז פרניסקי (בולגריה)	42.58333, 22.83333	9020	987007548026605171	live	מחוז פרניסקי (בולגריה)		3		Pernik (Bulgaria : Okrŭg) | Pernishki okrŭg | Pernishki okrŭg (Bulgaria) | מחוז פרניסקי (בולגריה) | بيرنيشكي أوكروغ (بلغاريا)		Dimitrovski okrŭg (Bulgaria)		כימה כבר מצביעה על אותה רשומה
987007550841605171	dup-variants	same-id	תעלת מוזמביק	תעלת מוזמביק, Canal de Moçambique	live	תעלת מוזמביק	-20.0, 43.0	2969	987007550841605171	live	תעלת מוזמביק		5		Canal de Mozambique | Canal de Moçambique | Mozambique Channel | Moçambique Channel | תעלת מוזמביק | قناة موزمبيق				כימה כבר מצביעה על אותה רשומה
987007552763605171	dup-variants	same-id	ווילנב-לס-אביניון (צרפת)	ווילנב-לס-אביניון (צרפת), Villeneuve-lès-Avignon	live	ווילנב-לס-אביניון (צרפת)	43.96667, 4.8	10453	987007552763605171	live	ווילנב-לס-אביניון (צרפת)	43.966388888, 4.795833333	6	0.3	Villeneuve-lez-Avignon (France) | Villeneuve-lès-Avignon | Villeneuve-lès-Avignon (France) | ווילנב-לס-אביניון (צרפת) | فيلنوف ليه أفينيون (فرنسا)				כימה כבר מצביעה על אותה רשומה
987007535451305171	dup-places-diff	both-live	אאכן (גרמניה : מחוז)	אאכן (גרמניה : מחוז)	live	אאכן (גרמניה : מחוז)	50.83333, 6.33333	90704	987007564570905171	live	אאכן (גרמניה : מחוז)	50.75, 6.25	0	11.0	Aachen (Germany : Regierungsbezirk) | אאכן (גרמניה : מחוז) | آخن (ألمانيا : ريجيرونس بيزيرك)	90676		rom: kima=Aachen (Germany : Landkreis) nli=Aachen (Germany : Regierungsbezirk) | heb: kima=אאכן (גרמניה : מחוז שלטוני) nli=אאכן (גרמניה : מחוז)	שתי הרשומות קיימות ב־NLI — כפילות אמיתית
987007552845305171	dup-places-diff	both-live	קושאלין (פולין : מחוז)	קושאלין (פולין : מחוז)	live	קושאלין (פולין : מחוז)	54.0, 16.0	90685	987007535822505171	live	קושאלין (פולין : מחוז)	54.183333333333, 16.183333333333	0	23.6	Koszalin (Poland : Voivodeship) | Koszalin, Poland (Voivodeship) | Województwo Koszalińskie (Poland) | קושאלין (פולין : מחוז) | كوسزالين (بولندا : مقاطعة بولندا)	90687		rom: kima=Koszalin (Poland : Powiat) nli=Koszalin (Poland : Voivodeship) | heb: kima=קושאלין (פולין : פרובינציה) nli=קושאלין (פולין : מחוז)	שתי הרשומות קיימות ב־NLI — כפילות אמיתית
987007557595805171	dup-places-diff	both-live	ויימאר (גרמניה : מחוז)	ויימאר (גרמניה : מחוז)	live	ויימאר (גרמניה : מחוז)	50.91667, 11.25	15997	987007557599505171	live	ויימאר (גרמניה : מחוז)		2		Weimar (Germany : Landkreis) | Weimarer Land (Germany : Landkreis) | ויימאר (גרמניה : מחוז) | فايمار (ألمانيا : لاندكرايس)	83100		rom: kima=Weimar (Germany : Stadtkreis) nli=Weimar (Germany : Landkreis) | heb: kima=וימאר (גרמניה : מחוז) nli=ויימאר (גרמניה : מחוז)	שתי הרשומות קיימות ב־NLI — כפילות אמיתית
987007560553605171	dup-variants	same-id	היספניולה	היספניולה, Española	live	היספניולה	-62.66361, -60.38139	1311	987007560553605171	live	היספניולה	19, -71	11	9128.4	Española | Haiti (Island) | Hispaniola | La Española | Santo Domingo Island | היספניולה | هيسبانيولا				כימה כבר מצביעה על אותה רשומה
987007494092005171	dup-places-diff	both-live	אנינגן (גרמניה)	אנינגן (גרמניה)	live	אנינגן (גרמניה)	48.66667, 8.93333	69527	987007557723505171	live	אנינגן (גרמניה)	48.483055555556, 9.2522222222222	1	31.1	אנינגן (גרמניה)			rom: kima=Eningen unter Achalm (Germany) nli=Ehningen (Germany)	שתי הרשומות קיימות ב־NLI — כפילות אמיתית
987007545176905171	dup-places-diff	both-live	צ'רנייב (אוקראינה)	צ'רנייב (אוקראינה)	live	צ'רנייב (אוקראינה)	48.85, 24.71667	9159	987007566754005171	live	צ'רנייב (אוקראינה)	51.50551, 31.28487	9	552.8	צ'רנייב (אוקראינה)			rom: kima=Chernihiv (Ukraine) nli=Cherniïv (Ukraine)	שתי הרשומות קיימות ב־NLI — כפילות אמיתית
987007566933405171	dup-places-diff	both-live	קוטבוס (גרמניה : מחוז)	קוטבוס (גרמניה : מחוז)	live	קוטבוס (גרמניה : מחוז)	51.75, 14.3	15712	987007559894905171	live	קוטבוס (גרמניה : מחוז)		2		קוטבוס (גרמניה : מחוז)			rom: kima=Cottbus (Germany : Bezirk) nli=Cottbus (Germany : Landkreis)	שתי הרשומות קיימות ב־NLI — כפילות אמיתית
987007550246505171	dup-places-diff	both-live	בידגושץ' (פולין : מחוז)	בידגושץ' (פולין : מחוז)	live	בידגושץ' (פולין : מחוז)	53.25, 17.9	9307	987007552874605171	live	בידגושץ' (פולין : מחוז)	53.1252, 18.0079	3	15.6	בידגושץ' (פולין : מחוז)			rom: kima=Bydgoszcz (Poland : Voivodeship) nli=Bydgoszcz (Poland : Powiat)	שתי הרשומות קיימות ב־NLI — כפילות אמיתית
987007557599905171	dup-places-diff	both-live	פוטסדם (גרמניה : מחוז)	פוטסדם (גרמניה : מחוז)	live	פוטסדם (גרמניה : מחוז)	52.4, 13.05	87539	987007561805305171	live	פוטסדם (גרמניה : מחוז)	52.5, 13	0	11.6	פוטסדם (גרמניה : מחוז)			rom: kima=Potsdam (Germany : Bezirk) nli=Potsdam (Germany : Stadtkreis)	שתי הרשומות קיימות ב־NLI — כפילות אמיתית
987007542606405171	dup-variants	kima-unresolved	זירעין (ישראל)	זירעין (ישראל), Zirʻīn	live	זירעין (ישראל)	32.5575, 35.3278						0	0.0	Zarʻīn (Israel) | Zirʻin (Israel) | Zirʻīn | זירעין | זירעין (ישראל) | זרעין (ישראל) | زرعين (إسرائيل)	19602		heb: kima=זירעין nli=זירעין (ישראל) | rom: kima=Zirʻīn nli=Zirʻin (Israel)	לא אותר מקום בכימה עבור הכותרת
987007555782205171	dup-variants	same-id	אמריקה הלטינית	אמריקה הלטינית, Asociación Latinoamericana de Libre Comercio countries	live	אמריקה הלטינית	-1.10689, -68.09739	2541	987007555782205171	live	אמריקה הלטינית	-1.106889, -68.097391	10	0.0	Asociación Latinoamericana de Libre Comercio countries | Latin America | Neotropical region | Neotropics | New World tropics | Spanish America | אמריקה הלטינית | أمريكا اللاتينية				כימה כבר מצביעה על אותה רשומה
987007553952905171	dup-places-diff	kima-id-suppressed	ביתר (עיר קדומה) (יהודה ושומרון)	ביתר (עיר קדומה) (יהודה ושומרון)	live	ביתר (עיר קדומה) (יהודה ושומרון)	31.73, 35.13556	89023	987007475207805171	suppressed	ביתר (עיר קדומה) (יהודה ושומרון)	31.73, 35.135556	1	0.0	Bei-Ter (Extinct city) | Beitar (Extinct city) (Israel) | Bet-Ter (Extinct city) | Betar (Extinct city) | Betar (Extinct city) (Israel) | Betar (Extinct city) (West Bank) | Bethar (Extinct city) | Better (Extinct city) | Betthar (Extinct city) (West Bank) | Bitter (Extinct city) | Khirbat al-Yahūd (West Bank) | ביתר (עיר קדומה) (יהודה ושומרון) | ח'ירבת אל-יהוד (יהודה ושומרון) | بيطار (مدينة منقرضة) (الضفة الغربية) | Ḥirbat el-Yahud (West Bank)	4239		arab: kima=بيطار (الضفة الغربية) nli=بيطار (مدينة منقرضة) (الضفة الغربية) | heb: kima=ביתר (עיר קדומה) nli=ביתר (עיר קדומה) (יהודה ושומרון) | rom: kima=Bethar (Extinct city) nli=Betar (Extinct city) (West Bank)	המזהה בכימה קיים במאגר אך אינו נמסר — נמחק/הוסתר
987007567331105171	dup-places-diff	both-live	טולכרם (יהודה ושומרון)	טולכרם (יהודה ושומרון)	live	טולכרם (יהודה ושומרון)	32.31153, 35.02704	73472	987007564918505171	live	טולכרם (יהודה ושומרון)	32.311111111111, 35.030833333333	5	0.4	Tulkarem (Sub-District) (West Bank) | טול כרם (יהודה ושומרון : תת-מחוז) | טולכרם (יהודה ושומרון) | طولكرم (حي) (الضفة الغربية) | Ṭūl Karem (Sub-District) | Ṭūlkarem (Sub-District) | Ṭūlkarm (Qaḍāʾ) | Ṭūlkarm (Sub-District)	81810		rom: kima=Tulkarem (West Bank) nli=Tulkarem (Sub-District) (West Bank) | arab: kima=طولكرم (الضفة الغربية) nli=طولكرم (حي) (الضفة الغربية) | heb: kima=טולכרם (יהודה ושומרון : תת-מחוז) nli=טולכרם (יהודה ושומרון)	שתי הרשומות קיימות ב־NLI — כפילות אמיתית
987007487056105171	dup-places-diff	both-live	סובאלק (פולין : מחוז)	סובאלק (פולין : מחוז)	live	סובאלק (פולין : מחוז)	54.28513, 22.92913	20569	987007496663905171	live	סובאלק (פולין : מחוז)	54.083333333333, 22.933333333333	6	22.4	Powiat Suwalski (Poland) | Powiat Suwałki (Poland) | Suwalki (Region) (Poland : Powiat) | Suwałki (Poland : Powiat) | סובאלק (פולין : מחוז) | סובלק (פולין, פלך) | סובלק (פלך) (פולין, מחוז) | סובלקי (פולין, מחוז) | سوفاكي (بولندا : بوفيات)	20163		rom: kima=Suvalkskai︠a︡ gubernīi︠a︡ (Poland) nli=Suwałki (Poland : Powiat) | heb: kima=סובאלק (פולין, מחוז) nli=סובאלק (פולין : מחוז)	שתי הרשומות קיימות ב־NLI — כפילות אמיתית
987007533395005171	dup-places-diff	both-live	אלבה (איטליה)	אלבה (איטליה)	live	אלבה (איטליה)	42.78, 10.275	6326	987007554793005171	live	אלבה (איטליה)	44.691542, 8.025636	5	279.0	Elba (Italy) | Isola d'Elba (Italy) | אלבה (איטליה) | إلبا (إيطاليا)	1069		rom: kima=Alba (Italy) nli=Elba (Italy) | heb: kima=אלבה (אי, איטליה) nli=אלבה (איטליה)	שתי הרשומות קיימות ב־NLI — כפילות אמיתית
987007548042705171	dup-variants	kima-unresolved	לה קורוניה (ספרד)	לה קורוניה (ספרד), Coruña	live	לה קורוניה (ספרד)	43.37139, -8.39611						0	1.2	A Coruña (Spain) | A Cruña (Spain) | Corunna (Spain) | Coruña | Coruña, La (Spain) | Cruña, A (Spain) | La Corogne (Spain) | La Coruña (Spain) | The Groyne (Spain) | א קורוניה (ספרד) | לה קורוניה (ספרד) | לה קרוניא (ספרד) | קורוניא (ספרד) | لاكورونيا (إسبانيا)	8054		heb: kima=לה קורונה (ספרד) nli=לה קורוניה (ספרד)	לא אותר מקום בכימה עבור הכותרת
987007539018705171	dup-variants	kima-unresolved	נהר פרנה (ברזיל-ארגנטינה)	נהר פרנה (ברזיל-ארגנטינה), Alto Paraná River	live	נהר פרנה (ברזיל-ארגנטינה)	-33.71667, -59.25						0	1720.7	Alto Paraná River | Paraná River (Brazil-Argentina) | Río Paraná (Brazil-Argentina) | נהר פרנה (ברזיל-ארגנטינה) | نهر بارانا (البرازيل - الأرجنتين)	3769		heb: kima=נהר פאראנה (ברזיל, ארגנטינה) nli=נהר פרנה (ברזיל-ארגנטינה)	לא אותר מקום בכימה עבור הכותרת
987007524777605171	dup-places	kima-unresolved	אסן (הולנד)	אסן (הולנד)	live	אסן (הולנד)	53.13959, 6.54895						0	23.4	Essen (Groningen) (Netherlands) | Essen (Netherlands) | Yesse (Netherlands) | אסן (הולנד) | אססין (גרונינגן) (הולנד) | إيسن (هولندا)	90657		heb: kima=אסן (חרונינגן, הולנד) nli=אסן (הולנד)	לא אותר מקום בכימה עבור הכותרת
987007557862005171	dup-places-diff	both-live	בוביניי (צרפת)	בוביניי (צרפת)	live	בוביניי (צרפת)	48.90972, 2.43861	90698	987007550500105171	live	בוביניי (צרפת)		0	0.0	Bobigny (France) | Bobigny, France | בוביני (צרפת) | בוביניי (צרפת) | بوبينيي (فرنسا)	90655		rom: kima=Bouvignies (France) nli=Bobigny (France) | heb: kima=בוביניי (איל דה פרנס, צרפת) nli=בוביניי (צרפת)	שתי הרשומות קיימות ב־NLI — כפילות אמיתית
987007564848605171	dup-places	kima-unresolved	שוואבן (גרמניה : מחוז)	שוואבן (גרמניה : מחוז)	live	שוואבן (גרמניה : מחוז)	48.5, 10.5						0	0.0	Bayerisch-Schwaben (Germany : Regierungsbezirk) | שוואבן (גרמניה : מחוז) | بايريش شوابن (ألمانيا : ريجيرونس بيزيرك)	15479		heb: kima=שוואבן (בוואריה, גרמניה) nli=שוואבן (גרמניה : מחוז)	לא אותר מקום בכימה עבור הכותרת
987007550543905171	dup-variants	kima-unresolved	ריו דה לה פלטה (מלכות משנה)	ריו דה לה פלטה (מלכות משנה), Virreinato del Río de la Plata	live	ריו דה לה פלטה (מלכות משנה)	-34.66667, -58.4						0	155.9	Buenos Aires (Viceroyalty) | Río de la Plata (Viceroyalty) | Viceroyalty of La Plata | Virreinato Rioplatense | Virreinato del Río de la Plata | ריו דה לה פלטה (מלכות משנה) | ريو دي لا بلاتا (ولاية)	9397		heb: kima=ריו דה לה פלטה (מחוז) nli=ריו דה לה פלטה (מלכות משנה)	לא אותר מקום בכימה עבור הכותרת
987007494367505171	dup-places-diff	both-live	לובן (גרמניה)	לובן (גרמניה)	live	לובן (גרמניה)	51.4, 16.2	77512	987007473617305171	live	לובן (גרמניה)	51.95, 13.9	1	170.0	לובן (גרמניה) | لوبن (ألمانيا)			rom: kima=Lübben (Germany) nli=Lüben (Germany)	שתי הרשומות קיימות ב־NLI — כפילות אמיתית
987007548168005171	dup-variants	same-id	מקסיקו	מקסיקו, Meḳsiḳe	live	מקסיקו	23.0, -102.0	9063	987007548168005171	live	מקסיקו	23, -102	17	0.0	Anisquani | Anáhuac | Birleşik Meksika Devletleri | Estados Unidos Mejicanos | Estados Unidos Mexicanos | Estaos Xuníos Mexicanos | Estaos Xuníos de Méxicu | Estats Units Mexicans | Estats Units de Mèxic | Maxico | Meagsago | Mec'hiko | Mecsico | Mehhiko | Mehhiko Ühendriigid | Mehiko | Meicsiceo | Mekiko | Mekishiko | Meksik | Meksika | Meksika Cumhuriyeti | Meksikanskie Soedinënnye Shtaty | Meksiko | Meksyk | Mesigo | Messico | Messicu | Mexican Republic | Mexican United States | Mexico | Mexihko | Mexika Sentik Wexteyowalko | Mexiko | Mexiqo | Mexique | Mexko | Mexko Axkayotl | Mexko Tlalli | Meško | Meḳsiḳe | Miiksiiquu | Mishiku | Moxige | Moxige Hezhongguo | Mègsik | Mèxic | Méjico | Méjicu | Méjiko | Méxicu | Mê-hi-cô | Mê-xi-cô | Mïxiku | Mễ | Mễ Tây Cơ | Naakaii Bikéyah | República Mejicana | República Mexicana | República mexicà | Stadoù-Unanet Mec'hikan | Stadoù-Unanet Mec'hiko | Stany Zjednoczone Meksyku | Stati Uniti Messicani | Stáit Aontaithe Mheicsiceo | Territori mexicà | United Mexican States | United States of Mexico | Vereinigte Mexikanische Staaten | Verenigde Mexicaanse Staten | États-Unis du Mexique | États-Unis mexicains | Ēnōmenes Mexikanikes Politeies | מכסיקו | מקסיקו | المكسيك				כימה כבר מצביעה על אותה רשומה
987007555051905171	dup-variants	same-id	צ'כוסלובקיה	צ'כוסלובקיה, Československá socialistická republika	live	צ'כוסלובקיה	14.4802, 121.3917	9369	987007555051905171	live	צ'כוסלובקיה	50.083333333333, 14.416666666667	49	9941.3	C.S.R.S. | CSRS | Cecoslovacchia | Ceho-Slovacia | ChSFR | ChSSR | Checoslovaquia | Chekhoslovakii︠a︡ | Chekhoslovat︠s︡kai︠a︡ Sot︠s︡ialisticheskai︠a︡ Respublika | Chieh-kʻo-ssu-lo-fa-kʻo | Chieh-kʻo-ssu-lo-fa-kʻo she hui chu i kung ho kuo | Cseh-Szlovákia | Csehszlovákia | Czech and Slovak Federal Republic | Czecho-Slovakia | Czechoslovak Socialist Republic | Czechoslovakia | Czechosłowacja | Republika československa | Tchécoslovaquie | Ts'ekhoslovaḳyah | Tschechische Sozialistische Republik | Tschechoslowakei | Tsechoslobakia | Tsechoslovakia | Tshīkūslūfākiyā | Tsjechoslowakije | Tsjekkoslovakia | Č.S.R. | Č.S.S.R. | ČSFR | ČSR | ČSSR | Čehoslovakija | Československa republika | Československo | Československá socialistická republika | Česká a Slovenská Federativní Republika | Česká a Slovenská Federatívna Republika | Češkoslovaška | צ'כוסלובקיה | تشيكوسلوفاكيا				כימה כבר מצביעה על אותה רשומה
987007554945905171	dup-variants	same-id	ברזיל	ברזיל, República Federativa do Brasil	live	ברזיל	-10.0, -55.0	7255	987007554945905171	live	ברזיל	-14, -53	22	495.1	Barāzīl | Brasil | Brasile | Brasilia | Brasilien | Brasilië | Brazil | Brazili | Brazili Federativlă Respubliki | Brazilia | Brazilii︠a︡ | Brazilii︠a︡ Federativ Respublikaḣy | Braziliya | Braziliya Federativ Respublikası | Brazilië | Brazilská federativní republika | Brazylia | Brésil | Burajiru | Federale Republiek van Brasilië | Federative Republic of Brazil | Federativna republika Brazil | Federativna republika Brazilii︠a︡ | Federat︠s︡iėm Respublikė Brazil | Fedėratyŭnai︠a︡ Rėspublika Brazilii︠a︡ | Gweriniaeth Ffederal Brasil | Pa-hsi | Pa-se | Pa-se Liân-pang Kiōng-hô-kok | Pederatibong Republika sa Brasil | Pindorama | Quasili | Republica Federale di u Brasile | Republica Federativa del Brazil | Republik Kevreel Brazil | República Federal del Brasil | República Federativa do Brasil | Rèpublica fèdèrativa du Brèsil | République fédérative du Brésil | Tantasqa Republika Wrasil | Tetã Pindorama | Wrasil | al-Barāzīl | ברזיל | البرازيل				כימה כבר מצביעה על אותה רשומה
987007550349905171	dup-variants	same-id	פורט לואיס (מאוריציוס)	פורט לואיס (מאוריציוס), Municipalité de Port Louis	live	פורט לואיס (מאוריציוס)	-20.16194, 57.49889	7243	987007550349905171	live	פורט לואיס (מאוריציוס)	-20.161944444444, 57.498888888889	7	0.0	Bort Lois (Mauritius) | Corporation municipale de Port-Louis | Corporation municipale de Port-Louis (Mauritius) | Horad Port-Lui (Mauritius) | Luyigang (Mauritius) | Municipalité de Port Louis | Municipalité de Port Louis (Mauritius) | P'ot'ŭluisŭ (Mauritius) | Por Luʼi (Mauritius) | Por-Loui (Mauritius) | Port Louis (Mauritius) | Port Louis, Mauritius | Port Luis (Mauritius) | Port Luisas (Mauritius) | Port Luiz (Mauritius) | Port-Lui (Mauritius) | Port-Luiso (Mauritius) | Portluī (Mauritius) | Portus Ludovici (Mauritius) | Puerto Louis (Mauritius) | Pò-Loui (Mauritius) | Pōtoruisu (Mauritius) | Πορ-Λουί (Mauritius) | פורט לואיס (מאוריציוס) | بورت لويس (موريشيوس)				כימה כבר מצביעה על אותה רשומה
987007554955505171	dup-variants	same-id	סודאן	סודאן, Anglo-Egipetskiĭ Sudan	live	סודאן	15.0, 32.0	6275	987007554955505171	live	סודאן	15, 32	19	0.0	Anglo-Egipetskiĭ Sudan | Anglo-Egyptian Sudan | As-Sudan | Democratic Republic of the Sudan | Demokraticheskai︠a︡ Respublika Sudan | Egyptian Sudan | Jamhuryat es-Sudan | Jumhuriyat as-Sudan | Jumhūriyyat as-Sūdān | Jumhūrīyat al-Sūdān al-Dīmuqrāṭīyah | North Sudan | Republic of Sudan | Republic of the Sudan | Soudan | Sudan | Sudan (Democratic Republic) | Sudan, Egyptian | סודאן | סודן | السودان				כימה כבר מצביעה על אותה רשומה
987007548045205171	dup-variants	kima-unresolved	קניה	קניה, Kīnyā	live	קניה	1.0, 38.0						0	100.1	Cenia | Chenia | Colony and Protectorate of Kenya | GOK | Government of Kenya | I-Kenya | IKenya | IKheniya | Jamhuri ya Kenya | Keeniyaa | Keeñaa | Kenia | Kenii︠a︡ | Keniya | Kenniya | Kenya | Kenya Colony and Protectorate | Kenyàtò | Kenyäa | Kiinya | Kīniyā | Kīnyā | Quênia | Republic of Kenya | Republiek Kenia | Republik Kenia | República de Kenia | Respublika Kenii︠a︡ | Ri̱pobi̱lik Kenya | République du Kenya | קניה | كينيا | Ḳenyah	8198	East Africa Protectorate	heb: kima=קניה (מדינה) nli=קניה	לא אותר מקום בכימה עבור הכותרת
987007564347005171	dup-variants	same-id	איי סיישל	איי סיישל, Respublika Seĭshelʹskie Ostrova	live	איי סיישל	-7.1, 52.76667	7810	987007564347005171	live	איי סיישל	-7.1, 52.766667	13	0.0	Colony of Seychelles | Jumhūrīyah Sayshil | Repiblik Sesel | Republic of Seychelles | Republica de Seychelles | Republiek van Seychelle | Republik vo de Seychelle | República de Seixeles | Respublika Seĭshelʹskie Ostrova | République des Seychelles | Sayshil | Seixeles | Seshel | Seshel ka Fasojamana | Seychelle | Seychellen | Seychelles | Seyşel adaları | Seĭshelʹskie ostrova | Sêch·èles | איי סיישל | سيشيل				כימה כבר מצביעה על אותה רשומה
987007559657105171	dup-variants	same-id	טהרן (איראן)	טהרן (איראן), Baladīyah-i Ṭihrān	live	טהרן (איראן)	35.69681, 51.77021	808	987007559657105171	live	טהרן (איראן)	35.7, 51.416666666667	12	31.9	Baladīyah-i Ṭihrān | Baladīyah-i Ṭihrān (Iran) | Deheilan (Iran) | Dykhʹėrėn (Iran) | Horad Tėheran (Iran) | Shahrdārī-i Tihrān (Iran) | Tahraan (Iran) | Te-hei-lan (Iran) | Techeranē (Iran) | Teerã (Iran) | Teerão (Iran) | Tegeran (Iran) | Tegʹran (Iran) | Teheran | Teheran (Iran) | Teheranas (Iran) | Teherani (Iran) | Teherano (Iran) | Teherans (Iran) | Teheranum (Iran) | Teherāna (Iran) | Tehran (Iran) | Tehron (Iran) | Tekheran (Iran) | Tekhḣeran (Iran) | Tihrān (Iran) | Tækhran (Iran) | Tăḣran (Iran) | Τεχεράνη (Iran) | טהראן (איראן) | טהרן (איראן) | طهران (إيران)				כימה כבר מצביעה על אותה רשומה
987007564546505171	dup-variants	same-id	איים המלדיביים	איים המלדיביים, Dībā Maḥall	live	איים המלדיביים	4.18, 73.51	11997	987007564546505171	live	איים המלדיביים	4.18, 73.51	21	0.0	Dhivehi Raajje | Dhivehi Raajjeyge Jumhooriyyaa | Divehi Raajjeyge Jumhooriyyaa | Dībā Maḥall | Mahaldib Islands | Maldive Islands | Maldiverna | Maldives | Malediivit | Malediva Islands | Malediverna | Malʹdivskai︠a︡ Respublika | Maḥall Dībah | Maḥall Dībā | Republic of Maldives | Republic of the Maldives | איים המלדיביים | جزر المالديف				כימה כבר מצביעה על אותה רשומה
987007548076305171	dup-variants	same-id	קולומביה	קולומביה, República de Colombia	live	קולומביה	4.0, -73.25	7174	987007548076305171	live	קולומביה	4, -73.25	17	0.0	Colombia | Colombie | Estados Unidos de Colombia | Gelunbiya | Gran Colombia | Grã-Colômbia | Kolumbien | Kolumbii︠a︡ | Koronbia | Kūlūmbiyā | Neu-Granada | República de Colombia | República de Nueva Granada | United States of Colombia | קולומביה | كولومبيا				כימה כבר מצביעה על אותה רשומה
987007530978905171	dup-variants	same-id	ארמניה (רפובליקה)	ארמניה (רפובליקה), République arménienne	live	ארמניה (רפובליקה)	40.38333, 44.95	17851	987007530978905171	live	ארמניה (רפובליקה)	40.383333, 44.95	12	0.0	Armeneja (Republic) | Armenia (Republic) | Armenii︠a︡ (Republic) | Arménie (Republic) | Armīniyā (Republic) | Armīnyā (Republic) | Ermenia (Republic) | Ermenija (Republic) | Ermänistan (Republic) | Ermänistan Respublikası | HH | HH (Hayastani Hanrapetutʻyun) | Haikakan Hanrapetoutioun | Hayastan (Republic) | Hayastani Hanrapetutʻyun | Jumhūrīyah al-Armīniyah | Jumhūrīyat Armīnyā | Republic of Armenia | Republiek van Armenië | Republik Armenii︠a︡ | Republika Armenii︠a︡ | Republika Ermenija | Respublika Armenii︠a︡ | Rèpublica d'Armènie | République arménienne | T︠S︡ḣamukhʺ (Republic) | ארמניה (רפובליקה) | أرمينيا (جمهورية)				כימה כבר מצביעה על אותה רשומה
987007548187405171	dup-variants	same-id	סרי לנקה	סרי לנקה, Sī Langkā	live	סרי לנקה	7.0, 81.0	8210	987007548187405171	live	סרי לנקה	7, 81	17	0.0	Cellao | Ceylon | Democratic Socialist Republic of Sri Lanka | Ilaṅkai | Lanka | Serendib | Serendip | Shri Lanka | Sri Lanka | Sri Lanka Prajathanthrika Samajavadi Janarajaya | Sī Langkā | Taprobane | Zeilan | Śrīlaṅkā | סרי לנקה | سيريلانكا		Sri Lanka		כימה כבר מצביעה על אותה רשומה
987007554907205171	dup-variants	same-id	מונטנגרו	מונטנגרו, Knjaževina Crna Gora	live	מונטנגרו	42.76667, 19.21667	9322	987007554907205171	live	מונטנגרו	42.766667, 19.216667	11	0.0	Charnahoryi︠a︡ | Cherna gora | Chernogorii︠a︡ | Chornohorii︠a︡ | Crna Gora | Jabal al-Aswad | Juodkalnija | Karadağ | Knjaževina Crna Gora | Kraljevina Crna Gora | Mali i Zi | Melnkalne | Montenegro | Montenegro (Kingdom) | Muntenegru | People's Republic of Montenegro | Republic of Montenegro | Republika Crna Gora | Socialist Republic of Montenegro | Socijalistička Republika Crna Gora | Svartfjallaland | Černá Hora | מונטנגרו | الجبل الأسود				כימה כבר מצביעה על אותה רשומה
987007564348705171	dup-variants	same-id	ארגנטינה	ארגנטינה, República Argentina	live	ארגנטינה	-34.0, -64.0	7805	987007564348705171	live	ארגנטינה	-34, -64	14	0.0	Agenting | Agenting Gongheguo | Arc'hantina | Argentiina | Argentiinan tasavalta | Argentijnse Republiek | Argentina | Argentine Confederation (1851-1861) | Argentine Nation | Argentine Republic | Argentinien | Argentinië | Argentinskai︠a︡ Respublika | Argenṭinah | Argenṭine | Argintiina | Arhentsina | Arjantin | Arjantin Cumhuriyeti | Aruzenchin | Arxentina | Arxintina | Arzhentina | Atsinitinia | Confederación Argentina (1851-1861) | Dēmokratia tēs Argentinēs | Nación Argentina | Republic of Argentina | República Argentina | República Arxentina | République argentine | ʼArǧantinā | ארגנטינה | الأرجنتين				כימה כבר מצביעה על אותה רשומה
987007559777405171	dup-variants	same-id	ניו יורק (מדינה)	ניו יורק (מדינה), Shtat Nʹi︠u︡ Ĭork	live	ניו יורק (מדינה)	43.0, -75.0	9561	987007559777405171	live	ניו יורק (מדינה)	43, -75	9	0.0	Eabhraig Nuadh (State) | Efrog Newydd (State) | Estado de Nova York | Estado de Nueva York | Evrek Nowydh (State) | Kin Yótʼááh Deezʼá Hahoodzo | Medinat Nyu Yorḳ | N. York (State) | N.Y. (State) | NY (State) | NYS | Nea Yorkē (State) | New Yorgi osariik | New York (State) | New York Isifunda | New York-fylki | Niorche (State) | Niujorkas (State) | Niujorko valstija | Niyū Yūrk (State) | Njujork (State) | Nou Yòk (State) | Nov-Jorkio | Nova York (State) | Novum Eboracum (State) | Nua-Eabhrac (State) | Nueva York (State) | Nuioka (State) | Nuyagi (State) | Nyu Yorḳ (State) | Nyuyok (State) | Nyuyok-ju | Nyū Yōku (State) | Nyū Yōku-shū | Néu-Yok (State) | Nííyóó Hahoodzo | Nú Yọk (State) | Nʹi︠u︡-Ĭork (State) | N̦ujorka (State) | Politeia tēs Neas Yorkēs | Shin Ĭork (State) | Shtat Nʹi︠u︡ Ĭork | Stat Evrek Nowydh | State of N. York | State of New York | Tchiaq York (State) | Wilāyat Niyū Yūrk | Yancuīc York (State) | York Noa (State) | État de New York | Śĕnĕ Ĭork (State) | Ŝtato de Nov-Jorkio | Νέα Υόρκη (State) | נו יורק (מדינה) | נוא יארק (מדינה) | נוי יורק (מדינה) | ניו יארק (מדינה) | ניו יורק (מדינה) | نيويورك (ولاية)		New York (Colony)		כימה כבר מצביעה על אותה רשומה
987007557305105171	dup-variants	kima-unresolved	גורליץ (גורליץ, גרמניה)	גורליץ (גורליץ, גרמניה), Görlitz	live	גורליץ (גורליץ, גרמניה)	51.37647, 15.04609						0	25.2	Goerlitz (Dresden, Germany) | Goerlitz (Görlitz, Germany) | Görlitz | Görlitz (Dresden, Germany) | Görlitz (Görlitz, Germany) | Görlitz (Saxony) | Zgorzelec (Germany) | Zgorzelec (Görlitz, Germany) | Zgorzelice (Germany) | Zgorzelice (Görlitz, Germany) | גורליץ (גורליץ, גרמניה) | גורליץ (דרזדן, גרמניה) | غورليتس (غورليتس، ألمانيا)	11640		heb: kima=גרליץ (דרזדן, גרמניה) nli=גורליץ (גורליץ, גרמניה) | rom: kima=Görlitz (Dresden, Germany) nli=Görlitz (Görlitz, Germany)	לא אותר מקום בכימה עבור הכותרת
987007561808505171	dup-variants	same-id	הונגריה	הונגריה, Magyar Népköztársaság	live	הונגריה	47.16116, 19.50575	7547	987007561808505171	live	הונגריה	47, 19	31	42.3	Bu̇gd Naĭramdakh Ungar Uls | Dēmokratia tēs Oungarias | Gweriniaeth Hwngari | Hanekeria | Hangarī | Hongaarse Republiek | Hongaria | Hongarije | Hongarye | Hongria | Hongrie | Honharije | Hunakalia | Hungara Respubliko | Hungari | Hungaria | Hungariako Errepublika | Hungarian Republic | Hungariar Errepublika | Hungario | Hungarujo | Hungary | Hungaryah | Hungrii | Hungría | Hwngari | Hŏnggari | Jamhuri ya Hungaria | Lepulika o Hungary | Lýðveldið Ungverjaland | Macaristan | Macaristan Cumhuriyeti | Macarıstan Respublikası | Madi︠a︡rshchyna | Madjaristan | Madzhar | Madzhar Respublika | Madźary | Madžarska | Mad̕arská republika | Magyar Köztársaság | Magyar Köztársaság (Republic) | Magyar Népköztársaság | Magyar Republic | Magyar Tanácsköztársaság | Magyarország | Magyarország (Republic) | Majarstan Jȯmḣu̇rii︠a︡te | Majoriston | Mazharstan | Mazharstan Respublikasy | Maďarsko | Mađarska | Ohorsʹka Respublika | Ongaria | Ongiri | Ongria | Oonguri | Oungaria | Pobblaght ny h-Ungaar | Poblacht na hUngáire | Republic of Hungary | Republica Ungaria | Republica Ungară | Republica Ungrese | Republica d'Ongria | Republiek van Hongarye | Republik Hongaria | Republik Ungarn | Republik bu Oonguri | Republika Madžarska | Republika Mađarska | Republika Ungarija | Republika Węgierska | Republika e Hungarisë | Republika ng Unggarya | Republikang Unggaro | Republiken Ungern | Republikken Ungarn | República d'Hongria | República da Hungria | República de Hungría | Repúvlika de Madjaristan | Respublica Hungarica | République de Hongrie | Tjóðveldið Ungarn | Tlācatlahtohcāyōtl Hungria | Uhorshchyna | Uhorsʹka Respublika | Ungaar | Ungar | Ungari | Ungari Vabariik | Ungaria | Ungarii︠a︡ | Ungarn | Ungarskata republika | Ungaïa | Ungerija | Ungern | Unggarya | Unggriya | Ungheria | Unghirìa | Ungri | Ungverjaland | Ungáir | Ungārija | Ungārijas Republika | Unkari | Unkarin tasavalta | V.N.R. | VNR | Vengerskai︠a︡ Narodnai︠a︡ Respublika | Vengerskai︠a︡ Respublika | Vengrii︠a︡ | Vengrii︠a︡ Respublikasy | Vengrija | Vengrijos respublika | Vengriya | Vengriya Respublikasi | Vengrėjė | Vengrėjės Respoblėka | Venhryi︠a︡ | Węgry | Xiongyali | Xiongyali Gongheguo | Xiongyali gong he guo | הונגריה | هنغاريا				כימה כבר מצביעה על אותה רשומה
987007564240705171	dup-variants	same-id	אקוודור	אקוודור, Ėkvador	live	אקוודור	-1.0, -78.0	7874	987007564240705171	live	אקוודור	-1, -78	16	0.0	Ecuador | Equador | Equateur | Republic of Ecuador | República del Ecuador | Ėkvador | אקוודור | الإكوادور				כימה כבר מצביעה על אותה רשומה
987007562088205171	dup-variants	same-id	האימפריה הרומית הקדושה	האימפריה הרומית הקדושה, Heiliges Römisches Reich Deutscher Nation	live	האימפריה הרומית הקדושה	50.09135, 14.42216	7908	987007562088205171	live	האימפריה הרומית הקדושה	50.091352242113764, 14.422158410216143	15	0.0	Heiliges Römisches Reich | Heiliges Römisches Reich Deutscher Nation | Holy Roman Empire | Imperium Romano Germanicum | S.R.I. | Sacrum Romanum Imperium | Svi︠a︡shchennai︠a︡ Rimskai︠a︡ Imperii︠a︡ | האימפריה הרומית הקדושה | الإمبراطورية الرومانية المقدسة				כימה כבר מצביעה על אותה רשומה
987007478060905171	dup-variants	kima-unresolved	דאליין שי (סין)	דאליין שי (סין), Da lian (Liaoning Sheng, China)	live	דאליין שי (סין)	38.92889, 121.65222						0						לא אותר מקום בכימה עבור הכותרת
987007566976405171	dup-variants	kima-unresolved	בוהמיה (ממלכה)	בוהמיה (ממלכה), Bohemia	live	בוהמיה (ממלכה)	50.08333, 14.41667						0						לא אותר מקום בכימה עבור הכותרת
987007547798105171	dup-variants	kima-unresolved	ראוניון	ראוניון, Département de la Réunion	live	ראוניון	-21.11444, 55.5325						0	0.0	Bourbon (Island) | Department of Réunion | Département de la Réunion | Jazīrat Riyūnyin | La Réunion | Reunion Island | Reunião | Réunion | Île Bourbon | Île de La Réunion | ראוניון | ريونيون	7820		heb: kima=ריוניון nli=ראוניון	לא אותר מקום בכימה עבור הכותרת
987007550225405171	dup-variants	same-id	ליאון (ממלכה)	ליאון (ממלכה), Reino de León	live	ליאון (ממלכה)	42.59833, -5.57028	7023	987007550225405171	live	ליאון (ממלכה)	42.598333333333336, -5.570277777777778	6	0.0	Leon (Kingdom) | Llión (Kingdom) | Reino de León | ליאון (ממלכה) | ليون (المملكة)				כימה כבר מצביעה על אותה רשומה
987007548162505171	dup-variants	same-id	אוקראינה	אוקראינה, Uḳraʾinah	live	אוקראינה	49.0, 32.0	9105	987007548162505171	live	אוקראינה	49, 32	24	0.0	An Úcráin | I-Yukreyini | IYukreyini | Oekraïne | Ookraan | Oukraïne | Oykrania | Petite-Russie | U.S.R.R. | Ucraina | Ucrania | Ucrayena | Ucrægna | Ukraina | Ukraine | Ukrainian Council Socialist Republic | Ukrainian S.S.R. | Ukrainian Socialist Soviet Republic | Ukrainian Soviet Socialist Republic | Ukrainio | Ukrainmudin Orn | Ukrainska Radyanska Sotsialistychna Respublika | Ukrainska Sotsialistychna Radianska Respublika | Ukrainskai︠a︡ Sovetskai︠a︡ Sot︠s︡ialisticheskai︠a︡ Respublika | Ukrainskaya Sovetskaya Sotsialisticheskaya Respublika | Ukrainujo | Ukrainæ | Ukrajina | Ukranya | Ukrayiina | Ukrayina | Ukrayna | Ukraïnsʹka Radi︠a︡nsʹka Sot︠s︡ialistychna Respublika | Ukraïnsʹka Sot︠s︡ii︠a︡listychna Radi︠a︡nsʹka Respublika | Ukuraina | Ukyáña | Uḳraʾinah | Wcráin | Yn Ookraan | Yr Wcráin | Yukrain | Úcráin | Ūkrāniyā | ʻUkelena | Украина | אוקראינה | أوكرانيا				כימה כבר מצביעה על אותה רשומה
987007557874305171	dup-variants	same-id	בוכרה (אמירות)	בוכרה (אמירות), Bukharskiĭ ėmirat	live	בוכרה (אמירות)	39.77472, 64.42861	15002	987007557874305171	live	בוכרה (אמירות)	39.77472222222222, 64.42861111111111	13	0.0	Bochara (Khanate) | Bokhara (Khanate) | Boukhara (Khanate) | Bukhara | Bukhara (Emirate) | Bukhara (Khanate) | Bukhara Khanate | Bukharah (Khanate) | Bukharskiĭ ėmirat | Bukharskoe khanstvo | Bukhoro (Khanate) | Emirate of Bukhara | Khanat of Bokhara | Khanate of Bukhara | Khanate of Bukhoro | בוכרה (אמירות) | خانات بخارى		Transoxiana	rom: kima=Khanate of Bukhara nli=Bukhara (Khanate)	כימה כבר מצביעה על אותה רשומה
987007567638005171	dup-variants	same-id	אזרבייג'ן	אזרבייג'ן, Azărbai̐jan Respublikasy	live	אזרבייג'ן	40.15228, 47.69221	17993	987007567638005171	live	אזרבייג'ן	40.3, 47.7	19	16.4	Aserbaidschan | Azarbaijchan Respublikasy | Azarbayjan Respublikasy | Azerbaigian | Azerbaijan | Azerbaijani Republic | Azärbaycan | Azărbai̐jan Respublikasy | Azărbaycan Respublikası | Republic of Azerbaijan | Āz̲arbāyajān | Āz̲arbāyijān | Āz̲arbāyjān (Republic) | אזרביז'אן | אזרבייג'ן | أذربيجان		Azerbaijan S.S.R.		כימה כבר מצביעה על אותה רשומה
987007564339305171	dup-variants	same-id	ירדן	ירדן, Mamlakah al-Urdunīyah al-Hāshimīyah	live	ירדן	31.2, 36.5	7772	987007564339305171	live	ירדן	31.2, 36.5	18	0.0	Giordania | Hashemite Kingdom of Jordan | Hashimite Kingdom of the Jordan | Hordanan | Iardanii︠a︡ | Iordania | Iordanii︠a︡ | Iordanskoe Khashimitskoe Korolevstvo | Jordan | Jordania | Jordanien | Jordanië | Kingdom of Jordan | Mamlaka al-Urduniya al-Hashemiyah | Mamlakah al-Urdunīyah al-Hāshimīyah | Regne Haiximita de Jordània | Reino Hachemita de Jordania | Royaume hachémite de Jordanie | State of Jordan | Tsodani | Urdun | Urdunn | Xordania | Yarden | Yordani | Ǧordān | ירדן | الأردن		Transjordan		כימה כבר מצביעה על אותה רשומה
987007559620505171	dup-variants	same-id	ערב הסעודית	ערב הסעודית, Mamlakah al-ʻArabīyah al-Saʻūdīyah	live	ערב הסעודית	23.71667, 44.11667	9620	987007559620505171	live	ערב הסעודית	23.716667, 44.116667	19	0.0	Arabia saudita | Arabie saoudite | Hejaz and Nejd | Kingdom of Saudi Arabia | Mamlaka al-ʻArabiya as-Saʻudiya | Mamlakah al-ʻArabīyah al-Saʻūdīyah | Reino de Arabia Saudi | Saudi Arabia | Saudiarabien | Saudovskai︠a︡ Aravii︠a︡ | Sauji Arabia | Saujiarabia | Sha-tʻse A-la-po | ʻArabīyah as Saʻūdīyah | ʻArav ha-Saʻudit | ערב הסעודית | السعودية		Hejaz (Kingdom)		כימה כבר מצביעה על אותה רשומה
987007564238105171	dup-variants	same-id	תוניסיה	תוניסיה, République tunisienne	live	תוניסיה	34.0, 9.0	7975	987007564238105171	live	תוניסיה	34, 10	19	92.2	Chunijia | Chunijia Kyōwakoku | Jumhuriya at-Tunisiya | Jumhūrīyah al-Tūnisīyah | Republic of Tunisia | République tunisienne | Tunesien | Tunis (Protectorate) | Tunisia | Tunisie | Tunisskai︠a︡ Respublika | Tunisyah | Twiniji | Túnez | Tūnis (Republic) | טוניסיה | תוניסיה | الجمهورية التونسية | تونس (الدولة)			arab: kima=تونس nli=تونس (الدولة)	כימה כבר מצביעה על אותה רשומה
987007554958205171	dup-variants	same-id	איטליה	איטליה, Iṭalyah	live	איטליה	42.83333, 12.83333	6258	987007554958205171	live	איטליה	42.5, 12.5	15	46.0	It'allia | It'allia Konghwaguk | Itali | Italia | Italian Republic (1946- ) | Italianska republika | Italie | Italien | Italii︠a︡ | Italii︠a︡ Respublikasi | Italijos Respublika | Italikē Dēmokratia | Italiya Respublikasi | Italiĭsʹka Respublika | Italy | Italʹi︠a︡nskai︠a︡ Rėspublika | Itaria | Itaria Kyōwakoku | Itālija | Itālijas Republika | Iṭalyah | Iṭalye | Jumhūrīyah al-Īṭālīyah | Kgl. Italienische Regierung | Königliche Italienische Regierung | Laško | Lýðveldið Ítalía | Olasz Köztársaság | Olaszország | Regno d'Italia (1861-1946) | Repubblica italiana (1946- ) | Republiḳah ha-Iṭalḳit | Włochy | Yidali | Yidali Gongheguo | Īṭāliyā | İtalya | İtalya Cumhuriyeti | איטליה | إيطاليا				כימה כבר מצביעה על אותה רשומה
987007550339605171	dup-variants	same-id	מקסיקו (מקסיקו : מדינה)	מקסיקו (מקסיקו : מדינה), Estado de México	live	מקסיקו (מקסיקו : מדינה)	19.35417, -99.63083	7108	987007550339605171	live	מקסיקו (מקסיקו : מדינה)	19.354166666667, -99.630833333333	6	0.0	Departamento de México | Departamento de México (Mexico) | EDOMEX (Mexico) | Estado de México | Estado de México (Mexico) | Gobierno del Estado de México (Mexico) | Intendencia de México | Intendencia de México (Mexico) | Mexico (Mexico : Department) | Mexico (Mexico : Dept.) | Mexico (Mexico : Intendancy) | Mexico (Mexico : Province) | Mexico (Mexico : State) | Provincia de México | Provincia de México (Mexico) | מקסיקו (מקסיקו : מדינה) | المكسيك (المكسيك : ولاية)				כימה כבר מצביעה על אותה רשומה
987007554808305171	dup-variants	same-id	פלנדריה המערבית (בלגיה)	פלנדריה המערבית (בלגיה), Flandre occidentale (Belgium)	live	פלנדריה המערבית (בלגיה)	51.0, 3.0	6287	987007554808305171	live	פלנדריה המערבית (בלגיה)	51, 3	5	0.0	Flanders, West | Flandre Occidentale (Belgium) | Flandre occidentale (Belgium) | Province de Flandre Occidentale (Belgium) | Provincie West-Vlaanderen (Belgium) | West Flanders (Belgium) | West-Flandern (Belgium) | West-Vlaanderen (Belgium) | Westflandern (Belgium) | פלנדריה המערבית (בלגיה) | فلاندرز الغربية (بلجيكا)				כימה כבר מצביעה על אותה רשומה
987007548044705171	dup-variants	same-id	מונגוליה	מונגוליה, Mongolʹskai︠a︡ narodnai︠a︡ respublika	live	מונגוליה	46.0, 105.0	8045	987007548044705171	live	מונגוליה	46, 105	24	0.0	BNMAU | Bu̇gd Naĭramdakh Mongol Ard Uls | Bu̇gu̇de Nayiramdaqu Mongġol Arad Ulus | Bügd Nayramdah Mongol Ard Uls | Gaimōko | MNR | Meng-ku | Meng-ku jen min kung ho kuo | Menggu | Menggu ren min gong he guo | Mengguguo | Mongol Népköztársaság | Mongol Uls | Mongol Ulsyn Zasgiĭn Gazar | Mongolei | Mongolia | Mongolia (Mongolian People's Republic) | Mongolia (Outer Mongolia) | Mongolian People's Republic | Mongolian Republic | Mongolie | Mongoliet | Mongolii︠a︡ | Mongolische Volksrepublik | Mongolʹskai︠a︡ Narodnai︠a︡ Respublika | Mongolʹskai︠a︡ narodnai︠a︡ respublika | Mongoru | Mongoru Jimmin Kyōwakoku | Mongoru Jinmin Kyōwakoku | Mongġol | Mongġol Ulus | Mōko Jinmin Kyōwakoku | Outer Mongolia | République populaire de Mongolie | Wai Meng-ku | Wai Menggu | מונגוליה | منغوليا				כימה כבר מצביעה על אותה רשומה
987007554807005171	dup-variants	same-id	דנמרק	דנמרק, Denmaakʻŭ	live	דנמרק	56.0, 10.0	6281	987007554807005171	live	דנמרק	56, 10	13	0.0	Dacia (Kingdom) | Dania | Danie Korolygʺo | Danii︠a︡ | Danii︠a︡lʺul Khanlʺi | Danimarka | Danimarka Krallığı | Danimārk | Daniyah | Daniė | Danmark | Dannemarc | Danska | Danyah | Denemarke | Denemarken | Denemearc | Denemearc þæt Cynerīce | Denmaakʻŭ | Denmark | Dennemarck | Dinamarca | Kingdom of Denmark | Kongeriget Danmark | Koninkryk van Denemarke | Ndinamayka | Reino de Dinamarca | דניה | דנמרק | الدنمارك				כימה כבר מצביעה על אותה רשומה
987007584909405171	dup-variants	same-id	גרזי (אי)	גרזי (אי), Jèrri	live	גרזי (אי)	49.19, -2.11	26932	987007584909405171	live	גרזי (אי)	49.19, -2.11	16	0.0	Bailiazgo de Jersey | Bailiwick of Jersey | Bailliage de Jersey | Bailliage dé Jèrri | Bailía de Xersei | Baliato di Jersey | Batllia de Jersey | Bayleeaght Yersee | Beilïaeth Jersey | Bejlifstvo Džersi | Beĭlivik Dz︠h︡ersi | Caesarea | Caesarea Insula | Cersi | Chŏji Sŏm | Cēsarēa | Dzhersiĭy Beĭlivik | Dzhŭrsi | Dz︠h︡ėrsi | Džersi | Džersis | Džerzi | Džērsija | G'erzi | Geirsí | Illa de Jersey | Insula Jersey | Islla de Xerséi | Jersee | Jersei | Jersey | Jersey (Channel Islands) | Jersey foogtkond | Jerseyko Bailegoa | Jersi | Jersin Arl | Jerzenez | Jèrri | Jèrseyi | Jājī | Jīrzī | Rychtářství Jersey | Tzersei | Tzersi | Tzerzi | Tōrehe | Vailato tēs Yerseēs | Vogtei Jersey | Vostraŭ Dz︠h︡ėrsi | Xerséi | Xhersi | Yerseē | Zersei | Zexi | Ĵersejo | גרזי (אי) | جيرفيس				כימה כבר מצביעה על אותה רשומה
987007564312905171	dup-variants	same-id	לטביה	לטביה, Läti Nõukogude Sotsialistlik Vabariik	live	לטביה	57.0, 25.0	9788	987007564312905171	live	לטביה	57, 25	32	0.0	L.P.S.R. | LPSR | Latvia | Latvian S.S.R. | Latvian SSR | Latvian Soviet Socialist Republic | Latvii︠a︡ | Latvija | Latvijas PSR | Latvijas Padomju Socialistiska Republika | Latvijas Republika | Latviyskaya Sovetskaya Sotsialisticheskaya Respublika | Latviĭskai︠a︡ Respublika | Latviĭskai︠a︡ SSR | Latviĭskai︠a︡ Sovetskai︠a︡ Sot︠s︡ialisticheskai︠a︡ Respublika | Laṭviyah | Lettland | Lettonie | Letònia | Leṭland | Läti Nõukogude Sotsialistlik Vabariik | Repubblica Socialista Sovietica della Lettonia | Republic of Latvia | Łotwa | לאטוויה | לטביה | لاتفيا		Lifli︠a︡ndskai︠a︡ gubernīi︠a︡ (Russia)		כימה כבר מצביעה על אותה רשומה
987007562016105171	dup-variants	same-id	מערב סהרה	מערב סהרה, Ṣaḥrāʾ al-Gharbīyah	live	מערב סהרה	25.0, -13.0	11564	987007562016105171	live	מערב סהרה	25, -13	10	0.0	Länsi-Sahara | Maʻarav Saharah | Nishisahara | Sahara Occidental | Saharan demokraattinen arabitasavalta | Taneẓroft Tutrimt | Västsahara | Western Sahara | Zapadnai︠a︡ Sakhara | מערב סהרה | غرب الصحراء الكبرى | Ṣaḥrāʾ al-Gharbīyah				כימה כבר מצביעה על אותה רשומה
987007496754305171	dup-places-diff	both-live	המזרח הרחוק הרוסי (רוסיה)	המזרח הרחוק הרוסי (רוסיה)	live	המזרח הרחוק הרוסי (רוסיה)	48.7, 135.2	2472	987007560867505171	live	המזרח הרחוק הרוסי (רוסיה)		4		המזרח הרחוק הרוסי (רוסיה)			rom: kima=Russian Far East (Russia) nli=Dalʹnevostochnyĭ federalʹnyĭ okrug (Russia)	שתי הרשומות קיימות ב־NLI — כפילות אמיתית
987007535752205171	dup-variants	kima-unresolved	טשביץ' (פולין)	טשביץ' (פולין), Trebisch (Poland)	live	טשביץ' (פולין)	52.81667, 15.75						0						לא אותר מקום בכימה עבור הכותרת
987007567782605171	dup-places-diff	both-live	דובריץ' (בולגריה)	דובריץ' (בולגריה)	live	דובריץ' (בולגריה)	43.567, 27.833	79349	987007566710505171	live	דובריץ' (בולגריה)	43.562212, 27.83189	2	0.5	דובריץ' (בולגריה)			rom: kima=Tolbukhin (Bulgaria) nli=Dobrich (Bulgaria)	שתי הרשומות קיימות ב־NLI — כפילות אמיתית
987012969512605171	dup-places-diff	kima-id-suppressed	סין	סין	live	סין	35.85816, 104.13611	7218	987007550348505171	suppressed	סין	35.844722222222224, 103.45194444444445	58	61.7					המזהה בכימה קיים במאגר אך אינו נמסר — נמחק/הוסתר
987007552694905171	dup-variants	same-id	וילנה (ליטא)	וילנה (ליטא), Vilniaus miesto savivaldybė	live	וילנה (ליטא)	54.70017, 25.36262	943	987007552694905171	live	וילנה (ליטא)	54.687222222222225, 25.28	21	5.5	Vilna (Poland) | Vilniaus miesto savivaldybė | Vilnius | Vilnius (Lithuania) | Vilnius City Municipality | Vilnius, Lithuanian S.S.R. | Vilʹna (Lithuania) | Vilʹnia (Lithuania) | Vilʹno (Lithuania) | Viʹlno (Lithuania) | Wilna (Lithuania) | Wilno (Lithuania) | ווילנא (ליטא) | וילנא (ליטא) | וילנה (ליטא) | ולנא (ליטא) | فيلنيوس (ليتوانيا) | Ṿilnah (Lithuania) | Ṿilne (Lithuania)				כימה כבר מצביעה על אותה רשומה
987007547862205171	dup-variants	same-id	הרפובליקה המרכז-אפריקאית	הרפובליקה המרכז-אפריקאית, République centrafricaine	live	הרפובליקה המרכז-אפריקאית	6.7, 20.9	6105	987007547862205171	live	הרפובליקה המרכז-אפריקאית	6.7, 20.9	8	0.0	Afrika Erdiko Errepublika | Afrika Qendrore | Cema Afrika Fasojamana | Centr-Afrika Respubliko | Centraal-Afrikaanse Republiek | Centrafrika | Centrafrique | Central African Republic | Centralafrikanska republiken | Centralafrikanske Republik | Centralnoafriska republika | Centralnoafrička Republika | Centrinės Afrikos Respublika | Centrālāfrika | Cεma Afrika Fasojamana | Cộng hòa Trung Phi | Gweriniaeth Canolbarth Affrica | Jamhuri ya Afrika ya Kati | Kentroaphrikanikē Dēmokratia | Kesk-Aafrika Vabariik | Ködörösêse tî Bêafrîka | Közép-afrikai Köztársaság | Merkez Afrika Respublikası | Middel Affricanisc Cynewīse | Mið-Afríkulýðveldið | Miðafrikalýðveldið | Märkäzi Afrika Respublikası | Naakaii Łizhinii Bikéyah Beʼałnííʼ | Orta Afrika Cumhuriyeti | Pobblaght yn Affrick Veanagh | Poblachd Meadhan Afraga | Poblachd Mheadhan Aifric | Poblacht na hAfraice Láir | R.C.A. | RCA | Repubblica Centrafricana | Republica Africa Centrală | Republica Centroafrican | Republica Chendroafricanã | Republik Afrika Tengah | Republik Afrika Teungoh | Republik Kreizafrikan | Republika ti Tengnga nga Aprika | Republika Środkowoafrykańska | Republikang Sentral Aprikano | Republiḳah ha-Merkaz-Afriḳaʼit | República Centreafricana | República Centro-Africana | República Centroafricana | Repúbrica Centroafricana | Ripublik Aprika Tangah | Rèpublica centrafriquêna | République centrafricaine | Sentraal-Afrikaanse Republiek | Sentral na Aprikanong Republika | Sentralafrikanske republikk | Sintraal-Afrikaanske Republyk | Srednjoafrička Republika | Středoafrická republika | Tiong-hui Kiōng-hô-kok | TsAR (Tsėntralʹna-Afrykanskai︠a︡ Rėspublika) | Tsėntralʹna-Afrykanskai︠a︡ Rėspublika | Tu̇b Afrikyn Bu̇gėdė Naĭramdakha Ulas | Tu̇b Afrikyn Ulas | T︠S︡entralnoafrikanska republika | T︠S︡entralon Afrikæĭy Respublikæ | T︠S︡entralʹnoafrikanskai︠a︡ Respublika | Zentralafrikanische Republik | Zentralafrikanischi Republik | ha-Republiḳah ha-Merkaz-Afriḳaʼit | Ȯr Aprikin Orn | הרפובליקה המרכז-אפריקאית | جمهورية افريقيا الوسطى				כימה כבר מצביעה על אותה רשומה
987007552504805171	dup-variants	same-id	אינדונזיה	אינדונזיה, Indonesië	live	אינדונזיה	-2.0, 118.0	8471	987007552504805171	live	אינדונזיה	-2, 118	16	0.0	Endonèsie | Indanezii︠a︡ | Indoneshia | Indoneshia Kyōwakoku | Indonesia | Indonesië | Indonesya | Indonezia | Indonezii︠a︡ | Indonezija | Induonezėjė | Indūnīsīyā | Jumhūrīyah Indūnīsīyā | PDRI | PDRI (Pemerintah Darurat Republik Indonesia) | Pemerintah Darurat Republik Indonesia | R.I. | R.I. (Republik Indonesia) | RI | RI (Republik Indonesia) | Republic of Indonesia | Republic of the United States of Indonesia | Republica d'Indonesia | Republiek van Indonesië | Republik Indonesia | Republik Indonesia Serikat | Republika Indonezii︠a︡ | Republika Indonezija | Rėspublika Indanezii︠a︡ | United States of Indonesia | Yinni | İndoneziya | İndoneziya Respublikası | אינדונזיה | أندونيسيا		Dutch East Indies		כימה כבר מצביעה על אותה רשומה
987007548068905171	dup-variants	same-id	פיג'י	פיג'י, Fei-chi chʻün tao	live	פיג'י	-18.0, 178.0	8156	987007548068905171	live	פיג'י	-18, 178	19	0.0	Bidji | Colony of Fiji | Cộng hòa Quần đảo Fiji | Dēmokratia tōn Nēsiōn Phitzi | Feejee | Feejee Islands | Fei-chi | Fei-chi chʻün tao | Fei-chi kuo | Feiji | Ficgiege | Fichi | Fici | Fici adaları | Ficiyuäns | Fidji | Fidschi | Fidsí | Fidxi | Fidyïi | Fidzhi | Fidzji | Fidzjy | Fidzsi-szigetek | Fidz︠h︡y | Fidźi Dwip-samuh Ganaradźja | Fidži | Fidži Salu Republika | Fidži Vabariik | Fidžijská republika | Fidžio Salų Respublika | Fidžis | Fidžisaarten tasavalta | Fig'i | Figgi | Fiji | Fiji Adaları Cumhuriyeti | Fiji Islands | Fiji Orollar Respublikasi | Fiji uharteetako Errepublika | Fijian Republic | Fijieyjar | Fijii | Fijī Ripablik | Fisi | Fiti | Fixhi | Fixi | Fiyi | Fiĝioj | Fiži | Fìdi | Fídjieyjar | Fííjii | Fėdžis | Fėdžė Salū Respoblėka | Gweriniaeth Ynysoedd Fiji | Insulae Fisienses | Insulae Vitienses | Iye Fig'i | Jamhuri ya Visiwa vya Fiji | Ködörösêse tî mbênî Fidyïi Zûa | Lýðveldið Fídjieyjar | Matanitu Tu-Vaka-i-koya ko Viti | Matanitu ko Viti | Phitzi | Phiyi | Phiyi Wat'akuna Republika | Pidyi | Pobblaght Ellanyn Fiji | Poblacht Oileán Fhidsí | Pʻiji | Republic of Fiji | Republic of the Fiji Islands | Republica Insulelor Fiji | Republica d'as Islas Fichi | Republica dagiti Isla ti Fiji | Republiek Fiji-eilanden | Republik Fidschi-Inseln | Republik Kepulauan Fiji | Republik bu iil yu Fiiji | Republika Fidzhi | Republika Fidži ostrva | Republika Fidžijski otoki | Republika Fidžijskoga Otočja | Republika Fidžijských ostrovov | Republika Fidžiski Ostrovi | Republika Wysp Fidżi | Republika Wyspůw Fidżi | Republika e Ishujve Fixhi | Republika ng Kapuluan ng Pidyi | Republika ng mga Pulo ng Pidyi | Republiken Fijiöarna | Republikken Fijiøyane | Republikken Fijiøyene | República das Ilhas Fiji | República das Illas Fidxi | República de Fidji | República de Fiji | República de las Islas Fiyi | República de les Islles Fixi | Res Publica Insularum Vitiensium | Respublika Fidz︠h︡i | Respublika Ostrovov Fidzhi | République des îles Fidji | Tlācatlahtohcāyōtl in Tlālhuāctli Fiyi | Viti | Witi | פיג'י | فيجي				כימה כבר מצביעה על אותה רשומה
987007552775505171	dup-variants	same-id	בורונדי	בורונדי, Résidence de l'Urundi	live	בורונדי	-3.66667, 29.81667	9272	987007552775505171	live	בורונדי	-3.666667, 29.816667	11	0.0	Bulongdi | Burundi | Burunji | Gouvernement de transition du Burundi | Ingoma y'i Burundi | Kingdom of Burundi | Republic of Burundi | Republika y'Uburundi | Royaume du Burundi | République du Burundi | Résidence de l'Urundi | Urundi | בורונדי | بوروندي		Ruanda-Urundi		כימה כבר מצביעה על אותה רשומה
987007554834705171	dup-variants	same-id	צ'רנוביץ (אוקראינה)	צ'רנוביץ (אוקראינה), Chernovtsy (Ukraine)	live	צ'רנוביץ (אוקראינה)	48.29083, 25.93444	6918	987007554834705171	live	צ'רנוביץ (אוקראינה)	48.290833333333, 25.934444444444	33	0.0	Cernăuţi (Ukraine) | Cernăuți (Ukraine) | Chernivt︠s︡i (Ukraine) | Cherniztsi (Ukraine) | Chernovitz (Ukraine) | Chernovit︠s︡ (Ukraine) | Chernovit︠s︡y (Ukraine) | Chernovtsy (Ukraine) | Chernovt︠s︡y (Ukraine) | Chernovyt︠s︡i (Ukraine) | Csernovic (Ukraine) | Czerniowce (Ukraine) | Czernowitz (Ukraine) | Tchernivtsi (Ukraine) | Tchernovtsy (Ukraine) | Tschernowitz (Ukraine) | Tsʹernovits (Ukraine) | Černivci (Ukraine) | Černovice (Ukraine) | Чернивцы (Украина) | טשערנאוויץ (אוקראינה) | טשערנאויטץ (אוקראינה) | צ'רנוביץ (אוקראינה) | تشيرنيفتسي (أوكرانيا) | Ṭshernoṿits (Ukraine)		Cernăuți (Romania)		כימה כבר מצביעה על אותה רשומה
987007535664705171	dup-variants	kima-unresolved	וייטנאם (רפובליקה)	וייטנאם (רפובליקה), République du Viet Nam	live	וייטנאם (רפובליקה)	10.77694, 106.69528						0	0.0	Cộng-hòa | De Fietnam | Derom Ṿiyeṭnam | Gweriniaeth Fietnam | Hego Vietnam | I︠U︡zhen Vietnam | Oa̳t-lâm Kiōng-hô-kok | Republic of Vietnam | Republik Vietnam | Republika Vietnam | República de Vietnam | République du Viet Nam | République du Vietnam | South Vietnam | Sud Viet Nam | Sud Vietnam | SudVietnam | Suda-Vietnam | Sydvietnam | Súd-Fietnam | Vietnam (Associated State) | Vietnam (Republic) | Vietnam (South) | Vietnam Selatan | Vietnam del Sud | Vietnam del Sur | Vietnam do Sur | Vietnamgo Errepublika | Vietnamská republika | Vietnan del Sur | Viêt Nam du Sud | Việt-Nam Cộng-hòa | Vjetnama respubliko | וייטנאם (רפובליקה) | فيتنام (جمهورية)	18614		heb: kima=ויטנם (רפובליקה) nli=וייטנאם (רפובליקה)	לא אותר מקום בכימה עבור הכותרת
987007550208905171	dup-variants	same-id	הביץ (הונגריה)	הביץ (הונגריה), Hévizfürdő	live	הביץ (הונגריה)	46.79056, 17.18417	8082	987007550208905171	live	הביץ (הונגריה)	46.790555555556, 17.184166666667	5	0.0	Héviz | Hévizfürdő | Hévizfürdő (Hungary) | Hévíz (Hungary) | הביץ (הונגריה) | هيفيز (المجر)				כימה כבר מצביעה על אותה רשומה
987007564931705171	dup-variants	same-id	קולכיס	קולכיס, Ėgrisskoe t︠s︡arstvo	live	קולכיס	42.26667, 42.0	16771	987007564931705171	live	קולכיס	42.26666667, 42	19	0.0	Colchis | Egrisi | Egrisi Kingdom | Egrisis samepʻo | Kingdom of Colchis | Kingdom of Egrisi | Kingdom of Lazice | Kolchis | Kolkhida | Kolkhidskoe t︠s︡arstvo | Kolxetʻi | Kolxida | Laz | Laz Kingdom | Lazice | Laziki | Lazikis samepʻo | Lazskoe t︠s︡arstvo | Ėgrisskoe t︠s︡arstvo | קולכיס | كولشيس				כימה כבר מצביעה על אותה רשומה
987007567731505171	dup-variants	same-id	הונג קונג (סין)	הונג קונג (סין), Zhong hua ren min gong he guo Xiang gang te bie xing zheng qu	live	הונג קונג (סין)	22.35768, 114.12102	331	987007567731505171	live	הונג קונג (סין)	22.27832, 114.17469	17	10.4	Chung-hua jen min kung ho kuo Hsiang-kang tʻe pieh hsing cheng chʻü | HKSAR | HKSAR (China) | Hong Kong (China) | Hong Kong S.A.R. (China) | Hong Kong Special Administrative Region (China) | Hsiang-kang tʻe pieh hsing cheng chʻü (China) | Xiang gang te bie xing zheng qu (China) | Xianggang (China) | Xianggang Tebie Xingzhengqu (China) | Zhong hua ren min gong he guo Xiang gang te bie xing zheng qu | Zhong hua ren min gong he guo xiang gang te bie xing zheng qu | Zhonghua Renmin Gongheguo Xianggang Tebie Xingzhengqu | הונג קונג (סין) | הונגקונג (סין) | هونغ كونغ (الصين)		Hong Kong		כימה כבר מצביעה על אותה רשומה
987007550518105171	dup-variants	same-id	ונואטו	ונואטו, République de Vanuatu	live	ונואטו	-16.63333, 168.01667	10081	987007550518105171	live	ונואטו	-16.633330555556, 168.01666944444	6	0.0	Banuatsu | Banuatsu Kyōwakoku | Cộng hòa Vanuatu | Dēmokratia tou Vanouatou | Republic of Vanuatu | Republica Vanuatu | Republik Vanuatu | Republika Vanuatu | Republika e Vanautusë | Republika ng Vanuatu | República de Vanuatu | República do Vanuatu | Ripablik blong Vanuatu | République de Vanuatu | République du Vanuatu | Rėspublika Vanuatu | Vanouatou | Vanuaaku | Vanuatská republika | Vanuatu | Vanuatu Cumhuriyeti | Vanuatu Vabariik | Vanuatua Respubliko | Vanuatuko Errepublika | Vanuatun tasavalta | Wanu'atu | ונואטו | فانواتو		New Hebrides		כימה כבר מצביעה על אותה רשומה
987007559777605171	dup-variants	same-id	בלגיה	בלגיה, België	live	בלגיה	50.75, 4.5	9530	987007559777605171	live	בלגיה	50.641111111111, 4.6680555555556	9	16.9	Baljīkā | Belchica | Beldjym | Belezi | Belga Királyság | Belghia | Belgia Kuningriik | Belgice | Belgice Cynerīce | Belgické království | Belgien | Belgii︠a︡ | Belgija | Belgijos Karalystė | Belgijskô | Belgika | Belgio | Belgique | Belgiska | Belgium | Belgiya | Belgiyah | België | Belgje | Belgjiche | Belgjo | Belgujo | Belhika | Beljika | Belsch | Belsj | Belçika | Belçika Krallığı | Belʹgi | Belʹgii︠a︡ Korollege | Belʹhii︠a︡ | Belʹjmudin Nutg | Berugī | Beļgeja | Beļg̓ijas Karaliste | Bheilg | Bilgasuyu | Bilhika Qhapaqsuyu | Bilkiya | Bäigien | Bèlgia | Bèljik | Bélgica | Bélgii Bikéyah | Bélxica | Gwlad Belg | Igihugu cyʼUbubirigi | Karaleŭstva Belʹhii︠a︡ | Keuninkriek Belsj | Kingdom of Belgium | Kinigraich Bäigien | Kinnekräich Belsch | Kongeriget Belgien | Koninkrijk België | Koninkrijk van België | Koninkryk van België | Kraljevina Belgija | Kralojstwo Belgiskej | Königreich Belgien | Königriich Belgie | Mamlakat Baljīkā | Mamlekhet Belgiyah | Nsi ya ntotila ya Belezi | Pelekiuma | Pow Belg | Reeriaght ny Belg | Regne de Bèlgica | Regno del Belgio | Reino de Belchica | Reino de Bélgica | Reinu de Bélxica | Reĝlando Belgio | Royaume de Belgique | Royômo de Bèlg·ique | Ruwvaneth Belgek | Rìoghachd na Beilge | Ríocht na Beilge | Teyrnas Gwlad Belg | Ubelgiji | Ububiligi | Ububirigi | Ufalme wa Ubelgiji | Vasileio tou Velgiou | Velg | Velgio | Vãsilia di Belghia | בלגיה | بلجيكا				כימה כבר מצביעה על אותה רשומה
987007565251505171	dup-variants	same-id	צ'כיה	צ'כיה, Česká republika	live	צ'כיה	50.0545, 15.88256	17739	987007565251505171	live	צ'כיה	50, 15	15	63.3	Cheko | Cheko Kyōwakoku | Chequia | Czech Republic | Czechia | República Checa | República Txeca | République tchèque | Tschechei | Tschechenland | Tschechien | Tschechische Republik | Txeca | Txèquia | ČR | Česko | Česká republika | Češka | צ'כיה | التشيك				כימה כבר מצביעה על אותה רשומה
987007564193905171	dup-variants	same-id	ליכטנשטיין	ליכטנשטיין, Likhtenshteĭn	live	ליכטנשטיין	47.145, 9.55389	9852	987007564193905171	live	ליכטנשטיין	47.145, 9.553889	6	0.0	Firschtntum Liachtnstoa | Furstadæmið Liechtenstein | Fyrstedømmet Liechtenstein | Fürstentum Liechtenstein | Kepangeranan Liechtenstein | Kneževina Lihtenštajn | Kni︠a︡stva Likhtėnshtėĭn | Kni︠a︡zhestvo Likhtenshtaĭn | Knížectví Lichtenštejnsko | Liachtnstoa | Lichtenstain | Lichtenštejnsko | Lichtinstéin | Liechtenstein | Liechtensteingo Printzerria | Liechtensteini Vürstiriik | Liechtensteinska | Lihtenşteyn | Lihtenštajn | Likenekaina | Likhtenshtaĭn | Likhtenshteĭn | Liktenŝtejno | Lixtenşteyn | Liĥtenŝtejno | Lychtenstein | Lístestain | Lēohtenstān | Lēohtenstān Þēodenrīċe | Nesikhot Likhṭenshṭain | Prencipato de Liechtenstein | Prencipau de Lístestain | Principado de Liechtenstein | Principality of Liechtenstein | Principat de Liechtenstein | Principato del Liechtenstein | Principauté de Liechtenstein | Principauté du Liechtenstein | Principáu de Liechtenstein | Princlando Liĥtenŝtejno | Prinkipato tou Lichtenstain | Prinsaght Liechtenstein | Prinsdom van Liechtenstein | Prionsacht Lichtinstéin | Tywysogaeth Liechtenstein | Wjerchojstwo Liechtensteinska | Łííhtensain | ליכטנשטיין | ليختنشتاين				כימה כבר מצביעה על אותה רשומה
987007489295805171	dup-variants	same-id	אקהל ולאיאטי (טורקמניסטן)	אקהל ולאיאטי (טורקמניסטן), Ahal Welaýaty (Turkmenistan)	live	אקהל ולאיאטי (טורקמניסטן)	38.25, 59.75	78560	987007489295805171	live	אקהל ולאיאטי (טורקמניסטן)		0		Ahal (Turkmenistan : Welaýaty) | Ahal Province (Turkmenistan) | Ahal Velayat (Turkmenistan) | Ahal Welaýaty (Turkmenistan) | Ahal welaýaty (Turkmenistan) | Akhal Province (Turkmenistan) | Akhal Velayat (Turkmenistan) | Akhal velai︠a︡ty (Turkmenistan) | Akhal velayaty (Turkmenistan) | Akhalskiy Velayat (Turkmenistan) | Akhalskiĭ velai︠a︡t (Turkmenistan) | אקהל ולאיאטי (טורקמניסטן) | أخال فيلاياتي (تركمانستان)		Ashkhabadskai︠a︡ oblastʹ (Turkmenistan)		כימה כבר מצביעה על אותה רשומה
987007475702205171	dup-places-diff	both-live	ולורה (אלבניה)	ולורה (אלבניה)	live	ולורה (אלבניה)	40.46667, 19.48333	17345	987007537834005171	live	ולורה (אלבניה)	40.45, 19.483333333333	11	1.9	Bashkia Vlorë (Albania) | Bashkia e Vlorës (Albania) | Municipality of Vlora (Albania) | Municipality of Vlore (Albania) | Qyteti i Vlorës (Albania) | Vlorë (Albania : Municipality) | ולורה (אלבניה) | باشكيا إي فلوريس (ألبانيا)	90629		rom: kima=Vlorë (Albania) nli=Bashkia e Vlorës (Albania) | heb: kima=ולורה (אלבניה:עיריה) nli=ולורה (אלבניה)	שתי הרשומות קיימות ב־NLI — כפילות אמיתית
987007529793305171	dup-variants	same-id	ספרד החדשה	ספרד החדשה, Nueva España	live	ספרד החדשה	19.43333, -99.13333	3082	987007529793305171	live	ספרד החדשה	19.43333333, -99.13333333	3	0.0	Mexico (Viceroyalty) | New Spain | Nueva España | ספרד החדשה | إسبانيا الجديدة				כימה כבר מצביעה על אותה רשומה
987007550233805171	dup-variants	same-id	הרפובליקה הדומיניקנית	הרפובליקה הדומיניקנית, República Dominicana	live	הרפובליקה הדומיניקנית	19.0, -70.66667	7037	987007550233805171	live	הרפובליקה הדומיניקנית	18.8, -70.2	7	53.9	Dominican Republic | Dominika Kyōwakoku | Dominikaaninen tasavalta | Dominikanische Republik | Dominikanska republiken | Republiḳah ha-Dominiḳanit | República Dominicana | République dominicaine | San Domingo | הרפובליקה הדומיניקנית | جمهورية الدومنيكان		Santo Domingo (Spanish colony)		כימה כבר מצביעה על אותה רשומה
987007552788005171	dup-variants	same-id	מלאווי	מלאווי, Dziko la Malaŵi	live	מלאווי	-13.0, 34.0	8465	987007552788005171	live	מלאווי	-13, 34	11	0.0	Dziko la Malaŵi | GOM | GOM (Malawi) | Ma-la-wei | Malaui | Malavi | Malawi | Maraui | Republic of Malaŵi | Republik Malawi | República de Malawi | מלאווי | مالاوي		Nyasaland		כימה כבר מצביעה על אותה רשומה
987007548188605171	dup-variants	same-id	גיאנה	גיאנה, Gaĭana	live	גיאנה	5.73333, -59.31667	8202	987007548188605171	live	גיאנה	5.733333, -59.316667	6	0.0	An Ghuáin | Bu̇gd Naĭramdakh Gaĭana Uls | Co-operatibung Republica ning Guyana | Co-operative Republic of Guyana | Comharphoblacht na Guáine | Coöperative Republic of Guyana | Gajana | Gajanos Respublika | Gajanys Republika | Gajānas Kooperatīvā Republika | Gaĭana | Gaĭana Kooperativ Respublikaḣy | Gaĭanæ | Gaĭanæĭy Kooperativon Respublikæ | Geeaaney | Ghuáin | Gianah | Giyana | Giyàn | Gouiana | Guaiana | Guayana | Gudjanas | Guiana (Co-operative Republic) | Guidheana | Gujana Kooperativa Respubliko | Gujano | Gujána | Guyana | Guyana Mama Llaqta | Guyana Vabariik | Guyanai Szövetkezeti Köztársaság | Guyanako Errepublika Kooperatiboa | Guyane (Co-operative Republic) | Gvajana | Gviana | Gvæjana | Gwayana | Gweriniaeth Gydweithredol Gaiana | Gwiana | Hai︠a︡na | Kaaperatyŭnai︠a︡ Rėspublika Hai︠a︡na | Ko-operatibo a Republika iti Guyana | Koi-â-nâ | Kooperative Republik Guyana | Kooperativna Republika Gvajana | Kooperativna republika Gviana | Kooperativní republika Guyana | Niită Gaĭanmudin Orn | Pobblaght Cho-obbragh Gheeaaney | Qayana | Qayana Kooperativ Respublikası | Repubblica Cooperativa di Guyana | Repubblika Ko-operattiva tal-Gujana | Republik Kooperatif Guyana | Republik Koperativel Guyana | Republika Gvajana | Republiḳah ha-shitufit shel Gianah | República Cooperativa de Guyana | República Cooperativa de Güiana | Repúbrica Cuperativa de Guyana | Res Publica Cooperativa Guianensis | République coopérative de Guyane | République coopérative du Guyana | Samvinnulýðveldið Gvæjana | Synergatikē Dēmokratia tēs Gouianas | Tlachiuhca Tlācatlahtohcāyōtl Guyana | Wayana | גיאנה | غيانا				כימה כבר מצביעה על אותה רשומה
987007542764605171	dup-variants	kima-unresolved	הרובע הלטיני (פריז, צרפת)	הרובע הלטיני (פריז, צרפת), Latin quarter (Paris, France)	live	הרובע הלטיני (פריז, צרפת)	48.85142, 2.34317						0	0.2	Latin Quarter (Paris, France) | Latin quarter (Paris, France) | Quartier latin (Paris, France) | הרובע הלטיני (פריז, צרפת) | الحي اللاتيني (باريس، فرنسا)	19742		heb: kima=הרובע הלטיני (פריס, צרפת) nli=הרובע הלטיני (פריז, צרפת)	לא אותר מקום בכימה עבור הכותרת
987007559777805171	dup-variants	same-id	הודו	הודו, Ḣindiston Respublikasi	live	הודו	22.0, 79.0	9527	987007559777805171	live	הודו	22.8, 83	17	420.7	Bharat | Bhārata | Bu̇gd Naĭramdakh Ėnėtkhėg Uls | Government of India | Hind | Inde | India | Indien | Indii︠a︡ | Indië | Indland | Indo | Republic of India | Sāthāranarat ʻIndīa | Yin-tu | Yindu | Ėnėtkhėg | הודו | الهند | Ḣindiston Respublikasi				כימה כבר מצביעה על אותה רשומה
987007564754305171	dup-variants	kima-unresolved	בורקינה פאסו	בורקינה פאסו, République démocratique du Burkina Faso	live	בורקינה פאסו	12.26667, -2.06667						0	0.0	Bourkina | Bourkina Fasso | Burkina | Burkina Faso | Burukina Faso | Burukinafaso | Burḳinah Faso | Gouvernement du Burkina Faso | République démocratique du Burkina Faso | בורקינה פאסו | بوركينا فاسو	14595	Upper Volta	heb: kima=בורקינה פסו nli=בורקינה פאסו	לא אותר מקום בכימה עבור הכותרת
987007550561105171	dup-places	kima-unresolved	מחוז צ'רנוביץ (אוקראינה)	מחוז צ'רנוביץ (אוקראינה)	live	מחוז צ'רנוביץ (אוקראינה)	48.25, 26.0						0						לא אותר מקום בכימה עבור הכותרת
987007550240205171	dup-variants	same-id	יפן	יפן, Iapōnia	live	יפן	35.0, 136.0	6410	987007550240205171	live	יפן	35, 136	22	0.0	Giappone | Government of Japan | Iapōnia | I︠A︡pon | I︠A︡pon Uls | I︠A︡ponii︠a︡ | Japam | Japan | Japani | Japon | Japonia | Japonsko | Japonya | Japão | Jepun | Jih-pen | Mư̄ang Yīpun | Nihon | Nihon-koku (Jurisdiction) | Nihonkoku | Nippon | Nippon-koku | Nipponkoku | Prathēt Yīpun | Riben | State of Japan | Tsaquaniyi | Tsawanisi | Yapan | Yapon | Yapon Ulus | Yābān | Yīpun | Zhaponii︠a︡ | Zhāpun | Zhāpān | al-Yābān | יפן | اليابان				כימה כבר מצביעה על אותה רשומה
987007550341305171	dup-variants	same-id	יוגוסלביה	יוגוסלביה, Socijalistička Federativna Republika Jugoslavija	live	יוגוסלביה	-25.3371, -57.50164	7058	987007550341305171	live	יוגוסלביה	42.783333333333, 19.466666666667	41	10909.5	FNRI︠U︡ | FNRJ | FR Yugoslavia | Federal People's Republic of Yugoslavia | Federal Republic of Yugoslavia | Federativna Narodna Republika Jugoslavija | Federativna ljudska republika Jugoslavija | Federatyvna Narodna Respublika I︠U︡hoslavii︠a︡ | Iugoslavia | I︠U︡goslavii︠a︡ | I︠U︡hoslavii︠a︡ | Jugoslavia | Jugoslavija | Jugoszláv Szocialista Szövetségi Köztársaság | Jugoszlávia | Kingdom of Serbs, Croats, and Slovenes | Kingdom of Yugoslavia | Korolevstvo SKhS | Korolevstvo serbov, khorvatov i sloventsev | Kraljevina Jugoslavija | Kraljevina Srba, Hrvata i Slovenaca | Nan-ssu-la-fu | Nansilafu | RSFY | République fédérative populaire de Yougoslavie | République socialiste fédérative de Yougoslavie | SFRI︠U︡ | SFRJ | SRI︠U︡ | Savezna Republika Jugoslavija | Socialist Federal Republic of Yugoslavia | Socijalistička Federativna Republika Jugoslavija | Socjalistyczna Federacyjna Republika Jugosłavii | Soi︠u︡zna Respublika I︠U︡hoslavii︠a︡ | Sot︠s︡ialisticheskai︠a︡ Federativnai︠a︡ Respublika I︠U︡goslavii︠a︡ | Sot︠s︡ialistychna Federatyvna Respublika I︠U︡hoslavii︠a︡ | Yougoslavie | Yugoslavia | Yugoslavyah | Yugosŭllabia | יגוסלביה | יוגוסלביה | يوغوسلافيا				כימה כבר מצביעה על אותה רשומה
987007530804305171	dup-variants	same-id	אודמורטיה (רוסיה)	אודמורטיה (רוסיה), Pravitelʹstvo Udmurtskoĭ Respubliki	live	אודמורטיה (רוסיה)	57.70694, 52.49694	17835	987007530804305171	live	אודמורטיה (רוסיה)	57.706944444444, 52.496944444444	11	0.0	Pravitelʹstvo Udmurtskoĭ Respubliki | Republic of Udmurtia (Russia) | UR | UR (Russia) | Udmurt Republic (Russia) | Udmurt Ėlʹkun | Udmurt Ėlʹkun (Russia) | Udmurtia (Russia) | Udmurtii︠a︡ (Russia) | Udmurtiya (Russia) | Udmurtskai︠a︡ Respublika (Russia) | Udmurtskaya Respublika (Russia) | אודמורטיה (רוסיה) | أودمورتي (روسيا)		Udmurtskai︠a︡ A.S.S.R. (R.S.F.S.R.)		כימה כבר מצביעה על אותה רשומה
987007548069305171	dup-variants	same-id	פורטוגל	פורטוגל, República Portuguesa	live	פורטוגל	39.69444, -8.13056	8183	987007548069305171	live	פורטוגל	38.7, -9.1833333333333	13	143.0	Burtughāl | Jumhūrī-i Purtughāl | Jumhūrīyah al-Burtughālīyah | Lusitania | Lusitania (Portugal) | P'orŭt'ugal | P'orŭt'ugal Konghwaguk | Portekiz | Portekiz Cumhuriyeti | Portogalia | Portogallo | Portugal | Portugali | Portugalia | Portugalii︠a︡ | Portugalsko | Portugalská republika | Portugalʹskai︠a︡ Respublika | Portugiesische Republik | Portuguese Republic | Portugál Köztársaság | Porutogaru | Porutogaru Kyōwakoku | Purtughāl | Putaoya | Putaoya Gongheguo | Repubblica Portoghese | Republica Portugheză | Republika Portugalska | República Portuguesa | République portugaise | al-Burtughāl | al-Jumhūrīyah al-Burtughālīyah | פורטוגל | البرتغال				כימה כבר מצביעה על אותה רשומה
987007552779205171	dup-variants	same-id	דופין (צרפת)	דופין (צרפת), Dauphiné	live	דופין (צרפת)	45.0, 5.25	9376	987007552779205171	live	דופין (צרפת)	19.01524, -72.45983	5	7574.4	Dalphinatus (France) | Dauphiny (France) | Dauphiné | Dauphiné (France) | Delfinat (France) | Delphinatus (France) | דופין (צרפת) | دوفيني (فرنسا)				כימה כבר מצביעה על אותה רשומה
987007555224805171	dup-variants	same-id	ויז'ניץ (אוקראינה)	ויז'ניץ (אוקראינה), Vizhnit︠s︡a (Ukraine)	live	ויז'ניץ (אוקראינה)	48.25, 25.19167	13465	987007555224805171	live	ויז'ניץ (אוקראינה)	48.25, 25.191666666667	15	0.0	Visnita (Ukraine) | Visnit︠s︡a (Ukraine) | Vizhnitsa (Ukraine) | Vizhnitz (Ukraine) | Vizhnit︠s︡a (Ukraine) | Viznits (Ukraine) | Viznit︠s︡a (Ukraine) | Vyz︠h︡nyt︠s︡i︠a︡ (Ukraine) | Vyžnycja (Ukraine) | Wiznitz (Ukraine) | ווישניצא (אוקראינה) | ויז'ניץ (אוקראינה) | فيزانيت (أوكرانيا) | Ṿiz'nits (Ukraine)				כימה כבר מצביעה על אותה רשומה
987007552775605171	dup-variants	same-id	רואנדה	רואנדה, République rwandaise	live	רואנדה	-1.94028, 29.87389	9271	987007552775605171	live	רואנדה	-2, 30	14	15.5	Jamhuri ya Rwanda | Luwangda | Republic of Rwanda | Republika Nyarwanda | Republika y'u Rwanda | Repubulika y'Urwanda | Repubulika y'u Rwanda | Respublika Ruanda | Ruanda | Ruwanda | Ruʼandah | Rwanda | Rwandese Republic | Rwandu | République du Rwanda | République rwandaise | Résidence du Ruanda | רואנדה | رواندا		Ruanda-Urundi		כימה כבר מצביעה על אותה רשומה
987007559533505171	dup-variants	same-id	אי הנסיך אדוארד	אי הנסיך אדוארד, Ile du Prince-Édouard	live	אי הנסיך אדוארד	46.25, -63.0	7666	987007559533505171	live	אי הנסיך אדוארד	46.4, -63.2	8	22.7	Abegweit | Ai de hua wang zi dao | Aidehua wang zi dao | Eduardo Printzearen uhartea | Edward Ông-chú Tó | Eilean a' Phrionnsa | Ellan y Phrinse Edard | Enez ar Priñs Edward | Epekwitk | I ha-nasikh Eduʼard | Ile du Prince-Édouard | Ilha do Príncipe Eduardo | Illa del Príncep Eduard | Illa do Príncipe Eduardo | Insula Principis Eduardi | Insula Prințului Edward | Insulo de Princo Eduardo | Isla del Príncipe Eduardo | Islla Príncipe Dubardu | Islla del Príncipe Dubardu | Isoa do Prinçipe Edoardo | Isola del Principe Edoardo | Lalawigan han Purô han Prinsipe Edwardo | Nēsos tou Prinkēpa Edouardou | Oileán Phrionsa Éadbhard | Ostriv Prynt︠s︡a Edvarda | Ostrov Princ Edvard | Ostrov Print︠s︡ Eduard | Ostrov Print︠s︡a Ėduarda | Ostrov princa Eduarda | Ostrov prince Edwarda | Ostrovot na Princ Edvard | Ostrvo Princa Edwarda | Ostrvo princa Edvarda | Otok Princa Edwarda | Otok princa Edvarda | P.E.I. | PEI | Prens Edward Adası | Prince Edward Island | Prince Edward Isle | Prince Edward-sziget | Princo Edvardo sala | Prins Eduardeiland | Prins Edvards ö | Prins Edwardeiland | Prins Edwardeilân | Prins Ėdvardyn Aral | Prins-Eduard-Eiland | Prins-Edward-Eiland | Prinssi Edwardin saari | Prints Edwardi saar | Prints Edwardi saare provints | Print︠s︡ Ėduardy sakʺadakh | Prinz-Edward-Insel | Prinča Edvarda Sala | Province de l'Île-du-Prince-Édouard | Province of Prince Edward Island | Prėnca Edvarda sala | Pulau Pangeran Edward | Pulong Prinsipe Edwardo | Purinsu Edowādo Airando | Purinsu Edowādo Airando-shū | Purinsu Edowādo Airandoshū | Purô han Prinsipe Edwardo | Vostraŭ Pryntsa Ėduarda | Wyspa Księcia Edwarda | Ynys an Pryns Edward | Ìsola dël Prinsi Edoard | Î.-P.-É. | Đảo Hoàng tử Edward | Şahzadä Eduard Adası | אי הנסיך אדוארד | جزيرة الأمير إدوارد				כימה כבר מצביעה על אותה רשומה
987007548070005171	dup-variants	same-id	לבנון	לבנון, République libanaise	live	לבנון	33.83333, 35.83333	7242	987007548070005171	live	לבנון	33.833333, 35.766667	24	6.2	Dēmokratia tou Livanou | Grand Lebanon | Grand Liban | Jabal Lubnān (Turkey : Mutaṣarrifīyah) | Jumhouriya al-Lubnaniya | Jumhūrīyah al Lubnānīyah | Jumhūrīyyah al-Lubnānīyyah | Lebanese Republic | Lebanon | Levanon | Levonen | Liban | Libanan | Libanen | Libanon | Libanska Republika | Livan | Livanos | Livanskai︠a︡ Rėspublika | Livansʹka Respublyka | Lubnān | Líbano | Mont-Liban (Turkey : Mutaṣarrifīyah) | Rebanon | Rebanon Kyōwakoku | Republic of Lebanon | Republika Livan | Republiḳah ha-Levanonit | Respublika Livan | République libanaise | לבנון | لبنان				כימה כבר מצביעה על אותה רשומה
987007552782005171	dup-variants	kima-unresolved	ויטוריאה (אספיריטו סנטו, ברזיל)	ויטוריאה (אספיריטו סנטו, ברזיל), Prefeitura Municipal de Vitória	live	ויטוריאה (אספיריטו סנטו, ברזיל)	-20.31056, -40.29722						0	0.0	PMV (Espírito Santo, Brazil) | Prefeitura Municipal de Vitória | Victoria (Espírito Santo, Brazil) | Vitória (Espírito Santo, Brazil) | Vitória, Brazil (Espírito Santo) | ויטוריאה (אספיריטו סנטו, ברזיל) | فيتوريا (إسبيريتو سانتو، البرازيل)	9452		heb: kima=ויטוריאה (ברזיל) nli=ויטוריאה (אספיריטו סנטו, ברזיל)	לא אותר מקום בכימה עבור הכותרת
987007562087505171	dup-variants	same-id	סומליה	סומליה, Ṣūmāl	live	סומליה	6.0, 47.0	7912	987007562087505171	live	סומליה	6, 47	23	0.0	J.D.S. | J.D.S. (Jamhuuriyadda Dimoqraadiga Soomaaliya) | JDS | JDS (Jamhuuriyadda Dimoqraadiga Soomaaliya) | Jamhuriyadda Dimugradiga ee Soomaaliya | Jamhuuriyadda Dheegcabayaasha Cilmila'anta | Jamhuuriyadda Dimoqraadiga Soomaaliya | Jamhuuriyadda Dimuqraadiga Soomaaliya | Jamhuuriyadda Dimuqraatiga Soomaaliya | Jumhuriyadda Dimuqradika Somaliya | Jumhūriyyat aṣ-Ṣūmāl | Jumhūrīyat al-Ṣūmāl al-Dīmuqrāṭīyah | Repubblica democratica somala | Repubblica somala | République Démocratique de Somalie | S.D.R. | SDR | Somali Democratic Republic | Somali Republic | Somalia | Soomaaliya | סומליה | الصومال | Ṣūmāl		Italian Somaliland | British Somaliland		כימה כבר מצביעה על אותה רשומה
987007564531305171	dup-variants	same-id	חוף השנהב	חוף השנהב, Elfenbeinküste	live	חוף השנהב	8.0, -6.0	11346	987007564531305171	live	חוף השנהב	8, -6	19	0.0	Bereg Slonovoĭ Kosti | Costa d'Avorio | Costa de Bori | Costa de Marfil | Costa de Vori | Couta d'Ivouèro | Côte d'Ivoire | Elfebeikischte | Elfenbeinküste | Elpendbānrīma | Fil Dişi Sahili | Fil Dişi Sahili Respublikası | Ivoire, Côte d' | Ivoorkus | Ivory Coast | Kot d'Ivoar | Kot d'Ivuar | Kōto Jibowāru | Kōto Jibowāru Kyōwakoku | Kōtojibowāru | Kōtojibowāru Kyōwakoku | Kōtojiboāru | Obala Slonovače | Panté Gadéng | Republic of Côte d'Ivoire | Republic of Ivory Coast | Republic of the Ivory Coast | Republica de Costa de Vori | Republiek van Côte d'Ivoire | Republika Kot d'Ivoar | Republika Obala Slonovače | République de Côte d'Ivoire | République de la Côte d'Ivoire | Rėspublika Kot d'Ivuar | Territoire de la Côte d'Ivoire | חוף השנהב | ساحل العاج				כימה כבר מצביעה על אותה רשומה
987007564232105171	dup-variants	same-id	פרגוואי	פרגוואי, Paragvaĭ	live	פרגוואי	-23.5, -58.0	7956	987007564232105171	live	פרגוואי	-23.5, -58	7	0.0	Dēmokratia tēs Paragouaēs | Lýðveldið Paraguei | Paragaĭmudin Orn | Paragoayi | Paragouaē | Paragua | Paraguai | Paraguaidh | Paraguay | Paraguay Vabariik | Paraguei | Paragvaj | Paragvaja Respubliko | Paragvajo | Paragvaĭ | Paragvæ | Parahvaĭ | Paraqvay | Parawayi | Parawayi Republika | Pharaguay | Pobblaght ny Paraguay | Pâ-lâ-kûi | Pʻaragwai | Republic of Paraguay | Republika Paragvaj | Republika Paragvaĭ | República del Paraguay | République du Paraguay | Rėspublika Parahvaĭ | Tetã Paraguái | פאראגואי | פארגוואי | פראגווי | פרגואי | פרגוואי | פרגוי | باراغواي				כימה כבר מצביעה על אותה רשומה
987007566831305171	dup-variants	kima-unresolved	מיוט	מיוט, Collectivité territoriale de Mayotte	live	מיוט	-12.84306, 45.13833						0	0.0	Collectivité territoriale de Mayotte | Département de Mayotte | Ile Mayotte | Maote | Mayotta | Mayotta Island | Mayotte | מיוט | مايوت	11954		heb: kima=מאיוט nli=מיוט	לא אותר מקום בכימה עבור הכותרת
987007561794005171	dup-variants	same-id	סינגפור	סינגפור, Shōnantō	live	סינגפור	1.31473, 104.24518	7564	987007561794005171	live	סינגפור	1.3, 103.8	18	49.5	Ciṅkappūr | Colony of Singapore | Garden City | Hingapoa | Hsin-chia-pʻo | Lion City | Red Dot | Republic of Singapore | Republik Singapura | Sanghāfūrah | Scingapô | Sengapou | Shingapōru | Shingapōru Kyōwakoku | Shōnan-shi | Shōnantō | Sin-ka-pho | Sinapoa | Singafora | Singapoer | Singapore | Singapore (Singapore) | Singapore City (Singapore) | Singapore Colony | Singaporo | Singapour | Singapul | Singapur | Singapura | Singapuri | Singapuro | Singapūras | Singapūro Respublika | Singeapór | Singgap'orŭ | Singgapura | Singhāfūrah | Singkhapō | Sinhapur | Sinkapoyrē | Sinngapuur | Sinqapur | Syonan-to | Szingapúr | Tumasik (Singapore) | Xinjiapo | Xinjiapo Gongheguo | Xinjiapo gong he guo | סאנגיפור | סינגפור | سنغافورة				כימה כבר מצביעה על אותה רשומה
987007418973105171	dup-variants	same-id	טימור המזרחית	טימור המזרחית, Repoṕlika Democrátika Timor Lorosa'e	live	טימור המזרחית	-8.96667, 125.75	20951	987007418973105171	live	טימור המזרחית	-8.966667, 125.75	9	0.0	Constitutional Government of East Timor | Democratic Republic of Timor-Leste | East Timor | Governo Constitucional de Timor-Leste | Governu Konstitutionál da Timor-Leste | Higashi Timōru | Itä-Timor | RDTL | Repoṕlika Democrátika Timor Lorosa'e | República Democrática de Timor-Leste | Repúblika Demokrátika Timor Lorosa'e | Repúplica Democrática de Timor-Leste | Timor Lorosa'e | Timor Wschodni | Timor-Leste | Östra Timor | Östtimor | Тимор-Лесте | טימור המזרחית | تيمور الشرقية | 東ティモール		Timor Timur (Indonesia)	rom: kima=East Timor nli=Timor-Leste	כימה כבר מצביעה על אותה רשומה
987007469591505171	dup-variants	same-id	אקאטלאן דה חוארז (מקסיקו)	אקאטלאן דה חוארז (מקסיקו), Santa Ana Acatlán	live	אקאטלאן דה חוארז (מקסיקו)	20.42417, -103.60139	19252	987007469591505171	live	אקאטלאן דה חוארז (מקסיקו)	20.424166666667, -103.60138888889	3	0.0	Acatlán de Juarez (Mexico) | Santa Ana Acatlán | Santa Ana Acatlán (Mexico) | אקאטלאן דה חוארז (מקסיקו) | أكاتلان دي خواريز (المكسيك)				כימה כבר מצביעה על אותה רשומה
987007552535305171	dup-variants	same-id	ישראל	ישראל, Medinat Yiśraʾel	live	ישראל	31.5, 34.75	697	987007552535305171	live	ישראל	31, 35	19	60.5	Dawlat Isrāʼīl | Država Izrael | Dzi︠a︡rz︠h︡ava Izrailʹ | Gosudarstvo Izrailʹ | I-se-lieh | Isiliyi | Israel | Israel (State) | Israele | Isrāʾīl | Isuraeru | Isŭrael | Izrael | Izrailʹ | Kratos tou Israēl | Land of Israel | Medinat Israel | Medinat Yiśraʾel | Shṭoṭ fun Yiśroel | State of Israel | Stát Izrael | Yiselie | Yiśraʾel | Yiśroel | היסטוריה. מקומות. ארץ ישראל | ישראל | إسرائيل				כימה כבר מצביעה על אותה רשומה
987007555045405171	dup-variants	same-id	מחוז מורמנסק (רוסיה)	מחוז מורמנסק (רוסיה), Murmansk oblastʹ (Russia)	live	מחוז מורמנסק (רוסיה)	68.0, 34.0	77568	987007555045405171	live	מחוז מורמנסק (רוסיה)		0		Murmansk (R.S.F.S.R. : Oblastʹ) | Murmansk Oblastʹ (Russia) | Murmansk oblastʹ (Russia) | Murmansk, Russia (Province) | Murmanskai︠a︡ oblastʹ (R.S.F.S.R.) | Murmanskai︠a︡ oblastʹ (Russia) | Murmanskaya oblastʹ (Russia) | מחוז מורמנסק (רוסיה) | مورمانسكايا أوبلاست (روسيا)		Murmanskiĭ okrug (R.S.F.S.R.)		כימה כבר מצביעה על אותה רשומה
987007554810605171	dup-variants	same-id	לוס אנג'לס (קליפורניה)	לוס אנג'לס (קליפורניה), Ciudad De Los Angeles (Calif.)	live	לוס אנג'לס (קליפורניה)	34.05223, -118.24368	154	987007554810605171	live	לוס אנג'לס (קליפורניה)	34.05223, -118.24368	38	0.0	Angeles (Calif.) | Angelopolis (Calif.) | City of Angels (Calif.) | City of Los Angeles (Calif.) | Ciudad De Los Angeles (Calif.) | Ciudad de Los Angeles (Calif.) | Horad Los-Andz︠h︡ėles (Calif.) | L.A. (Calif.) | LA (Calif.) | La La Land (Calif.) | Lo-shan-chi (Calif.) | Los Anceles (Calif.) | Los Andzhelis (Calif.) | Los Andzsheles (Calif.) | Los Andželas (Calif.) | Los Andželes (Calif.) | Los Andʹeles (Calif.) | Los Angeles (Calif.) | Los Angeles City (Calif.) | Los Anheles (Calif.) | Los Anjeles (Calif.) | Los Antzeles (Calif.) | Los Anxheles (Calif.) | Los-Andz︠h︡ėles (Calif.) | Los-Anĝeleso (Calif.) | Losandželosa (Calif.) | Loshanji (Calif.) | Losŭ Aenjellesŭ (Calif.) | Lūs Anjilūs (Calif.) | Our Lady Queen of the Angels (Calif.) | Pueblo De Los Angeles (Calif.) | Pueblo Los Angeles (Calif.) | Pueblo de Los Angeles (Calif.) | Pueblo de Nuestra Senora la Reina de los Angeles de Porciuncula (Calif.) | Rosanzerusu (Calif.) | Rosanzerusu-shi (Calif.) | Tianshizhicheng (Calif.) | Tien-shih-chih-cheng (Calif.) | Town of Our Lady the Queen of the Angels of Porciuncula (Calif.) | Tʻien-shih-chih-chʻeng (Calif.) | Λος Αντζελες (Calif.) | לאס אנג'לאס (קליפורניה) | לאס אנג'לס (קליפורניה) | לאס אנג'לעס (קליפורניה) | לאס אנגעלעס (קליפורניה) | לאס אנדזשעלעס (קליפורניה) | לאס אנדשעלעס (קליפורניה) | לוס אנג'יליס (קליפורניה) | לוס אנג'לס (קליפורניה) | לוס אנג'לעס (קליפורניה) | لوس أنجلوس (كاليفورنيا)				כימה כבר מצביעה על אותה רשומה
987007566814705171	dup-variants	kima-unresolved	איי גלפגוס	איי גלפגוס, Archipiélago de Colón	live	איי גלפגוס	-0.66667, -90.55						0	0.0	Archipelago of Galápagos | Archipiélago de Colón | Archipiélago de Colón (Ecuador) | Archipiélago de Galápagos (Ecuador) | Colón, Archipiélago de | Enchanted Islands | Galapagos Islands | Galápagos | Galápagos (Ecuador : Province) | Islas Encantadas | Islas Galápagos | Iye ha-Galapagos | Provincia Insular de Galápagos (Ecuador) | Provincia de Galápagos (Ecuador) | Territorio de Galápagos (Ecuador) | איי גלפגוס | جزر غالاباغوس	12678		heb: kima=גלפגוס, איים nli=איי גלפגוס	לא אותר מקום בכימה עבור הכותרת
987007555193705171	dup-variants	same-id	קפה קפל הגר (אתיופיה)	קפה קפל הגר (אתיופיה), Gemu Gwefa (Ethiopia)	live	קפה קפל הגר (אתיופיה)	7.0, 36.5	14939	987007555193705171	live	קפה קפל הגר (אתיופיה)		12		Caffa (Ethiopia) | GEMU GWEFA (Ethiopia) | Gemu Gwefa (Ethiopia) | Gimma (Ethiopia) | Gomara Kefa (Ethiopia) | Jimā (Ethiopia) | Kafa (Ethiopia) | Kaffa Jimma (Ethiopia) | Kefa (Ethiopia) | Kefa Kifle Hāger (Ethiopia) | Keffa (Ethiopia) | Keffa Jimma (Ethiopia) | קפה קפל הגר (אתיופיה) | كيفا كيفلي هاجر (إثيوبيا)				כימה כבר מצביעה על אותה רשומה
987007535457305171	dup-variants	kima-unresolved	אריתריאה	אריתריאה, ʾÉretrā	live	אריתריאה	15.48333, 38.25						0	0.0	Colonia Eritrea | Dawlat Iritriyā | Država Eritreja | Dŭrzhava Eritrei︠a︡ | Eartra | Eiritré | Elitliya | Eritereya | Eritrea | Eritrea Riik | Eritreako Estatua | Eritrei︠a︡ | Eritreja | Eritrejský stát | Eritreo | Eritreya | Eritreya Dövläti | Erythraia | Erẏḟrīi︠a︡ | Estado de Eritrea | GSE | GSE (Government of the State of Eritrea) | Government of the State of Eritrea | Gwladwriaeth Eritrea | Hagere Ērtra | Hagärä Ertra | IRitheya | Iritriyā | Iritīriyā | Kratos tēs Erythraias | Provisional Government of Eritrea | République d'Érythrée | Staat Eritrea | State of Eritrea | Stato dell' Eritrea | Staturin Eritrea | Steat Eritrea | Stàir Eartra | Stát na hEiritré | Èritrê | Érythrée | État d'Érythrée | Ērtra | Ėritreĭ | Ėritreĭmudin Orn | Ėritreĭy Paddzakhad | Ėrytrėi︠a︡ | ʾArtrā | ʾÉretrā | אריתריאה | إريتريا	17374	Eritrea (Ethiopia)	heb: kima=אריתראה nli=אריתריאה	לא אותר מקום בכימה עבור הכותרת
987007564240205171	dup-variants	same-id	אל סלבדור	אל סלבדור, República de El Salvador	live	אל סלבדור	13.66889, -88.86611	7944	987007564240205171	live	אל סלבדור	13.668889, -88.866111	7	0.0	El Salvador | Republic of El Salvador | República de El Salvador | Respublika Ėlʹ-Salʹvador | République d'El Salvador | Sa'erwaduo | Sa'erwaduo Gongheguo | Salvador | Salvador, El | אל סלבדור | אל סלודור | אל סלוודור | السلفادور				כימה כבר מצביעה על אותה רשומה
987007561791705171	dup-variants	same-id	תאילנד	תאילנד, Thaïlande	live	תאילנד	14.0, 101.0	7575	987007561791705171	live	תאילנד	14, 101	20	0.0	Hsien-lo | Karaleŭstva Taĭland | Kingdom of Thailand | Koninkryk van Thailand | Kraljevina Tajland | Kralstvo Taĭland | Muang-Thai | Prades Thai | Prates Thai | Pratet Tai | Prathēt Thai | Ratcha Anachak Thai | Reino de Tailandia | Royal Thai Government | Royômo de Tayilande | Rātchaʻānāčhak Thai | Tailand | Tailandia | Tailandya | Tajland | Tayilande | Tayland Krallığı | Thai (Kingdom) | Thailand | Thailandia | Thaimaa | Thajsko | Thaïlande | Thài-kok | Tāylānd | Tʻai-kuo | תאילנד | تايلاند				כימה כבר מצביעה על אותה רשומה
987007562059705171	dup-places-diff	both-live	אוש (קירגיזסטן)	אוש (קירגיזסטן)	live	אוש (קירגיזסטן)	40.0, 73.0	14806	987007557660205171	live	אוש (קירגיזסטן)	40.533333333333, 72.783333333333	3	62.1	Osh (Kyrgyzstan : Oblast) | Osh oblast (Kyrgyzstan) | Osh oblasty (Kyrgyzstan) | Osh oblusu (Kyrgyzstan) | Oshskai︠a︡ oblastʹ (Kirghiz S.S.R.) | Oshskai︠a︡ oblastʹ (Kyrgyzstan) | Oshskaya oblastʹ (Kyrgyzstan) | אוש (קירגיזסטן) | أوش أوبلاستي (قيرغيزستان)	90692		rom: kima=Osh (Kyrgyzstan) nli=Osh oblasty (Kyrgyzstan) | heb: kima=אוש (קירגיזסטן:אובלסט) nli=אוש (קירגיזסטן)	שתי הרשומות קיימות ב־NLI — כפילות אמיתית
987007561802405171	dup-variants	same-id	קפריסין	קפריסין, Qubruṣ	live	קפריסין	35.0, 33.0	7562	987007561802405171	live	קפריסין	35, 33	17	0.0	Chipre | Chypre | Ciper | Cipro | Cypern | Cyprus | Kibris Cumhuriyeti | Kipr | Kipriaki Dhimokratia | Kipŭr | Kypriakē Dēmokratia | Kypros | Kıbrıs | Ostrov Kipr | Qubruṣ | Republic of Cyprus | Tsiprus | Zypern | ג'יפרו | קפריסין | قبرص				כימה כבר מצביעה על אותה רשומה
987007564318705171	dup-variants	same-id	פטמוס (יוון)	פטמוס (יוון), Pátmos	live	פטמוס (יוון)	37.30917, 26.54667	8834	987007564318705171	live	פטמוס (יוון)	37.309166666667, 26.546666666667	5	0.0	Chōra (Patmos Island, Greece) | Chōra (Patmos, Greece) | Khora (Patmos Island, Greece) | Khora (Patmos, Greece) | Patmos (Greece) | Pátmos | פטמוס (יוון) | باتموس (اليونان)				כימה כבר מצביעה על אותה רשומה
987007561807605171	dup-variants	same-id	האיטי	האיטי, République d'Haïti	live	האיטי	19.0, -72.8	7548	987007561807605171	live	האיטי	19, -72.8	6	0.0	Ayiti | Bohio | Gaiti | Haichi | Haiti | Haiti (Republic) | Hayti | Haytian Republic | Quisqueya | Repiblik Ayiti | Repiblik d Ayiti | Republic of Haiti | République d'Haïti | האיטי | هايتي		Saint-Domingue		כימה כבר מצביעה על אותה רשומה
