recordId	period	category	bucket	action	confidence	note	heading	headingHeb	kimaId	kimaRom	kimaHeb	movedKm	nliCoords	kimaCoords	n034	src034	decision	decisionNote	nliWd	kimaWd	sameWd	featureType	featureEvidence	extentKm	nliWdLabel	kimaWdLabel	nliWdCoord	kimaWdCoord	dNliWd_Nli	dNliWd_Kima	dKimaWd_Kima	dKimaWd_Nli	nliWdNameOk	kimaWdNameOk	nliWdSrc	kimaWdSrc	fixedNliCoords	fix034	bboxHalfDiagKm
987007543674705171	20241028-20241103	location-move	extended-feature	apply-new	high	two points on one Q538 P31=continent / region / subcontinent (extent ~3385 km)	Oceania	אוקיאניה	2850	Oceania	אוקיאניה	2797.7	[-21.0, 166.0]	[-18.5102, 139.3671]	1	gooearth	keep-existing		Q538	Q55643	False	extended	Q538 P31=continent / region / subcontinent; Q55643 P31=region / part of the world / continent; Kima LocationTypeId=2	3385.1	Insular Oceania	Oceania	[-21, 166]	[-18.5102, 139.3671]	0.0	2797.7	0.0	2797.7	True	True	024	WD			0.0
987007584329105171	20250108-20250114	location-move	homonym	research	medium	"two same-named entities: NLI Q4119463 ""Bruqin"" vs Kima Q286871 ""Burqin"""	Brukin (West Bank)	ברוקין (יהודה ושומרון)	76716	Brukin (West Bank)	ברוקין (יהודה ושומרון)	45.3	[32.07111, 35.09944]	[32.455555555556, 35.260277777778]	1	gooearth	apply-new		Q4119463	Q286871	False	point	Q4119463 P31=town; Q286871 P31=town	126.5	Bruqin	Burqin	[32.071111111111, 35.099444444444]	[32.455555555556, 35.260277777778]	0.0	45.3	0.0	45.3	True	True	024	WD			0.0
987007558086305171	20250108-20250114	location-move	extended-feature	apply-new	high	two points on one Q46 P31=part of the world / continent / region / geographic location (extent ~3601 km)	Europe	אירופה	75795	Europe	אירופה	1343.3	[58.3551, 21.44535]	[48.690959, 9.14062]	1	gooearth	region		Q46	Q46	True	extended	Q46 P31=part of the world / continent / region / geographic location; NLI 034 box half-diagonal 3220 km	3601.3	Europe	Europe	[48.690959, 9.14062]	[48.690959, 9.14062]	1343.3	0.0	0.0	1343.3	True	True	024	WD			3220.1
987007282447105171	20250115-20250121	location-move	extended-feature	apply-new	high	two points on one Q19709 P31=river (extent ~154 km)	Avon, River (Leicestershire-Gloucestershire, England)	נהר אייבון (אנגליה)	1858	Avon, River (Leicestershire-Gloucestershire, England)	נהר אייבון (אנגליה)	91.5	[51.9964, -2.1636]	[52.3972, -0.9906]	1	gooearth	river		Q19709	Q19709	True	extended	Q19709 P31=river	154.0	River Avon	River Avon	[52.3972, -0.9906]	[52.3972, -0.9906]	91.5	0.0	0.0	91.5	True	True	024	WD			0.0
987007555593705171	20250115-20250121	location-move	extended-feature	apply-new	high	two points on one Q190695 P31=non-geologically related mountain range / upland / mountain range (extent ~329 km)	Massif Central (France)	מאסיף סנטרל (צרפת)	2624	Massif Central (France)	מאסיף סנטרל (צרפת)	86.2	[45.0, 3.0]	[45.775, 2.966667]	1	gooearth	region		Q190695	Q190695	True	extended	Q190695 P31=non-geologically related mountain range / upland / mountain range	329.0	Massif Central	Massif Central	[45.775, 2.966667]	[45.775, 2.966667]	86.2	0.0	0.0	86.2	True	True	024	WD			0.0
987007531868905171	20250115-20250121	location-move	extended-feature	apply-new	high	two points on one Q19686 P31=river (extent ~334 km)	Thames River (England)	נהר התמזה (אנגליה)	2259	Thames River (England)	נהר התמזה (אנגליה)	183.6	[51.69444, -2.02972]	[51.5, 0.61]	1	gooearth	river		Q19686	Q19686	True	extended	Q19686 P31=river	334.0	River Thames	River Thames	[51.5, 0.61]	[51.5, 0.61]	183.6	0.0	0.0	183.6	True	True	024	WD			0.0
987007548212005171	20250115-20250121	location-move	extended-feature	apply-new	high	two points on one Q43467 P31=peninsula / region (extent ~1753 km)	Indochina	הודו-סין	1315	Indochina	הודו-סין	691.3	[21.03333, 105.85]	[16, 102]	1	gooearth	region		Q43467	Q43467	True	extended	Q43467 P31=peninsula / region; Kima LocationTypeId=2	1753.0	Mainland Southeast Asia	Mainland Southeast Asia	[16, 102]	[16, 102]	691.3	0.0	0.0	691.3	True	True	024	WD			0.0
987007292819905171	20250115-20250121	location-move	extended-feature	apply-new	high	two points on one Q13696 P31=river (extent ~410 km)	Adige River (Italy)	נהר אדיג'ה (איטליה)	1572	Adige River (Italy)	נהר אדיג'ה (איטליה)	233.2	[45.1596, 12.3311]	[46.83536388888889, 10.515172222222223]	1	gooearth	river		Q13696	Q13696	True	extended	Q13696 P31=river	410.0	Adige	Adige	[46.83536388888889, 10.515172222222223]	[46.83536388888889, 10.515172222222223]	233.2	0.0	0.0	233.2	True	True	024	WD			0.0
987007536401205171	20250115-20250121	location-move	extended-feature	apply-new	high	two points on one Q13712 P31=river (extent ~405 km)	Tiber River (Italy)	נהר הטיבר (איטליה)	2267	Tiber River (Italy)	נהר הטיבר (איטליה)	227.9	[41.74056, 12.23333]	[43.786916666667, 12.077666666667]	1	gooearth	river		Q13712	Q13712	True	extended	Q13712 P31=river	405.0	Tiber	Tiber	[43.786916666667, 12.077666666667]	[43.786916666667, 12.077666666667]	227.9	0.0	0.0	227.9	True	True	024	WD			0.0
987007507581905171	20250115-20250121	location-move	nli-coords-wrong	keep-existing+report	medium	Wikidata Q2416499 (NLI only) is 0 km from Kima, 33 km from NLI	Theilheim (Germany)	טהיילהיים (גרמניה)	23960	Theilheim (Germany)	טהיילהיים (גרמניה)	33.1	[49.7587, 10.50924]	[49.9433, 10.1478]	1	gooearth	keep-existing		Q2416499		False	point	Q2416499 P31=human settlement / Ortsteil	3.0	Theilheim		[49.9433, 10.1478]		33.1	0.0			True		024				7.8
987007529861005171	20250115-20250121	location-move	extended-feature	apply-new	high	two points on one Q132726 P31=river (extent ~1376 km)	Yamuna River (India)	נהר יאמונה (הודו)	3853	Yamuna River (India)	נהר יאמונה (הודו)	687.8	[25.42361, 81.8825]	[30.299166666667, 77.575]	1	gooearth	river		Q132726	Q34953450	False	extended	Q132726 P31=river; Q34953450 P31=river	1376.0	Yamuna	Yamuna	[31.0225, 78.455]	[31.0225, 78.455]	707.2	116.4	116.4	707.2	True	True	024	WD			0.0
987007541237805171	20250115-20250121	location-move	extended-feature	apply-new	medium	two points on one Q11124206 P31=coast / riviera (extent unknown)	Riviera (Italy)	ריביירה (איטליה)	2055	Riviera (Italy)	ריביירה (איטליה)	36.4	[44.43592, 8.78222]	[44.42, 9.24]	1	gooearth	region		Q11124206	Q2155654	False	extended	Q11124206 P31=coast / riviera; Q2155654 P31=region / coast		Italian Riviera	Riviera di Levante	[44.435916666666664, 8.782222222222222]	[44.42, 9.24]	0.0	36.4	0.0	36.4	True	True	024	WD			0.0
987007526902805171	20250115-20250121	location-move	no-wd	research	low	no Wikidata id on either side	Schopfloch (Germany)	שופלוך (גרמניה)	22950	Schopfloch (Germany)	שופלוך (גרמניה)	124.4	[49.53922, 10.29948]	[48.53972, 9.53199]	1	gooearth	research	יש מספר שופלוכים בגרמניה. צריך לבדוק לאיזה מהם מתייחסים הפריטים המקושרים. בקואורדינטות הנוכחות אין מקום מתאים			False																[49.11408, 10.29948]	$g 049.944770 -> 049.0944770	45.2
987007561549805171	20250115-20250121	location-move	homonym	research	medium	"two same-named entities: NLI Q651583 ""Ettersburg"" vs Kima Q31547753 ""Ettersberg"""	Etters-Berg (Germany)	אטרס-ברג (גרמניה)	5417	Etters-Berg (Germany)	אטרס-ברג (גרמניה)	104.5	[51.03333, 11.27972]	[51.866666666667, 10.583333333333]	1	gooearth	keep-existing	אלה הם שני מקומות שונים: העיר וההר. צריך לתקן גם את הויקידאטה (לפי כימה) Q31547753. הויקידאטה והקואורדינטות הנוכחיות ב-nli הן לא של etters-berg אלא של ettersburg הישוב, שאין לו זהות כרגע. ממליצה גם לשנות את השם לאטרס-ברג (גרמניה: הר) .	Q651583	Q31547753	False	point	Q651583 P31=municipality without town privileges in Germany; Q31547753 P31=mountain	1.9	Ettersburg	Ettersberg	[51.033333333333, 11.279722222222]	[51.866666666667, 10.583333333333]	0.0	104.5	0.0	104.5	True	True	024	WD			0.0
987007475459005171	20250115-20250121	location-move	homonym	research	medium	"two same-named entities: NLI Q18593899 ""Falkenberg"" vs Kima Q701347 ""Falkenberg"""	Falkenberg (Germany)	פלקנברג (גרמניה)	21315	Falkenberg (Germany)	פלקנברג (גרמניה)	168.4	[52.79907, 14.3137]	[52.86194444444445, 11.809444444444445]	1	gooearth	neither	"יש שני מקומות כאלה, שניהם בבוואריה. צריך לשנות שם ואת הפרטים (ויקידאטה וקואורדינטות) התואמים לאחד מן השתיים:
Q18593899 — Hebrew: פלקנברג (טאוכה, גרמניה); Roman: Falkenberg (Tauche, Germany)
Q701347 — Hebrew: פלקנברג (אלטמרקישה וישה, גרמניה); Roman: Falkenberg (Altmärkische Wische, Germany)"	Q18593899	Q701347	False	point	Q18593899 P31=Ortsteil / village; Q701347 P31=Ortsteil / municipality in Germany / former village	4.4	Falkenberg	Falkenberg	[52.16166687, 14.1291666]	[52.86194444444445, 11.809444444444445]	72.0	175.2	0.0	168.4	True	True	024	WD	[52.79907, 13.98768]	$e 014.72449 -> 014.072449	27.9
987007486869305171	20250115-20250121	location-move	nli-034-dropped-zero	keep-existing+report	high	NLI 034 fraction lost a leading 0 ($f 050.353212 -> 050.0353212); corrected centre is 10.6 km from Kima	Mainz (Germany)	מיינץ (גרמניה)	85756	Mainz (Germany)	מיינץ (גרמניה)	26.4	[50.12433, 8.24253]	[49.8954528, 8.3430793]	1	gooearth	neither	זה ערך מיותר:  987007486869305171 זהה ל-987007550346805171			False																[49.96539, 8.24253]	$f 050.353212 -> 050.0353212	26.4
987007551852505171	20250115-20250121	location-move	extended-feature	apply-new	high	two points on one Q216941 P31=river (extent ~2197 km)	Xi River (China)	נהר שי (סין)	85293	Xi River (China)	נהר שי (סין)	271.9	[22.06019, 113.47916]	[23.4692299, 111.3122749]	1	gooearth	river		Q216941	Q216941	True	extended	Q216941 P31=river	2197.0	Xi River	Xi River	[23.4692299, 111.3122749]	[23.4692299, 111.3122749]	271.9	0.0	0.0	271.9	True	True	024	WD			0.0
987007522876305171	20250115-20250121	location-move	nli-coords-wrong	keep-existing+report	high	Wikidata Q1893589 is 0 km from Kima, 417 km from NLI	Goraj (Poland)	גוריי (פולין)	23586	Goraj (Poland)	גוריי (פולין)	416.7	[53.9659, 19.59161]	[50.71667, 22.65]	1	gooearth	keep-existing		Q1893589	Q1893589	True	point	Q1893589 P31=town		Goraj	Goraj	[50.71667, 22.65]	[50.71667, 22.65]	416.7	0.0	0.0	416.7	True	True	024	WD	[53.9659, 19.05916]	$d 019.45671 -> 019.045671, $e 019.72651 -> 019.072651	8.8
987007565950605171	20250115-20250121	location-move	extended-feature	apply-new	high	two points on one Q207777 P31=river (extent ~897 km)	Ussuri River (Russia and China)	נהר אוסורי (רוסיה וסין)	3978	Ussuri River (Russia and China)	נהר אוסורי (רוסיה וסין)	524.3	[48.43333, 134.98333]	[43.733944444444, 134.42486111111]	1	gooearth	river		Q207777	Q207777	True	extended	Q207777 P31=river	897.0	Ussuri	Ussuri	[43.733944444444, 134.42486111111]	[43.733944444444, 134.42486111111]	524.3	0.0	0.0	524.3	True	True	024	WD			0.0
987007558385105171	20250115-20250121	location-move	kima-coords-wrong	apply-new	high	Wikidata Q115155 (NLI only) is 0 km from NLI, 158 km from Kima	Podhale (Poland)	פודהייל (פולין)	2224	Podhale (Poland)	פודהייל (פולין)	157.9	[49.4793, 20.0291]	[50.84401, 20.64039]	1	gooearth	keep-existing		Q115155		False	extended	Q115155 P31=valley; move 158 km exceeds extent		Podhale		[49.4793, 20.0291]		0.0	157.9			True		024				0.0
987007563307505171	20250115-20250121	location-move	extended-feature	apply-new	high	two points on one Q160570 P31=region (extent ~102 km)	Friuli (Italy)	פריולי (איטליה)	80643	Friuli (Italy)	פריולי (איטליה)	42.8	[45.91672, 13.42203]	[46.166388888889, 13]	1	gooearth	region		Q160570	Q160570	True	extended	Q160570 P31=region	102.4	Friuli	Friuli	[46.166388888889, 13]	[46.166388888889, 13]	42.8	0.0	0.0	42.8	True	True	024	WD			0.1
987007562907505171	20250115-20250121	location-move	extended-feature	apply-new	high	two points on one Q107434788 P31=Indian reservation of the United States (extent ~282 km)	Navajo Indian Reservation	שמורת הנבאחו	2956	Navajo Indian Reservation	שמורת הנבאחו	163.5	[35.62472, -111.25098]	[36.186944444444, -109.57361111111]	1	gooearth	apply-new		Q107434788	Q1783171	False	extended	Q107434788 P31=Indian reservation of the United States; Q1783171 P31=federally recognized Native American tribe in the United States / nation / jurisdiction; Kima LocationTypeId=2	281.8	Navajo Nation	Navajo Nation	[35.62472, -111.25098]	[36.186944444444, -109.57361111111]	0.0	163.5	0.0	163.5	False	False	024	WD			0.0
987007284940105171	20250122-20250128	location-move	homonym	research	medium	"two same-named entities: NLI Q49295619 ""Channel Islands"" vs Kima Q306147 ""Channel Islands of California"""	Channel Islands (Calif.)	איי התעלה (קליפורניה)	1227	Channel Islands (Calif.)	איי התעלה (קליפורניה)	123.7	[32.8167, -118.45091]	[33.5, -119.5]	1	gooearth	keep-existing	both wd's are correct	Q49295619	Q306147	False	extended	Q49295619 P31=geographical feature; Q306147 P31=island group; move 124 km exceeds extent	34.0	Channel Islands	Channel Islands of California	[32.8167, -118.45091]	[33.5, -119.5]	0.0	123.7	0.0	123.7	True	True	024	WD			0.0
987007282651805171	20250122-20250128	location-move	extended-feature	apply-new	high	two points on one Q1136194 P31=region of Brazil (extent ~1407 km)	Brazil, Northeast	צפון מזרח ברזיל	1821	Brazil, Northeast	צפון מזרח ברזיל	427.2	[-10.22917, -42.55083]	[-8.764, -38.95]	1	gooearth	region		Q1136194		False	extended	Q1136194 P31=region of Brazil	1406.8	Northeast Region		[-8.764, -38.95]		427.2	0.0			True		024				0.0
987007553410405171	20250122-20250128	location-move	extended-feature	apply-new	high	two points on one Q816843 P31=valley / territory (extent ~17 km)	San Fernando Valley (Calif.)	עמק סן פרננדו (קליפורניה)	2123	San Fernando Valley (Calif.)	עמק סן פרננדו (קליפורניה)	33.3	[34.17306, -118.64889]	[34.155833333333334, -118.28777777777778]	1	gooearth	region		Q816843	Q816843	True	extended	Q816843 P31=valley / territory	16.9	San Fernando Valley	San Fernando Valley	[34.155833333333334, -118.28777777777778]	[34.155833333333334, -118.28777777777778]	33.3	0.0	0.0	33.3	True	True	024	WD			0.0
987007524601205171	20250122-20250128	location-move	homonym	research	medium	"two same-named entities: NLI Q4186983 ""Zaporizhia, Luhansk"" vs Kima Q157835 ""Zaporizhzhia"""	Zaporizhia (Ukraine)	זפורוז'יה (אוקראינה)	23614	Zaporizhia (Ukraine)	זפורוז'יה (אוקראינה)	403.1	[47.60016, 33.40035]	[48.265277777778, 38.720833333333]	1	gooearth	research	ז׳פורוז׳יה הנוכחית בNLI היא הקטנה יותר בלוגנסק. אני משערת שהכוונה בזהות היא אחרת, וגם ממוקמת במקום אחר: Q157835	Q4186983	Q157835	False	point	Q4186983 P31=urban-type settlement in Ukraine / rural settlement in Ukraine; Q157835 P31=big city / city of regional significance of Ukraine	20.5	Zaporizhia, Luhansk	Zaporizhzhia	[48.265277777778, 38.720833333333]	[47.85, 35.1175]	403.1	0.0	271.7	131.4	True	True	024	geonames:687700			1.2
987007548476205171	20250122-20250128	location-move	extended-feature	apply-new	high	two points on one Q80389 P31=archipelago / disputed territory (extent ~116 km)	Kuril Islands (Russia)	איי קוריל (רוסיה)	2707	Kuril Islands (Russia)	איי קוריל (רוסיה)	72.0	[46.5, 151.5]	[47, 152.1]	1	gooearth	region		Q80389	Q80389	True	extended	Q80389 P31=archipelago / disputed territory	115.6	Kuril Islands	Kuril Islands	[47, 152.1]	[47, 152.1]	72.0	0.0	0.0	72.0	True	True	024	WD			0.0
987007549254705171	20250122-20250128	location-move	homonym	apply-new	medium	"Kima linked to a same-named entity elsewhere: Kima Q5327800 ""East Bay"" is 5057 km from NLI's self-consistent Q2617944 ""East Bay"""	East Bay (Calif.)	איסט ביי (קליפורניה)	4423	East Bay (Calif.)	איסט ביי (קליפורניה)	5057.4	[37.7, -122.0]	[46.01921, -60.37157]	1	gooearth	apply-new		Q2617944	Q5327800	False	extended	Q2617944 P31=geographical feature / region; Q5327800 P31=General Service Area; move 5057 km exceeds extent		East Bay	East Bay	[37.7, -122]	[46.0129, -60.3843]	0.0	5057.4	1.2	5056.6	True	True	024	geonames:5945055			0.0
987007556188205171	20250122-20250128	location-move	extended-feature	apply-new	high	two points on one Q44133 P31=marginal sea / adjacent sea / internal sea (extent ~340 km)	White Sea (Russia)	הים הלבן (רוסיה)	3688	White Sea (Russia)	הים הלבן (רוסיה)	71.8	[65.8, 39.0]	[66.15000001, 40.33333334]	1	gooearth	apply-new		Q44133	Q2045984	False	extended	Q44133 P31=marginal sea / adjacent sea / internal sea; Q2045984 P31=strait	340.0	White Sea	White Sea Throat	[65.8, 39]	[66.15000001, 40.33333334]	0.0	71.8	0.0	71.8	True	True	024	WD			0.0
987007543694505171	20250122-20250128	location-move	extended-feature	apply-new	high	two points on one Q626 P31=river (extent ~3530 km)	Volga River (Russia)	נהר הוולגה (רוסיה)	3678	Volga River (Russia)	נהר הוולגה (רוסיה)	1661.7	[45.69719, 47.8625]	[57.251331194444, 32.467965694444]	1	gooearth	river		Q626	Q626	True	extended	Q626 P31=river	3530.0	Volga	Volga	[57.251331194444, 32.467965694444]	[57.251331194444, 32.467965694444]	1661.7	0.0	0.0	1661.7	True	True	024	WD			0.0
987007517241905171	20250122-20250128	location-move	homonym	apply-new	medium	"Kima WD -> Q1018849 ""Kúty"" is a same-named place 594 km from the NLI point; NLI heading qualifier disambiguates"	Kuty (Ukraine)	קוטוב (אוקראינה)	22142	Kuty (Ukraine)	קוטוב (אוקראינה)	593.6	[50.185, 24.88807]	[48.658888888889, 17.019444444444]	1	gooearth	apply-new	ב-candidates כרגע מופיעות הקואורדינטות השגויות - אולי בגלל הויקידאטה השגוי? צריך להחליף ל Q1794734		Q1018849	False	point	Q1018849 P31=municipality of Slovakia / border city	5.9		Kúty		[48.658888888889, 17.019444444444]			0.0	593.6		True		WD	[50.01243, 24.88807]	$f 050.38350 -> 050.038350	22.1
987007558563405171	20250122-20250128	location-move	extended-feature	apply-new	medium	two points on one Q2342092 P31=region (extent unknown)	Galloway (Scotland)	גאלווי (סקוטלנד)	3914	Galloway (Scotland)	גאלווי (סקוטלנד)	23.4	[55.05, -4.13333]	[55.05, -4.5]	1	gooearth	region		Q2342092	Q24643616	False	extended	Q2342092 P31=region		Galloway	Galloway	[55.05, -4.1333333333333]	[55.05, -4.5]	0.0	23.4	0.0	23.4	True	True	024	WD			0.0
987007558379605171	20250122-20250128	location-move	nli-coords-wrong	keep-existing+report	high	Wikidata Q191607 is 0 km from Kima, 402 km from NLI	Podillia (Ukraine)	פודיליה (אוקראינה)	2226	Podillia (Ukraine)	פודיליה (אוקראינה)	402.5	[47.29395, 31.57902]	[48.683333333333, 26.583333333333]	1	gooearth	region		Q191607	Q191607	True	extended	Q191607 P31=Ukrainian historical regions / historical region / ethnographic region / cultural region; move 402 km exceeds extent		Podolia	Podolia	[48.683333333333, 26.583333333333]	[48.683333333333, 26.583333333333]	402.5	0.0	0.0	402.5	True	True	024	WD	[47.29395, 31.13147]	$d 031.994552 -> 031.0994552	31.4
987007536355405171	20250122-20250128	location-move	extended-feature	apply-new	medium	two points on one Q117504 P31=swamp / Important Bird Area (extent unknown)	Pripet Marshes (Belarus and Ukraine)	ביצות פריפיאט (בלארוס ואוקראינה)	2192	Pripet Marshes (Belarus and Ukraine)	ביצות פריפיאט (בלארוס ואוקראינה)	74.7	[52.0, 26.0]	[51.815277777778, 24.952777777778]	1	gooearth	region		Q117504		False	extended	Q117504 P31=swamp / Important Bird Area		Pinsk Marshes		[51.815277777778, 24.952777777778]		74.7	0.0			True		024				0.0
987007555965405171	20250122-20250128	location-move	homonym	apply-new	medium	"Kima linked to a same-named entity elsewhere: Kima Q1478566 ""Santa Cruz River"" is 10234 km from NLI's self-consistent Q2343949 ""Santa Cruz River"""	Santa Cruz River (Ariz. and Mexico)	נהר סנטה קרוז (אריזונה ומקסיקו)	2064	Santa Cruz River (Ariz. and Mexico)	נהר סנטה קרוז (אריזונה ומקסיקו)	10233.8	[33.3167, -112.233]	[-50.13333333, -68.35]	1	gooearth	apply-new		Q2343949	Q1478566	False	extended	Q2343949 P31=river; Q1478566 P31=river; move 10234 km exceeds extent	385.0	Santa Cruz River	Santa Cruz River	[32.6978419, -111.5512319]	[-50.13333333, -68.35]	93.7	10144.0	0.0	10233.8	True	True	024	WD			0.0
987007541357205171	20250122-20250128	location-move	nli-034-antimeridian	runner-bug	high	034 box crosses 180° ($d 057.1300707 > $e -168.9996789 (box crosses 180°)); proper centre [61.77698, 124.0652] is 1046.1 km from Kima	Siberia (Russia)	סיביר (רוסיה)	2419	Siberia (Russia)	סיביר (רוסיה)	6376.4	[61.77698, -55.9348]	[60, 105]	1	gooearth	keep-existing		Q5428	Q5428	True	extended	Q5428 P31=region; NLI 034 box half-diagonal 3005 km	3568.2	Siberia	Siberia	[60, 105]	[60, 105]	6376.4	0.0	0.0	6376.4	True	True	024	WD			3004.6
987007581532605171	20250122-20250128	location-move	no-wd	research	low	no Wikidata id on either side	Miroslav (Czech Republic)	מירוסלב (צ'כיה)	24637	Miroslav (Czech Republic)	מירוסלב (צ'כיה)	144.2	[48.94261, 16.32703]	[49.70449, 14.7174]	1	gooearth	research	דיסאמביגואציה			False																		4.7
987007590335805171	20250122-20250128	location-move	nli-coords-wrong	keep-existing+report	high	Wikidata Q2391335 is 0 km from Kima, 494 km from NLI	Yarmolyntsi (Ukraine)	ירמליניץ (אוקראינה)	723	Yarmolyntsi (Ukraine)	ירמליניץ (אוקראינה)	494.3	[50.69708, 33.3414]	[49.2, 26.833333333333]	1	gooearth	research	בפודוליה או בחמלניצקי?	Q2391335	Q2391335	True	point	Q2391335 P31=urban-type settlement in Ukraine	2.4	Yarmolyntsi	Yarmolyntsi	[49.2, 26.833333333333]	[49.2, 26.833333333333]	494.3	0.0	0.0	494.3	True	True	024	WD			2.6
987011433526905171	20250122-20250128	location-move	extended-feature	apply-new	high	two points on one Q160636 P31=river / border river (extent ~3051 km)	Rio Grande (Colo.-Mexico and Tex.)	ריו גרנדה (קולורדו-מקסיקו וטקסס)	2052	Rio Grande	ריו גרנדה	1639.7	[25.9562, -97.1452]	[37.7978, -107.5384]	1	gooearth			Q160636	Q160636	True	extended	Q160636 P31=river / border river; Kima LocationTypeId=2	3051.0	Rio Grande	Rio Grande	[37.7978, -107.5384]	[37.7978, -107.5384]	1639.7	0.0	0.0	1639.7	True	True	024	WD			0.0
987007290978605171	20250122-20250128	location-move	homonym	research	medium	"two same-named entities: NLI Q10107 ""Thousand Islands"" vs Kima Q1050549 ""Thousand Islands"""	Thousand Islands (Indonesia)	אלף האיים (אינדונזיה)	1705	Thousand Islands (Indonesia)	אלף האיים (אינדונזיה)	1465.6	[1.07895, 117.90961]	[-5.6629, 106.5683]	1	gooearth	keep-existing		Q10107	Q1050549	False	extended	Q10107 P31=administrative regency of Indonesia; Q1050549 P31=archipelago / island group; move 1466 km exceeds extent	3.6	Thousand Islands	Thousand Islands	[-5.6629, 106.5683]	[44.333333333333, -76]	1465.6	0.0	15707.8	14780.5	True	True	024	geonames:5140907			0.0
987007536561305171	20250122-20250128	location-move	homonym	apply-new	medium	"Kima linked to a same-named entity elsewhere: Kima Q836051 ""Times Square"" is 12955 km from NLI's self-consistent Q11259 ""Times Square"""	Times Square (New York, N.Y.)	טיימס סקוור (ניו יורק, ניו יורק)	2313	Times Square (New York, N.Y.)	טיימס סקוור (ניו יורק, ניו יורק)	12955.1	[40.7575, -73.98583]	[22.2783, 114.182]	1	gooearth	apply-new		Q11259	Q836051	False	point	Q11259 P31=square / neighborhood		Times Square	Times Square	[40.7575, -73.98583333333333]	[22.2783, 114.182]	0.0	12955.1	0.0	12955.1	True	True	024	WD			0.0
987007507433505171	20250122-20250128	location-move	no-wd	research	low	no Wikidata id on either side	Berguent (Morocco)	ברגנת (מרוקו)	23977	Berguent (Morocco)	ברגנת (מרוקו)	798.3	[34.31747, -2.30991]	[30.48642, -9.50608]	1	gooearth	research				False																[34.1334, -2.03099]	$d -002.469984 -> -002.0469984, $e -002.149836 -> -002.0149836, $g 034.40906 -> 034.040906	17.9
987007473377705171	20250122-20250128	location-move	nli-034-dropped-zero	keep-existing+report	high	NLI 034 fraction lost a leading 0 ($d 016.514911 -> 016.0514911, $e 016.964056 -> 016.0964056); corrected centre is 3.3 km from Kima	Hollabrunn (Austria)	הולברון (אוסטריה)	21481	Hollabrunn (Austria)	הולברון (אוסטריה)	45.7	[48.56266, 16.73948]	[48.56146, 16.11813]	1	gooearth	keep-existing			Q624352	False	point	Q624352 P31=municipality of Austria / place with town rights and privileges	13.9		Hollabrunn		[48.566666666667, 16.083333333333]			2.6	48.3		True		geonames:7872886	[48.56266, 16.07395]	$d 016.514911 -> 016.0514911, $e 016.964056 -> 016.0964056	16.6
987007543413405171	20250122-20250128	location-move	extended-feature	apply-new	medium	two points on one Q48365 P31=strait (extent unknown)	Magellan, Strait of (Chile and Argentina)	מיצרי מגלן (צ'ילה וארגנטינה)	2604	Magellan, Strait of (Chile and Argentina)	מיצרי מגלן (צ'ילה וארגנטינה)	59.5	[-53.48083, -70.78333]	[-54, -71]	1	gooearth	region		Q48365	Q48365	True	extended	Q48365 P31=strait		Strait of Magellan	Strait of Magellan	[-54, -71]	[-54, -71]	59.5	0.0	0.0	59.5	True	True	024	WD			0.0
987007295554005171	20250129-20250204	location-move	extended-feature	apply-new	high	two points on one Q638097 P31=National Wildlife Refuge (extent ~315 km)	Arctic National Wildlife Refuge (Alaska)	שמורת חיות בר ארקטי (אלסקה)	1987	Arctic National Wildlife Refuge (Alaska)	שמורת חיות בר ארקטי (אלסקה)	35.6	[68.58407, -144.25221]	[68.75, -143.5]	1	gooearth	region		Q638097	Q638097	True	extended	Q638097 P31=National Wildlife Refuge	315.2	Arctic National Wildlife Refuge	Arctic National Wildlife Refuge	[68.75, -143.5]	[68.75, -143.5]	35.6	0.0	0.0	35.6	True	True	024	WD			0.0
987007529729105171	20250129-20250204	location-move	extended-feature	apply-new	medium	two points on one Q1105434 P31=United States National Forest / proclaimed forest (extent unknown)	Coconino National Forest (Ariz.)	יער לאומי קוקונינו (אריזונה)	3992	Coconino National Forest (Ariz.)	יער לאומי קוקונינו (אריזונה)	52.5	[35.2224, -111.667]	[34.7575, -111.76444444444445]	1	gooearth	region		Q1105434	Q1105434	True	extended	Q1105434 P31=United States National Forest / proclaimed forest		Coconino National Forest	Coconino National Forest	[34.7575, -111.76444444444445]	[34.7575, -111.76444444444445]	52.5	0.0	0.0	52.5	True	True	024	WD			0.0
987007546333605171	20250129-20250204	location-move	extended-feature	apply-new	high	two points on one Q34709250 P31=channel (extent ~112 km)	Raritan River (N.J.)	נהר רריטן (ניו ג'רזי)	3119	Raritan River (N.J.)	נהר רריטן (ניו ג'רזי)	54.8	[40.49722, -74.26444]	[40.6291, -74.8897]	1	gooearth	keep-existing		Q34709250	Q749287	False	extended	Q34709250 P31=channel; Q749287 P31=river	112.0	Raritan River Cutoff	Raritan River	[40.497222222222, -74.264444444444]	[40.55555555555556, -74.68722222222222]	0.0	54.8	19.0	36.3	True	True	024	WD			0.0
987007534266705171	20250129-20250204	location-move	extended-feature	apply-new	high	two points on one Q104437 P31=river (extent ~3190 km)	Yukon River (Yukon and Alaska)	נהר יוקון (יוקון ואלסקה)	3690	Yukon River (Yukon and Alaska)	נהר יוקון (יוקון ואלסקה)	1603.9	[62.5986, -164.8]	[60.5419, -134.5192]	1	gooearth	apply-new		Q104437	Q104437	True	extended	Q104437 P31=river	3190.0	Yukon River	Yukon River	[60.5419, -134.5192]	[60.5419, -134.5192]	1603.9	0.0	0.0	1603.9	True	True	024	geonames:5878555			0.0
987007551173805171	20250129-20250204	location-move	homonym	apply-new	medium	"Kima linked to a same-named entity elsewhere: Kima Q7401492 ""Saint Johns River"" is 2873 km from NLI's self-consistent Q1677915 ""St. Johns River"""	Saint Johns River (Fla.)	נהר סנט ג'ונס (פלורידה)	2027	Saint Johns River (Fla.)	נהר סנט ג'ונס (פלורידה)	2873.2	[30.40139, -81.40083]	[12.05, -61.75]	1	gooearth	apply-new		Q1677915	Q7401492	False	extended	Q1677915 P31=river; Q7401492 P31=river; move 2873 km exceeds extent	499.0	St. Johns River	Saint Johns River	[30.4014, -81.4008]	[12.05, -61.75]	0.0	2873.2	0.0	2873.2	True	True	024	WD			0.0
987007532344305171	20250129-20250204	location-move	homonym	apply-new	medium	"Kima linked to a same-named entity elsewhere: Kima Q720011 ""Boston Harbor"" is 4060 km from NLI's self-consistent Q894564 ""Boston Harbor"""	Boston Harbor (Mass.)	נמל בוסטון (מסצ'וסטס)	4126	Boston Harbor (Mass.)	נמל בוסטון (מסצ'וסטס)	4060.2	[42.34167, -70.96611]	[47.13843, -122.90097]	1	gooearth	apply-new		Q894564	Q720011	False	extended	Q894564 P31=bay; Q720011 P31=unincorporated community; move 4060 km exceeds extent		Boston Harbor	Boston Harbor	[42.341666666667, -70.966111111111]	[47.138672222222, -122.90117777778]	0.0	4060.2	0.0	4060.2	True	True	024	geonames:5787824			0.0
987007543682905171	20250129-20250204	location-move	homonym	apply-new	medium	"Kima linked to a same-named entity elsewhere: Kima Q35732988 ""Monticello"" is 7082 km from NLI's self-consistent Q199618 ""Monticello"""	Monticello (Va.)	מונטיצ'לו (וירג'יניה)	2982	Monticello (Va.)	מונטיצ'לו (וירג'יניה)	7082.3	[38.01031, -78.45233]	[42.61705, 8.95477]	1	gooearth	apply-new		Q199618	Q35732988	False	point	Q35732988 P31=human settlement	3.2	Monticello	Monticello	[38.010305555555554, -78.45233333333333]	[42.616944444444, 8.9547222222222]	0.0	7082.3	0.0	7082.3	True	True	024	geonames:2992470			0.0
987007553056005171	20250129-20250204	location-move	extended-feature	apply-new	high	two points on one Q1124056 P31=river (extent ~25 km)	Concord River (Mass.)	נהר קונקורד (מסצ'וסטס)	1233	Concord River (Mass.)	נהר קונקורד (מסצ'וסטס)	20.4	[42.465, -71.35833]	[42.64388889, -71.30361111]	1	gooearth	river		Q1124056	Q1124056	True	extended	Q1124056 P31=river	24.9	Concord River	Concord River	[42.6464802, -71.3025605]	[42.6464802, -71.3025605]	20.7	0.3	0.3	20.7	True	True	024	geonames:4933759			0.0
987007553466805171	20250129-20250204	location-move	extended-feature	apply-new	medium	two points on one Q1517373 P31=barrier island / island / island group (extent unknown)	Outer Banks (N.C.)	אואטר בנקס (קרולינה הצפונית)	2818	Outer Banks (N.C.)	אואטר בנקס (צפון קרולינה)	37.5	[35.23333, -75.53028]	[35.5668467, -75.4684908]	1	gooearth	region		Q1517373	Q1517373	True	extended	Q1517373 P31=barrier island / island / island group		Outer Banks	Outer Banks	[35.5668467, -75.4684908]	[35.5668467, -75.4684908]	37.5	0.0	0.0	37.5	True	True	024	geonames:4483663			0.0
987007534295705171	20250129-20250204	location-move	nli-coords-wrong	keep-existing+report	high	Wikidata Q34696004 is 0 km from Kima, 396 km from NLI	Big Thicket (Tex.)	ביג ת'יקט (טקסס)	3307	Big Thicket (Tex.)	ביג ת'יקט (טקסס)	396.2	[31.11323, -98.43754]	[30.5475, -94.34]	1	gooearth	keep-existing		Q34696004	Q34696004	True	extended	Q34696004 P31=forest; move 396 km exceeds extent		Big Thicket	Big Thicket	[30.5475, -94.34]	[30.5475, -94.34]	396.2	0.0	0.0	396.2	True	True	024	WD			0.0
987007533762805171	20250129-20250204	location-move	extended-feature	apply-new	high	two points on one Q765836 P31=river (extent ~300 km)	Hunter River (N.S.W.)	נהר האנטר (ניו סאות' ויילס)	1359	Hunter River (N.S.W.)	נהר האנטר (ניו סאות' ויילס)	118.4	[-32.91861, 151.79222]	[-31.89319, 151.450628]	1	gooearth	apply-new		Q765836	Q3143359	False	extended	Q765836 P31=river; Q3143359 P31=municipal government in Canada / locality	300.0	Hunter River	Hunter River	[-31.89319, 151.450628]	[46.35, -63.35]	118.4	0.0	16647.4	16692.1	True	True	024	geonames:5978638			0.0
987007536281305171	20250129-20250204	location-move	extended-feature	apply-new	high	two points on one Q811142 P31=mountain range / plateau (extent ~99 km)	Jos Plateau (Nigeria)	מישור ג'וס (ניגריה)	2681	Jos Plateau (Nigeria)	מישור ג'וס (ניגריה)	66.4	[10.0, 9.5]	[9.5667, 9.0833]	1	gooearth	region		Q811142	Q811142	True	extended	Q811142 P31=mountain range / plateau	99.5	Jos Plateau	Jos Plateau	[9.5667, 9.0833]	[9.5667, 9.0833]	66.4	0.0	0.0	66.4	True	True	024	WD			0.0
987007536372205171	20250129-20250204	location-move	extended-feature	apply-new	high	two points on one Q466298 P31=river (extent ~220 km)	Price River (Utah)	נהר פרייס (יוטה)	2217	Price River (Utah)	נהר פרייס (יוטה)	110.4	[39.78691, -111.12323]	[39.1794, -110.106]	1	gooearth	river		Q466298	Q466298	True	extended	Q466298 P31=river	220.0	Price River	Price River	[39.1794, -110.106]	[39.1794, -110.106]	110.4	0.0	0.0	110.4	True	True	024	WD			0.0
987007545796705171	20250129-20250204	location-move	extended-feature	apply-new	high	two points on one Q968640 P31=river (extent ~423 km)	Klamath River (Or. and Calif.)	נהר קלמט (אורגון וקליפורניה)	87053	Klamath River (Or. and Calif.)	נהר קלמט (אורגון וקליפורניה)	203.5	[41.54694, -124.08333]	[42.191388888889, -121.78277777778]	1	gooearth	river		Q968640	Q968640	True	extended	Q968640 P31=river	423.0	Klamath River	Klamath River	[42.191388888889, -121.78277777778]	[42.191388888889, -121.78277777778]	203.5	0.0	0.0	203.5	True	True	024	WD			0.0
987007543522205171	20250129-20250204	location-move	extended-feature	apply-new	high	two points on one Q4915 P31=river (extent ~1579 km)	Ohio River	אוהיו (נהר)	2857	Ohio River	אוהיו (נהר)	878.6	[36.9867, -89.1311]	[40.4430066, -80.0171244]	1	gooearth	river		Q4915	Q4915	True	extended	Q4915 P31=river; Kima LocationTypeId=2	1579.0	Ohio River	Ohio River	[40.4430066, -80.0171244]	[40.4430066, -80.0171244]	878.6	0.0	0.0	878.6	True	True	024	WD			0.0
987007561062905171	20250129-20250204	location-move	nli-coords-wrong	keep-existing+report	medium	Wikidata Q1111219 (NLI only) is 0 km from Kima, 42 km from NLI	Himera (Extinct city)	הימרה (עיר קדומה)	4837	Himera (Extinct city)	הימרה (עיר קדומה)	42.6	[37.6594, 14.1046]	[37.970555, 13.822206]	1	gooearth	keep-existing		Q1111219		False	point	Q1111219 P31=Ancient Greek archaeological site / polis / archaeological park	0.0	Himera		[37.96805555555556, 13.821666666666667]		42.4	0.3			True		024				0.0
987007284890205171	20250129-20250204	location-move	extended-feature	apply-new	high	two points on one Q1265 P31=river (extent ~2334 km)	Colorado River (Colo.-Mexico)	נהר הקולורדו (קולורדו-מקסיקו)	1207	Colorado River (Colo.-Mexico)	נהר הקולורדו (קולורדו-מקסיקו)	1254.1	[31.8154, -114.804]	[40.4722, -105.8261]	1	gooearth	river		Q1265	Q1265	True	extended	Q1265 P31=river	2334.0	Colorado River	Colorado River	[40.4722, -105.8261]	[40.4722, -105.8261]	1254.1	0.0	0.0	1254.1	True	True	024	geonames:4013157			0.0
987007531902605171	20250129-20250204	location-move	extended-feature	apply-new	high	two points on one Q41507 P31=mountain range / physiographic section (extent ~400 km)	Green Mountains (Vt.)	הרים הירוקים (ורמונט)	3222	Green Mountains (Vt.)	ההרים הירוקים (ורמונט)	75.0	[44.79167, -72.58278]	[44.14549, -72.85398]	1	gooearth	apply-new		Q41507	Q35704075	False	extended	Q41507 P31=mountain range / physiographic section; Q35704075 P31=mountain range / physiographic section	400.0	Green Mountains	Green Mountains	[44.791666666667, -72.582777777778]	[44.791666666667, -72.582777777778]	0.0	75.0	75.0	0.0	True	True	024	WD			0.0
987007551287205171	20250129-20250204	location-move	extended-feature	apply-new	high	two points on one Q1544388 P31=mountain range (extent ~400 km)	Wasatch Range (Utah and Idaho)	הרי וואסאץ' (יוטה ואיידהו)	3631	Wasatch Range (Utah and Idaho)	הרי וואסאץ' (אוטה ואידהו)	74.5	[39.82139, -111.75972]	[40.49, -111.69611111111111]	1	gooearth	keep-existing		Q1544388	Q1544388	True	extended	Q1544388 P31=mountain range	400.0	Wasatch Range	Wasatch Range	[40.49, -111.69611111111111]	[40.49, -111.69611111111111]	74.5	0.0	0.0	74.5	True	True	024	WD			0.0
987007566588405171	20250129-20250204	location-move	nli-coords-wrong	keep-existing+report	high	Wikidata Q885558 is 0 km from Kima, 20 km from NLI	Blue Mountains National Park (N.S.W.)	הפארק הלאומי ההרים הכחולים (ניו סאות' ויילס)	69609	Blue Mountains National Park (N.S.W.)	הפארק הלאומי ההרים הכחולים (ניו סאות' ויילס)	20.4	[-33.79722, 150.44528]	[-33.615, 150.4177778]	1	gooearth	region		Q885558	Q885558	True	point	Q885558 P31=national park of Australia / locality / national park	56.1	Blue Mountains National Park	Blue Mountains National Park	[-33.615, 150.4177778]	[-33.615, 150.4177778]	20.4	0.0	0.0	20.4	True	True	024	WD			0.0
987007565292205171	20250129-20250204	location-move	extended-feature	apply-new	high	two points on one Q639912 P31=peninsula (extent ~60 km)	Istria (Croatia and Slovenia)	איסטריה (קרואטיה וסלובניה)	2658	Istria (Croatia and Slovenia)	איסטריה (קרואטיה וסלובניה)	30.0	[45.26111, 13.90444]	[45, 14]	1	gooearth	region		Q639912	Q58268	False	extended	Q639912 P31=peninsula; Q58268 P31=county of Croatia	59.8	Istria	Istria County	[45.2, 13.9]	[45.239166666667, 13.938611111111]	6.8	23.6	27.0	3.6	True	True	024	geonames:3337514			0.0
987007565185505171	20250129-20250204	location-move	nli-coords-wrong	keep-existing+report	high	Wikidata Q2777355 is 0 km from Kima, 55 km from NLI	Me'ir Shfeya (Israel)	מאיר שפיה (ישראל)	16104	Me'ir Shfeya (Israel)	מאיר שפיה (ישראל)	55.1	[32.10197, 34.87391]	[32.590338888889, 34.970638888889]	1	gooearth	keep-existing		Q2777355	Q2777355	True	point	Q2777355 P31=youth village / boarding school		Meir Shfeya	Meir Shfeya	[32.590338888889, 34.970638888889]	[32.590338888889, 34.970638888889]	55.1	0.0	0.0	55.1	True	True	024	WD			0.1
987007549317505171	20250129-20250204	location-move	kima-wd-wrong	apply-new	high	"Kima WD -> Q7428276 = ""Hierapolis"" does not match the name; NLI WD Q4228288 = ""Yiftahel"""	Yiftahel Site (Israel)	אתר יפתחאל (ישראל)	5176	Yiftahel Site (Israel)	אתר יפתחאל (ישראל)	797.6	[32.7554, 35.2277]	[37.925, 29.125833333333]	1	gooearth	keep-existing		Q4228288	Q7428276	False	point	Q4228288 P31=archaeological site; Q7428276 P31=archaeological site		Yiftahel	Hierapolis	[32.7554, 35.2277]	[37.925, 29.125833333333]	0.0	797.6	0.0	797.6	True	False	024	WD			0.0
987007535703205171	20250129-20250204	location-move	nli-coords-wrong	keep-existing+report	medium	Kima WD -> Q30670445 (Kima only) is 0 km from Kima, 111 km from NLI	Horn (Germany)	הורן (גרמניה)	19161	Horn (Germany)	הורן (גרמניה)	111.3	[51.87276, 8.94542]	[51.9, 10.566666666667]	1	gooearth	research			Q30670445	False					Horn		[51.9, 10.566666666667]			0.0	111.3		True		WD			0.2
987007555139705171	20250129-20250204	location-move	homonym	apply-new	medium	"Kima geonames:3377408 -> Q741134 ""Linden"" is a same-named place 4163 km from the NLI point; NLI heading qualifier disambiguates"	Linden (N.J.)	לינדן (ניו ג'רזי)	12809	Linden (N.J.)	לינדן (ניו ג'רזי)	4163.2	[40.62194, -74.24472]	[6.00809, -58.30714]	1	geonames	apply-new			Q741134	False	point	Q741134 P31=city			Linden		[6, -58.3]			1.2	4164.3		True		geonames:3377408			0.0
987012219373405171	20250129-20250204	location-move	nli-coords-wrong	keep-existing+report	medium	Kima WD -> Q1058956 (Kima only) is 0 km from Kima, 276 km from NLI	Heilongjiang Sheng (China)	חיילונגג'יאנג (סין)	10834	Heilongjiang Sheng (China)	חיילונגג'יאנג (סין)	275.8	[48.0, 128.0]	[45.707, 126.617]	1	geonet				Q1058956	False					Heilongjiang University		[45.706944444444446, 126.61694444444444]			0.0	275.8		True		WD			0.0
987007554800205171	20250129-20250204	location-move	nli-034-dropped-zero	keep-existing+report	high	NLI 034 fraction lost a leading 0 ($d 002.698931 -> 002.0698931); corrected centre is 1.2 km from Kima	Versailles (France)	ורסיי (צרפת)	952	Versailles (France)	ורסיי (צרפת)	21.9	[48.80387, 2.4337]	[48.805, 2.135]	1	gooearth			Q621	Q621	True	point	Q621 P31=commune of France	5.8	Versailles	Versailles	[48.805, 2.135]	[48.805, 2.135]	21.9	0.0	0.0	21.9	True	True	024	WD	[48.80387, 2.11918]	$d 002.698931 -> 002.0698931	19.6
987007550542405171	20250129-20250204	location-move	extended-feature	apply-new	high	two points on one Q58771 P31=county of Arizona (extent ~192 km)	Apache County (Ariz.)	מחוז אפאצ'י (אריזונה)	11829	Apache County (Ariz.)	מחוז אפאצ'י (אריזונה)	46.6	[35.00833, -109.37556]	[35.423888888889, -109.4425]	1	geonames			Q58771	Q58771	True	extended	Q58771 P31=county of Arizona	192.3	Apache County	Apache County	[35.423888888889, -109.4425]	[35.423888888889, -109.4425]	46.6	0.0	0.0	46.6	True	True	024	WD			0.0
987007557267305171	20250129-20250204	location-move	no-wd	research	low	no Wikidata id on either side	Geneva (N.Y.)	ז'נבה (ניו יורק)	6166	Geneva (N.Y.)	ז'נבה (ניו יורק)	6283.7	[42.86889, -76.97778]	[46.20222, 6.14569]	1	geonames				Q30343751	False					Thomson Reuters (Switzerland)								False		geonames:2660646			0.0
987007564322205171	20250129-20250204	location-move	nli-coords-wrong	keep-existing+report	high	Wikidata Q2865 is 0 km from Kima, 125 km from NLI	Kassel (Germany)	קאסל (גרמניה)	8873	Kassel (Germany)	קאסל (גרמניה)	124.9	[50.20017, 9.28866]	[51.315777777778, 9.4979166666667]	1	gooearth			Q2865	Q2865	True	point	Q2865 P31=big city / residenz / major regional center / urban municipality in Germany / urban district of Hesse / district capital	11.7	Kassel	Kassel	[51.315777777778, 9.4979166666667]	[51.315777777778, 9.4979166666667]	124.9	0.0	0.0	124.9	True	True	024	WD			2.2
987007284803205171	20250212-20250218	location-move	nli-coords-wrong	keep-existing+report	high	Wikidata Q125309 is 3 km from Kima, 59 km from NLI	Chad, Lake	צ'אד, אגם	1220	Chad, Lake	צ'אד, אגם	55.8	[13.0, 14.0]	[13.099263031281719, 14.504634512569485]	1	gooearth			Q125309	Q125309	True	extended	Q125309 P31=endorheic lake / aeolian lake / lake; Kima LocationTypeId=2; move 56 km exceeds extent	44.3	Lake Chad	Lake Chad	[13.097886246756108, 14.533807443844074]	[13.097886246756108, 14.533807443844074]	58.8	3.2	3.2	58.8	True	True	024	WD			0.0
987007284732105171	20250212-20250218	location-move	extended-feature	apply-new	high	two points on one Q2251 P31=river / main stem (extent ~2000 km)	Columbia River	נהר קולומביה	1210	Columbia River	נהר קולומביה	750.7	[46.2442, -124.0569]	[50.2167, -115.85]	1	gooearth			Q2251		False	extended	Q2251 P31=river / main stem	2000.0	Columbia River		[50.2167, -115.85]		750.7	0.0			True		024				0.0
987007292903905171	20250212-20250218	location-move	homonym	research	medium	"two same-named entities: NLI Q2636724 ""Alamo Mission"" vs Kima Q981989 ""Alamo"""	Alamo (San Antonio, Tex.)	אלאמו (סן אנטוניו, טקסס)	1912	Alamo (San Antonio, Tex.)	אלאמו (סן אנטוניו, טקסס)	362.2	[29.42583, -98.48611]	[26.185, -98.117777777778]	1	gooearth			Q2636724	Q981989	False	extended	Q2636724 P31=mission station / fortification; Q981989 P31=city in the United States; move 362 km exceeds extent	5.0	Alamo Mission	Alamo	[29.425833, -98.486111]	[26.185, -98.117777777778]	0.0	362.2	0.0	362.2	True	True	024	WD			0.0
987007529845105171	20250212-20250218	location-move	extended-feature	apply-new	high	two points on one Q204040 P31=river / border river / transboundary river (extent ~434 km)	Mur River	נהר מורה	72425	Mur River	נהר מורה	285.2	[46.2983, 16.8858]	[47.13, 13.3469]	1	gooearth			Q204040	Q204040	True	extended	Q204040 P31=river / border river / transboundary river	434.0	Mur	Mur	[47.13, 13.3469]	[47.13, 13.3469]	285.2	0.0	0.0	285.2	True	True	024	WD			0.0
987007540908405171	20250212-20250218	location-move	extended-feature	apply-new	high	two points on one Q192583 P31=mountain range (extent ~3500 km)	Great Dividing Range	ההרים המחלקים הגדולים	83078	Great Dividing Range	ההרים המחלקים הגדולים	1278.9	[-36.45, 148.26667]	[-25, 147]	1	gooearth			Q192583	Q192583	True	extended	Q192583 P31=mountain range	3500.0	Great Dividing Range	Great Dividing Range	[-25, 147]	[-25, 147]	1278.9	0.0	0.0	1278.9	True	True	024	WD			0.0
987007529665305171	20250212-20250218	location-move	extended-feature	apply-new	high	two points on one Q193737 P31=river (extent ~1049 km)	Tennessee River	נהר טנסי	2304	Tennessee River	נהר טנסי	438.9	[37.06728, -88.56477]	[35.9592508, -83.8501808]	1	gooearth			Q193737	Q193737	True	extended	Q193737 P31=river; Kima LocationTypeId=2	1049.0	Tennessee River	Tennessee River	[35.9592508, -83.8501808]	[35.9592508, -83.8501808]	438.9	0.0	0.0	438.9	True	True	024	WD			0.0
987007550889705171	20250212-20250218	location-move	extended-feature	apply-new	high	two points on one Q380307 P31=region (extent ~612 km)	Labrador (N.L.)	לברדור (ניופאונדלנד ולברדור)	2711	Labrador (N.L.)	לברדור (קנדה)	231.3	[56.0, -61.0]	[54, -62]	1	gooearth			Q380307	Q380307	True	extended	Q380307 P31=region	612.2	Labrador	Labrador	[54, -62]	[54, -62]	231.3	0.0	0.0	231.3	True	True	024	WD			0.0
987007529708805171	20250212-20250218	location-move	nli-coords-wrong	keep-existing+report	high	Wikidata Q940488 is 0 km from Kima, 82 km from NLI	Saint Marys River (Mich. and Ont.)	נהר סנט מרי'ס (מישיגן ואונטריו)	3856	Saint Marys River (Mich. and Ont.)	נהר סנט מרי'ס (מישיגן ואונטריו)	82.0	[46.50558, -84.61116]	[45.9583526, -83.8972268]	1	gooearth			Q940488	Q940488	True	extended	Q940488 P31=river; move 82 km exceeds extent	15.0	St. Marys River	St. Marys River	[45.9583526, -83.8972268]	[45.9583526, -83.8972268]	82.0	0.0	0.0	82.0	True	True	024	WD			0.0
987007534141305171	20250212-20250218	location-move	extended-feature	apply-new	high	two points on one Q43106 P31=main stem (extent ~2574 km)	Zambezi River	נהר הזמבזי	3693	Zambezi River	נהר הזמבזי	1531.2	[-18.5706, 36.4703]	[-11.3702, 24.3083]	1	gooearth			Q43106	Q43106	True	extended	Q43106 P31=main stem; Kima LocationTypeId=2	2574.0	Zambezi River	Zambezi River	[-11.3702, 24.3083]	[-11.3702, 24.3083]	1531.2	0.0	0.0	1531.2	True	True	024	WD			0.0
987007554286305171	20250212-20250218	location-move	extended-feature	apply-new	high	two points on one Q1635625 P31=river (extent ~480 km)	Komati River	קומאטי	87191	Komati River	קומאטי	263.1	[-25.87303, 32.72684]	[-26.266895, 30.129118]	1	gooearth			Q1635625	Q1635625	True	extended	Q1635625 P31=river	480.0	Komati River	Komati River	[-26.266895, 30.129118]	[-26.266895, 30.129118]	263.1	0.0	0.0	263.1	True	True	024	WD			0.0
987007555456905171	20250212-20250218	location-move	nli-coords-wrong	keep-existing+report	high	Wikidata Q41642 is 0 km from Kima, 8944 km from NLI	Phoenicia	פיניקיה	14066	Phoenicia	פיניקיה	8944.3	[42.0814, -74.3131]	[34.116667, 35.65]	1	gooearth			Q41642	Q41642	True	extended	Q41642 P31=historical country / style; Kima LocationTypeId=2; move 8944 km exceeds extent		Phoenicia	Phoenicia	[34.116667, 35.65]	[34.116667, 35.65]	8944.3	0.0	0.0	8944.3	True	True	024	WD			0.0
987007553768505171	20250212-20250218	location-move	extended-feature	apply-new	high	two points on one Q182445 P31=river (extent ~953 km)	Prut River	פרוט	69886	Prut River	פרוט	408.6	[45.4688, 28.2072]	[48.1627, 24.5543]	1	gooearth			Q182445	Q182445	True	extended	Q182445 P31=river	953.0	Prut	Prut	[48.1627, 24.5543]	[48.1627, 24.5543]	408.6	0.0	0.0	408.6	True	True	024	WD			0.0
987007548720505171	20250212-20250218	location-move	extended-feature	apply-new	high	two points on one Q220503 P31=river (extent ~1275 km)	Assiniboine River (Sask. and Man.)	נהר אסיניבוין (ססקצ'ואן ומניטובה)	71968	Assiniboine River (Sask. and Man.)	נהר אסיניבוין (ססקצ'ואן ומניטובה)	500.0	[49.8858, -97.1283]	[52.31582, -103.15676]	1	gooearth			Q220503	Q220503	True	extended	Q220503 P31=river	1275.0	Assiniboine River	Assiniboine River	[52.31582, -103.15676]	[52.31582, -103.15676]	500.0	0.0	0.0	500.0	True	True	024	WD			0.0
987007531297105171	20250212-20250218	location-move	extended-feature	apply-new	high	two points on one Q3140 P31=river (extent ~492 km)	Hudson River (N.Y. and N.J.)	נהר ההדסון (ניו יורק וניו ג'רזי)	1356	Hudson River (N.Y. and N.J.)	נהר ההדסון (ניו יורק וניו ג'רזי)	390.0	[40.6001, -74.042]	[44.1067, -73.9358]	1	gooearth			Q3140	Q3140	True	extended	Q3140 P31=river	492.0	Hudson River	Hudson River	[44.1067, -73.9358]	[44.1067, -73.9358]	390.0	0.0	0.0	390.0	True	True	024	geonames:5121521			0.0
987007555421905171	20250212-20250218	location-move	extended-feature	apply-new	high	two points on one Q379648 P31=river (extent ~660 km)	Connecticut River	נהר קונטיקט	1108	Connecticut River	נהר קונטיקט	450.4	[41.27222, -72.33306]	[45.2375, -71.2]	1	gooearth			Q379648	Q379648	True	extended	Q379648 P31=river; Kima LocationTypeId=2	660.0	Connecticut River	Connecticut River	[45.2375, -71.2]	[45.2375, -71.2]	450.4	0.0	0.0	450.4	True	True	024	WD			0.0
987007529308605171	20250212-20250218	location-move	extended-feature	apply-new	high	two points on one Q41986 P31=main stem / river (extent ~950 km)	Meuse River	נהר המז	2882	Meuse River	נהר המז	447.9	[47.97435, 5.63354]	[51.866389, 4.018889]	1	gooearth			Q41986		False	extended	Q41986 P31=main stem / river	950.0	Meuse		[51.866389, 4.018889]		447.9	0.0			True		024				0.0
987007543469105171	20250212-20250218	location-move	extended-feature	apply-new	high	two points on one Q650667 P31=region (extent ~523 km)	Guiana	גיאנה (אזור)	1298	Guiana	גיאנה (אזור)	391.8	[4.3201, -56.07672]	[5.733333, -59.316667]	1	gooearth			Q650667	Q734	False	extended	Q650667 P31=region; Q734 P31=sovereign state / country; Kima LocationTypeId=2	523.2	Guyanas	Guyana	[4.320096, -56.076716]	[5.733333, -59.316667]	0.0	391.8	0.0	391.8	True	True	024	WD			0.0
987007533832705171	20250212-20250218	location-move	extended-feature	apply-new	high	two points on one Q1693 P31=sea (extent ~960 km)	North Sea	הים הצפוני	2759	North Sea	הים הצפוני	65.4	[56.0, 3.0]	[56.45, 3.68]	1	gooearth			Q1693	Q1693	True	extended	Q1693 P31=sea; Kima LocationTypeId=2	960.0	North Sea	North Sea	[56.459, 3.6825]	[56.459, 3.6825]	66.2	1.0	1.0	66.2	True	True	024	WD			0.0
987007566270305171	20250212-20250218	location-move	extended-feature	apply-new	high	two points on one Q7590512 P31=river (extent ~235 km)	Saint Mary River (Mont. and Alta.)	נהר סנט מרי (מונטנה ואלברטה)	73170	Saint Mary River (Mont. and Alta.)	נהר סנט מרי (מונטנה ואלברטה)	128.1	[48.62028, -113.74361]	[49.62722222222222, -112.88694444444444]	1	gooearth			Q7590512	Q7590512	True	extended	Q7590512 P31=river	235.0	St. Mary River	St. Mary River	[49.62722222222222, -112.88694444444444]	[49.62722222222222, -112.88694444444444]	128.1	0.0	0.0	128.1	True	True	024	WD			0.0
987007565659305171	20250212-20250218	location-move	extended-feature	apply-new	high	two points on one Q517787 P31=river (extent ~177 km)	Merrimack River (N.H. and Mass.)	נהר מרימק (ניו המפשייר ומסצ'וסטס)	2877	Merrimack River (N.H. and Mass.)	נהר מרימק (ניו המפשייר ומסצ'וסטס)	96.5	[43.43639, -71.64806]	[42.81954, -70.812]	1	gooearth			Q517787	Q517787	True	extended	Q517787 P31=river	177.0	Merrimack River	Merrimack River	[42.8195362, -70.8119957]	[42.8195362, -70.8119957]	96.5	0.0	0.0	96.5	True	True	024	geonames:4943795			0.0
987007565864605171	20250212-20250218	location-move	extended-feature	apply-new	high	two points on one Q156032 P31=river (extent ~2189 km)	Red River (Tex.-La.)	נהר אדום (טקסס-לואיזיאנה)	2125	Red River (Tex.-La.)	נהר אדום (טקסס-לואיזיאנה)	789.4	[34.33427, -99.20978]	[31.0193471, -91.7478975]	1	gooearth			Q156032	Q484570	False	extended	Q156032 P31=river; Q484570 P31=county of Texas	2189.0	Red River	Red River County	[31.0193471, -91.7478975]	[33.62, -95.05]	789.4	0.0	424.1	391.7	True	True	024	geonames:4721949			0.0
987007565863705171	20250212-20250218	location-move	homonym	apply-new	medium	"Kima linked to a same-named entity elsewhere: Kima Q7304873 ""Red River Valley Museum"" is 1657 km from NLI's self-consistent Q2408452 ""Red River Valley"""	Red River Valley (Minn. and N.D.-Man.)	עמק הנהר האדום (ארצות הברית וקנדה)	2034	Red River Valley (Minn. and N.D.-Man.)	עמק הנהר האדום (ארצות הברית וקנדה)	1657.0	[49.0, -97.5]	[34.1594, -99.3168]	1	gooearth			Q2408452	Q7304873	False	extended	Q2408452 P31=valley; move 1657 km exceeds extent		Red River Valley	Red River Valley Museum	[49, -97.5]	[34.1594, -99.3168]	0.0	1657.0	0.0	1657.0	True	True	024	WD			0.0
987007562835605171	20250212-20250218	location-move	extended-feature	apply-new	high	two points on one Q171009 P31=river / transboundary river / border river (extent ~720 km)	Drava River	דראווה	71176	Drava River	דראווה	530.5	[45.54389, 18.92667]	[46.72246944444444, 12.252988888888888]	1	gooearth			Q171009	Q171009	True	extended	Q171009 P31=river / transboundary river / border river	720.0	Drava	Drava	[46.72246944444444, 12.252988888888888]	[46.72246944444444, 12.252988888888888]	530.5	0.0	0.0	530.5	True	True	024	WD			0.0
987007560593505171	20250212-20250218	location-move	extended-feature	apply-new	high	two points on one Q37620 P31=river (extent ~355 km)	Scheldt River	נהר סכלדה	2078	Scheldt River	נהר סכלדה	160.9	[51.4228, 3.545]	[49.9864, 3.2664]	1	gooearth			Q37620		False	extended	Q37620 P31=river	355.0	Scheldt		[49.9864, 3.2664]		160.9	0.0			True		024				0.0
987007295534805171	20250212-20250218	location-move	extended-feature	apply-new	high	two points on one Q93259 P31=archipelago (extent ~135 km)	Antilles, Lesser	אנטילים הקטנים (איים)	1897	Antilles, Lesser	אנטילים הקטנים (איים)	45.8	[14.23306, -61.35]	[14, -61]	1	gooearth			Q93259	Q93259	True	extended	Q93259 P31=archipelago; Kima LocationTypeId=2	135.2	Lesser Antilles	Lesser Antilles	[14, -61]	[14, -61]	45.8	0.0	0.0	45.8	True	True	024	WD			0.0
987007293923205171	20250212-20250218	location-move	extended-feature	apply-new	high	two points on one Q686021 P31=river (extent ~523 km)	Allegheny River (Pa. and N.Y.)	נהר אלגני (פנסילבניה וניו יורק)	1919	Allegheny River (Pa. and N.Y.)	נהר אלגני (פנסילבניה וניו יורק)	239.5	[40.44333, -80.01444]	[41.8728449, -77.874998]	1	gooearth			Q686021	Q686021	True	extended	Q686021 P31=river	523.0	Allegheny River	Allegheny River	[41.8728449, -77.874998]	[41.8728449, -77.874998]	239.5	0.0	0.0	239.5	True	True	024	WD			0.0
987007294818905171	20250212-20250218	location-move	extended-feature	apply-new	high	two points on one Q8319 P31=river (extent ~2364 km)	Arkansas River	נהר ארקנסו	1993	Arkansas River	נהר ארקנסו	1489.7	[33.775, -91.1028]	[39.2583, -106.3439]	1	gooearth			Q8319	Q8319	True	extended	Q8319 P31=river; Kima LocationTypeId=2	2364.0	Arkansas River	Arkansas River	[39.2583, -106.3439]	[39.2583, -106.3439]	1489.7	0.0	0.0	1489.7	True	True	024	WD			0.0
987007283269205171	20250212-20250218	location-move	extended-feature	apply-new	medium	two points on one Q11769 P31=strait (extent unknown)	Bering Strait	מיצר ברינג	1769	Bering Strait	מיצר ברינג	27.8	[66.0, -169.0]	[65.75, -168.97694444444446]	1	gooearth			Q11769	Q11769	True	extended	Q11769 P31=strait; Kima LocationTypeId=2		Bering Strait	Bering Strait	[65.75, -168.97694444444446]	[65.75, -168.97694444444446]	27.8	0.0	0.0	27.8	True	True	024	WD			0.0
987007415889605171	20250212-20250218	location-move	nli-coords-wrong	keep-existing+report	high	Wikidata Q190571 is 0 km from Kima, 640 km from NLI	Éparses Islands	איי אפארסה	73209	Éparses Islands	איי אפארסה	639.8	[-17.04333, 42.7448]	[-22.343888888889, 40.367222222222]	1	gooearth			Q190571	Q190571	True	extended	Q190571 P31=island group / district of the French Southern and Antarctic Lands; move 640 km exceeds extent	6.0	Scattered Islands in the Indian Ocean	Scattered Islands in the Indian Ocean	[-22.343888888889, 40.367222222222]	[-22.343888888889, 40.367222222222]	639.8	0.0	0.0	639.8	True	True	024	WD			0.0
987007533595705171	20250212-20250218	location-move	extended-feature	apply-new	high	two points on one Q1052758 P31=mesa / plain (extent ~351 km)	Llano Estacado	לאנואסטקדו	69917	Llano Estacado	לאנואסטקדו	93.3	[33.00038, -103.00077]	[33, -102]	1	gooearth			Q1052758	Q1052758	True	extended	Q1052758 P31=mesa / plain	351.4	Llano Estacado	Llano Estacado	[33, -102]	[33, -102]	93.3	0.0	0.0	93.3	True	True	024	WD			0.0
987007540907105171	20250212-20250218	location-move	nli-coords-wrong	keep-existing+report	high	Wikidata Q12707 is 0 km from Kima, 279 km from NLI	Great Plains	המישורים הגדולים	1286	Great Plains	המישורים הגדולים	278.6	[42.0, -102.0]	[40, -100]	1	gooearth			Q12707	Q12707	True	extended	Q12707 P31=plain / region; Kima LocationTypeId=2; move 279 km exceeds extent		Great Plains	Great Plains	[40, -100]	[40, -100]	278.6	0.0	0.0	278.6	True	True	024	WD			0.0
987007545592305171	20250212-20250218	location-move	extended-feature	apply-new	high	two points on one Q143762 P31=river (extent ~579 km)	Delaware River (N.Y.-Del. and N.J.)	נהר דלאוור	1025	Delaware River (N.Y.-Del. and N.J.)	נהר דלאוור	279.5	[39.4326, -75.5288]	[41.939, -75.2791]	1	gooearth			Q143762	Q143762	True	extended	Q143762 P31=river	579.0	Delaware River	Delaware River	[41.939, -75.2791]	[41.939, -75.2791]	279.5	0.0	0.0	279.5	True	True	024	WD			0.0
987007551173405171	20250212-20250218	location-move	extended-feature	apply-new	high	two points on one Q134750 P31=river (extent ~1197 km)	Saint Lawrence River	נהר סנט לורנס	2028	Saint Lawrence River	נהר סנט לורנס	1052.6	[44.34971, -76.01439]	[49.666666666667, -64.5]	1	gooearth			Q134750	Q134750	True	extended	Q134750 P31=river; Kima LocationTypeId=2	1197.0	St. Lawrence River	St. Lawrence River	[49.666666666667, -64.5]	[49.666666666667, -64.5]	1052.6	0.0	0.0	1052.6	True	True	024	WD			0.0
987007552895605171	20250212-20250218	location-move	homonym	apply-new	medium	"Kima linked to a same-named entity elsewhere: Kima Q33250858 ""Erie Lake"" is 1288 km from NLI's self-consistent Q5492 ""Lake Erie"""	Erie, Lake	אגם אירי	1250	Erie, Lake	אגם אירי	1288.0	[42.25, -80.99972]	[47.704722222222, -95.486111111111]	1	gooearth			Q5492	Q33250858	False	extended	Q5492 P31=lake; Q33250858 P31=lake; Kima LocationTypeId=2; move 1288 km exceeds extent	388.0	Lake Erie	Erie Lake	[42.25, -80.99972222222222]	[47.704722222222, -95.486111111111]	0.0	1288.0	0.0	1288.0	True	True	024	WD			0.0
987007546379905171	20250212-20250218	location-move	extended-feature	apply-new	high	two points on one Q196183 P31=river (extent ~960 km)	Wabash River	נהר ובאש	73377	Wabash River	נהר ובאש	399.8	[37.7981, -88.02725]	[40.351991, -84.765795]	1	gooearth			Q196183	Q196183	True	extended	Q196183 P31=river	960.0	Wabash River	Wabash River	[40.351991, -84.765795]	[40.351991, -84.765795]	399.8	0.0	0.0	399.8	True	True	024	WD			0.0
987007536343705171	20250212-20250218	location-move	extended-feature	apply-new	high	two points on one Q584 P31=river / main stem / waterway / national waterways in Germany (extent ~1233 km)	Rhine River	נהר הריין	2041	Rhine River	נהר הריין	190.6	[51.45848, 6.72927]	[51.980833333333, 4.0930555555556]	1	gooearth			Q584	Q584	True	extended	Q584 P31=river / main stem / waterway / national waterways in Germany	1232.7	Rhine	Rhine	[51.980833333333, 4.0930555555556]	[51.980833333333, 4.0930555555556]	190.6	0.0	0.0	190.6	True	True	024	WD			0.3
987007554147805171	20250212-20250218	location-move	extended-feature	apply-new	high	two points on one Q392840 P31=river (extent ~276 km)	Ibar River	איבר	90492	Ibar River	איבר	116.7	[43.7275, 20.7494]	[42.7956, 20.0856]	1	gooearth			Q392840	Q392840	True	extended	Q392840 P31=river	276.0	Ibar	Ibar	[42.7956, 20.0856]	[42.7956, 20.0856]	116.7	0.0	0.0	116.7	True	True	024	WD			0.0
987007555737605171	20250212-20250218	location-move	extended-feature	apply-new	high	two points on one Q2042749 P31=river (extent ~557 km)	Owyhee River	נהר אוויהי	83943	Owyhee River	נהר אוויהי	277.3	[43.81266, -117.02544]	[41.5046318, -115.7417442]	1	gooearth			Q2042749	Q2042749	True	extended	Q2042749 P31=river	557.0	Owyhee River	Owyhee River	[41.5046318, -115.7417442]	[41.5046318, -115.7417442]	277.3	0.0	0.0	277.3	True	True	024	WD			0.0
987007538498005171	20250212-20250218	location-move	extended-feature	apply-new	high	two points on one Q918867 P31=river (extent ~156 km)	Kanawha River (W. Va.)	נהר קנאוהא (וירג'יניה המערבית)	2635	Kanawha River (W. Va.)	נהר קנאוהא (מערב וירג'יניה)	111.4	[38.8372, -82.1419]	[38.1614, -81.1964]	1	gooearth			Q918867	Q918867	True	extended	Q918867 P31=river	156.0	Kanawha River	Kanawha River	[38.1614, -81.1964]	[38.1614, -81.1964]	111.4	0.0	0.0	111.4	True	True	024	WD			0.0
987007563842205171	20250212-20250218	location-move	extended-feature	apply-new	high	two points on one Q23538 P31=great circle / circle of latitude / equator (extent ~40075 km)	Equator	קו המשווה	5045	Equator	קו המשווה	20015.1	[0.0, 180.0]	[0, 0]	1	gooearth			Q23538		False	extended	Q23538 P31=great circle / circle of latitude / equator	40075.0	equator		[0, 0]		20015.1	0.0			True		024				0.0
987007560417705171	20250212-20250218	location-move	extended-feature	apply-new	medium	two points on one Q41735 P31=sea (extent unknown)	Irish Sea	ים האירי	1329	Irish Sea	ים האירי	27.3	[53.72167, -5.17722]	[53.5, -5]	1	gooearth			Q41735	Q41735	True	extended	Q41735 P31=sea; Kima LocationTypeId=2		Irish Sea	Irish Sea	[53.5, -5]	[53.5, -5]	27.3	0.0	0.0	27.3	True	True	024	WD			0.0
987007560969105171	20250212-20250218	location-move	extended-feature	apply-new	high	two points on one Q2242 P31=river (extent ~1004 km)	South Saskatchewan River (Alta. and Sask.)	נהר ססקאצ'ואן הצפוני (אלברטה וססקצ'ואן)	84936	South Saskatchewan River (Alta. and Sask.)	נהר ססקאצ'ואן הצפוני (אלברטה וססקצ'ואן)	585.5	[49.93333, -111.69167]	[53.235, -105.08277777778]	1	gooearth			Q2242	Q2242	True	extended	Q2242 P31=river	1004.0	South Saskatchewan River	South Saskatchewan River	[53.235, -105.08277777778]	[53.235, -105.08277777778]	585.5	0.0	0.0	585.5	True	True	024	WD			0.0
987007426101505171	20250402-20250408	location-move	extended-feature	apply-new	high	two points on one Q6580020 P31=park (extent ~101 km)	Park Begin (Israel)	פארק בגין (ישראל)	26126	Park Begin (Israel)	פארק בגין (ישראל)	44.0	[31.73439, 35.09554]	[32.04345944, 34.80447292]	1	gooearth			Q6580020	Q6603577	False	extended	Q6580020 P31=park; Q6603577 P31=park	100.9	Begin Park	Menahem Begin Park	[31.73438611, 35.09554444]	[32.04345944, 34.80447292]	0.0	44.0	0.0	44.0	True	True	024	WD			0.0
987007531901105171	20250618-20250624	location-move	extended-feature	apply-new	high	two points on one Q151858 P31=river (extent ~560 km)	Luapula River (Zambia and Congo)	נהר לאופולה (זמביה וקונגו)	3223	Luapula River (Zambia and Congo)	נהר לאופולה (זמביה וקונגו)	265.7	[-11.4364, 29.8152]	[-9.4138388888889, 28.521880555556]	1	gooearth			Q151858	Q151858	True	extended	Q151858 P31=river	560.0	Luapula River	Luapula River	[-9.4138388888889, 28.521880555556]	[-9.4138388888889, 28.521880555556]	265.7	0.0	0.0	265.7	True	True	024	geonames:176403			0.0
987007537522105171	20250618-20250624	location-move	extended-feature	apply-new	high	two points on one Q308893 P31=national park (extent ~79 km)	Parc national de la Garamba (Congo)	הפארק הלאומי גרמבה (קונגו)	77735	Parc national de la Garamba (Congo)	הפארק הלאומי גרמבה (קונגו)	33.6	[4.19559, 29.48093]	[4, 29.25]	1	gooearth			Q308893	Q308893	True	extended	Q308893 P31=national park	79.1	Garamba National Park	Garamba National Park	[4, 29.25]	[4, 29.25]	33.6	0.0	0.0	33.6	True	True	024	WD			0.0
987007295598005171	20250625-20250630	location-move	extended-feature	apply-new	high	two points on one Q7354 P31=ocean (extent ~5087 km)	Antarctic Ocean	האוקיינוס האנטרקטי	1893	Antarctic Ocean	אוקיינוס האנטרקטי	4313.9	[-70.0, -150.0]	[-65, 90]	1	gooearth			Q7354	Q7354	True	extended	Q7354 P31=ocean; Kima LocationTypeId=2	5087.4	Southern Ocean	Southern Ocean	[-65, 90]	[-65, 90]	4313.9	0.0	0.0	4313.9	True	True	024	WD			0.0
987007291071505171	20250909-20250915	location-move	extended-feature	apply-new	medium	two points on one Q133560878 P31=valley (extent unknown)	Lower Grand Coulee (Wash.)	גרנד קולי תחתון (וושינגטון)	75312	Lower Grand Coulee (Wash.)	גרנד קולי תחתון (וושינגטון)	28.9	[47.39167, -119.49056]	[47.62, -119.308]	1	gooearth			Q133560878	Q1773219	False	extended	Q133560878 P31=valley; Q1773219 P31=protected area / valley		Lower Grand Coulee	Grand Coulee	[47.391666666666666, -119.49055555555556]	[47.62, -119.308]	0.0	28.9	0.0	28.9	True	True	024	WD			0.0
987007528454005171	20251216-20251222	location-move	kima-geonames-wrong	research	medium	"Kima geonames:620691 -> Q21586292 = ""Turec"" does not match the name"	Turets (Belarus)	טורעץ (בלארוס)	22450	Turets (Belarus)	טורעץ (בלארוס)	118.1	[53.5278, 26.31119]	[53.6623, 28.0859]	1	gooearth				Q21586292	False					Turec		[53.661388888889, 28.083611111111]			0.2	117.9		False		geonames:620691			1.2
987007528339905171	20251216-20251222	location-move	nli-034-dropped-zero	keep-existing+report	high	NLI 034 fraction lost a leading 0 ($d 032.208550 -> 032.0208550, $e 032.784473 -> 032.0784473); corrected centre is 1.9 km from Kima	Kastsyukovichy (Belarus)	קאסטעקוביץ (בלארוס)	22493	Kastsyukovichy (Belarus)	קאסטעקוביץ (בלארוס)	30.0	[53.35597, 32.49651]	[53.338888888889, 32.046111111111]	1	gooearth				Q955013	False	point	Q955013 P31=city of raion subordinance			Kastsyukovichy		[53.35138888888889, 32.05861111111111]			1.6	29.1		True		WD	[53.35597, 32.04965]	$d 032.208550 -> 032.0208550, $e 032.784473 -> 032.0784473	19.4
987007529700705171	20251216-20251222	location-move	extended-feature	apply-new	high	two points on one Q207927 P31=river (extent ~613 km)	Berezina River (Belarus)	נהר ברזינה (בלארוס)	76471	Berezina River (Belarus)	נהר ברזינה (בלארוס)	308.2	[52.54972, 30.25]	[54.896084305555554, 27.75559161111111]	1	gooearth			Q207927	Q207927	True	extended	Q207927 P31=river	613.0	Berezina	Berezina	[54.896084305555554, 27.75559161111111]	[54.896084305555554, 27.75559161111111]	308.2	0.0	0.0	308.2	True	True	024	WD			0.0
987007592954905171	20251216-20251222	location-move	extended-feature	apply-new	high	two points on one Q1786479 P31=river (extent ~228 km)	Sluch River (Belarus)	נהר סלוץ' (בלארוס)	72858	Sluch River (Belarus)	נהר סלוץ' (בלארוס)	131.1	[53.31201, 27.66882]	[52.136103, 27.524932]	1	gooearth			Q1786479	Q1786479	True	extended	Q1786479 P31=river	228.0	Sluč	Sluč	[52.136103, 27.524932]	[52.136103, 27.524932]	131.1	0.0	0.0	131.1	True	True	024	WD			0.0
987007557268205171	20251223-20251229	location-move	extended-feature	apply-new	high	two points on one Q43233 P31=federative unit of Brazil (extent ~242 km)	Espírito Santo (Brazil : State)	אספיריטו סנטו (ברזיל : מדינה)	6161	Espirito Santo (Brazil : State)	אספיריטו סנטו (ברזיל : מדינה)	64.7	[-19.71, -40.48]	[-20.25, -40.25]	1	gooearth			Q43233	Q43233	True	extended	Q43233 P31=federative unit of Brazil; Kima LocationTypeId=2	242.2	Espírito Santo	Espírito Santo	[-20.25, -40.25]	[-20.25, -40.25]	64.7	0.0	0.0	64.7	True	True	024	WD			0.0
987007557223005171	20260115-20260121	location-move	nli-034-dropped-zero	keep-existing+report	high	NLI 034 fraction lost a leading 0 ($f 049.962062 -> 049.0962062, $g 049.700572 -> 049.0700572); corrected centre is 0.3 km from Kima	Liptovský Mikuláš (Slovakia)	ליפטובסקי מיקולש (סלובקיה)	9710	Liptovský Mikuláš (Slovakia)	ליפטובסקי מיקולש (סלובקיה)	83.4	[49.83132, 19.61614]	[49.081111111111, 19.618055555556]	1	gooearth			Q272040	Q272040	True	point	Q272040 P31=town / municipality of Slovakia / human settlement	9.4	Liptovský Mikuláš	Liptovský Mikuláš	[49.081111111111, 19.618055555556]	[49.081111111111, 19.618055555556]	83.4	0.0	0.0	83.4	True	True	024	WD	[49.08313, 19.61614]	$f 049.962062 -> 049.0962062, $g 049.700572 -> 049.0700572	14.7
987007534563005171	20260115-20260121	location-move	extended-feature	apply-new	high	two points on one Q1410160 P31=river (extent ~410 km)	Skellefte River (Sweden)	נהר סקלפטה (שוודיה)	73403	Skellefte River (Sweden)	נהר סקלפטה (שבדיה)	328.2	[64.70639, 21.15361]	[66.815555555556, 16.118333333333]	1	gooearth			Q1410160	Q1410160	True	extended	Q1410160 P31=river	410.0	Skellefte River	Skellefte River	[66.815555555556, 16.118333333333]	[66.815555555556, 16.118333333333]	328.2	0.0	0.0	328.2	True	True	024	WD			0.0
987007515276905171	20260115-20260121	location-move	nli-034-dropped-zero	keep-existing+report	high	NLI 034 fraction lost a leading 0 ($f 050.775507 -> 050.0775507); corrected centre is 2.2 km from Kima	Lázně Kynžvart (Czech Republic)	לוז'ניה קינז'ווארט (צ'כיה)	22292	Lázně Kynžvart (Czech Republic)	לוז'ניה קינז'ווארט (צ'כיה)	40.9	[50.37863, 12.63264]	[50.010699307737, 12.624806950422]	1	gooearth			Q1000097	Q1000097	True	point	Q1000097 P31=municipality of the Czech Republic / municipality with town privileges in the Czech Republic	6.4	Lázně Kynžvart	Lázně Kynžvart	[50.010699307737, 12.624806950422]	[50.010699307737, 12.624806950422]	40.9	0.0	0.0	40.9	True	True	024	WD	[50.02965, 12.63264]	$f 050.775507 -> 050.0775507	44.3
987007559817105171	20260115-20260121	location-move	nli-034-dropped-zero	keep-existing+report	high	NLI 034 fraction lost a leading 0 ($g 047.899023 -> 047.0899023); corrected centre is 0.2 km from Kima	Nușeni (Romania)	נושני (רומניה)	14637	Nușeni (Romania)	נושני (רומניה)	45.0	[47.50506, 24.19703]	[47.1, 24.2]	1	gooearth			Q773323	Q773323	True	point	Q773323 P31=village / seat of the local council		Nușeni	Nușeni	[47.1, 24.2]	[47.1, 24.2]	45.0	0.0	0.0	45.0	True	True	024	WD	[47.1005, 24.19703]	$g 047.899023 -> 047.0899023	43.8
987007577024605171	20260115-20260121	location-move	nli-coords-wrong	keep-existing+report	medium	Kima geonames:7871712 -> Q667715 (Kima only) is 1 km from Kima, 56 km from NLI	Pfaffstätten (Austria)	פאפסטאטן (אוסטריה)	24681	Pfaffstätten (Austria)	פאפסטאטן (אוסטריה)	55.2	[48.52075, 16.24905]	[48.02397, 16.25296]	1	gooearth				Q667715	False	point	Q667715 P31=market municipality / municipality of Austria	3.2		Pfaffstätten		[48.016666666667, 16.266111111111]			1.3	56.1		True		geonames:7871712			13.9
987007597568305171	20260115-20260121	location-move	no-wd	research	low	no Wikidata id on either side	Bököny (Hungary)	בוקוני (הונגריה)	23449	Bököny (Hungary)	בוקוני (הונגריה)	8126.1	[47.75029, 21.74274]	[-21.84218, 46.56476]	1	gooearth					False																		5.8
987007282539105171	20260115-20260121	location-move	extended-feature	apply-new	high	two points on one Q39193 P31=Czech lands / historical region / realm / state in the Holy Roman Empire / region / cultural region (extent ~257 km)	Bohemia (Czech Republic)	בוהמיה (צ'כיה)	1869	Bohemia (Czech Republic)	בוהמיה (צ'כיה)	113.3	[50.85073, 14.43287]	[49.833333, 14.333333]	1	gooearth				Q39193	False	extended	Q39193 P31=Czech lands / historical region / realm / state in the Holy Roman Empire / region / cultural region	257.5		Bohemia		[49.833333333333, 14.333333333333]			0.0	113.3		True		WD			8.1
987007552629505171	20260115-20260121	location-move	nli-coords-wrong	keep-existing+report	medium	Kima WD -> Q2211 (Kima only) is 2 km from Kima, 336 km from NLI	Malmö (Sweden)	מאלמו (שוודיה)	7415	Malmö (Sweden)	מאלמו (שבדיה)	333.9	[57.81667, 16.7]	[55.593188589918, 13.021423031021]	1	geonames				Q2211	False	point	Q2211 P31=urban area in Sweden / seaport / city / big city	9.3		Malmö		[55.583333333333336, 13]			1.7	335.6		True		WD			0.0
987007551210205171	20260115-20260121	location-move	extended-feature	apply-new	high	two points on one Q75745 P31=river (extent ~1024 km)	Selenga River (Mongolia and Russia)	סלנגה (מונגוליה ורוסיה)	76353	Selenga River (Mongolia and Russia)	סלנגה (מונגוליה ורוסיה)	516.5	[52.2759, 106.2723]	[49.2619, 100.6797]	1	gooearth			Q75745	Q75745	True	extended	Q75745 P31=river	1024.0	Selenga	Selenga	[49.2619, 100.6797]	[49.2619, 100.6797]	516.5	0.0	0.0	516.5	True	True	024	WD			0.0
987007283467705171	20260129-20260204	location-move	extended-feature	apply-new	medium	two points on one Q664609 P31=transcontinental region / archipelago (extent unknown)	Caribbean Area	האזור הקריבי	1157	Caribbean Area	האזור הקריבי	143.4	[16.25694, -73.30083]	[15, -73]	1	gooearth			Q664609		False	extended	Q664609 P31=transcontinental region / archipelago		Caribbean		[15, -73]		143.4	0.0			True		024				0.0
987007559511105171	20260205-20260211	location-move	nli-034-dropped-zero	keep-existing+report	high	NLI 034 fraction lost a leading 0 ($f 047.574499 -> 047.0574499); corrected centre is 1.0 km from Kima	Körmend (Hungary)	קורמנד (הונגריה)	8515	Körmend (Hungary)	קורמנד (הונגריה)	29.5	[47.27666, 16.61346]	[47.01096, 16.60596]	1	gooearth			Q830411	Q830411	True	point	Q830411 P31=town in Hungary	8.2	Körmend	Körmend	[47.01096, 16.60596]	[47.01096, 16.60596]	29.5	0.0	0.0	29.5	True	True	024	WD	[47.01813, 16.61346]	$f 047.574499 -> 047.0574499	33.6
987007524775705171	20260205-20260211	location-move	homonym	apply-new	medium	"Kima geonames:2893438 -> Q7028 ""Kamen"" is a same-named place 1636 km from the NLI point; NLI heading qualifier disambiguates"	Kamen' (Belarus)	קאמען (בלארוס)	23698	Kamen (Belarus)	קאמען (בלארוס)	1635.9	[52.42696, 31.63688]	[51.59231, 7.6638]	1	gooearth				Q7028	False	point	Q7028 P31=medium-sized district town / Hanseatic city / urban municipality in Germany	7.2		Kamen		[51.591666666667, 7.6652777777778]			0.1	1635.8		True		geonames:2893438			0.6
987007283261305171	20260212-20260218	location-move	extended-feature	apply-new	high	two points on one Q166 P31=adjacent sea (extent ~1175 km)	Black Sea	הים השחור	1856	Black Sea	הים השחור	88.6	[44.0, 35.0]	[43.41, 34.26]	1	gooearth			Q166	Q166	True	extended	Q166 P31=adjacent sea; Kima LocationTypeId=2	1175.0	Black Sea	Black Sea	[43.41, 34.26]	[43.41, 34.26]	88.6	0.0	0.0	88.6	True	True	024	WD			0.0
987007291078305171	20260212-20260218	location-move	nli-034-dropped-zero	keep-existing+report	high	NLI 034 fraction lost a leading 0 ($f 046.988097 -> 046.0988097, $g 046.678525 -> 046.0678525); corrected centre is 9.5 km from Kima	Perekop Isthmus (Ukraine)	מצר פרקופ (אוקראינה)	1544	Perekop Isthmus (Ukraine)	מצר פרקופ (אוקראינה)	76.3	[46.83331, 33.75]	[46.149444444444, 33.672222222222]	1	gooearth			Q213214	Q213214	True	extended	Q213214 P31=isthmus		Isthmus of Perekop	Isthmus of Perekop	[46.15, 33.666666666666664]	[46.15, 33.666666666666664]	76.2	0.4	0.4	76.2	True	True	P8189	WD	[46.08333, 33.75]	$f 046.988097 -> 046.0988097, $g 046.678525 -> 046.0678525	17.4
987007393272005171	20260212-20260218	location-move	homonym	research	medium	"two same-named entities: NLI Q4682089 ""Adelsberg"" vs Kima Q355368 ""Adelsberg"""	Adelsberg (Gemünden am Main, Germany)	אדלסברג (גמונדן על נהר ריין, גרמניה)	26322	Adelsberg (Gemünden am Main, Germany)	אדלסברג (גמונדן על נהר ריין, גרמניה)	247.6	[50.0349, 9.73929]	[50.8114, 13.0155]	1	gooearth			Q4682089	Q355368	False	extended	Q355368 P31=mountain; move 248 km exceeds extent		Adelsberg	Adelsberg	[50.0349, 9.73929]	[50.8114, 13.0155]	0.0	247.6	0.0	247.6	True	True	024	WD			0.0
987007475194305171	20260212-20260218	location-move	nli-coords-wrong	keep-existing+report	medium	Kima WD -> Q1020471 (Kima only) is 0 km from Kima, 161 km from NLI	Büdesheim (Germany)	בודסהיים (גרמניה)	21450	Büdesheim (Germany)	בודסהיים (גרמניה)	161.4	[50.21064, 6.5642]	[50.2139, 8.83222]	1	gooearth				Q1020471	False	point	Q1020471 P31=Ortsteil	3.2		Büdesheim		[50.2139, 8.83222]			0.0	161.4		True		WD			3.6
987007550349505171	20260212-20260218	location-move	extended-feature	apply-new	high	two points on one Q6877935 P31=region (extent ~145 km)	Baden (Germany)	באדן (גרמניה)	82727	Baden (Germany)	באדן (גרמניה)	53.4	[48.57478, 8.68582]	[49.01666667, 8.4]	1	gooearth			Q6877935	Q6877935	True	extended	Q6877935 P31=region; NLI 034 box half-diagonal 145 km	145.3	Baden	Baden	[49.01666667, 8.4]	[49.01666667, 8.4]	53.4	0.0	0.0	53.4	True	True	024	WD			145.3
987007537310005171	20260212-20260218	location-move	extended-feature	apply-new	high	two points on one Q735948 P31=irrigation canal (extent ~403 km)	North Crimean Canal (Ukraine)	תעלת קרים הצפונית (אוקראינה)	88958	North Crimean Canal (Ukraine)	תעלת קרים הצפונית (אוקראינה)	258.7	[45.33668, 36.04106]	[46.765277777778, 33.394444444444]	1	gooearth			Q735948	Q735948	True	extended	Q735948 P31=irrigation canal	402.6	North Crimean Canal	North Crimean Canal	[46.765277777778, 33.394444444444]	[46.765277777778, 33.394444444444]	258.7	0.0	0.0	258.7	True	True	024	WD			0.0
987007544554505171	20260212-20260218	location-move	extended-feature	apply-new	high	two points on one Q859440 P31=island (extent ~95 km)	King George Island (Antarctica)	אי המלך ג'ורג' (אנטארקטיקה)	80127	King George Island (Antarctica)	אי המלך ג'ורג' (אנטארקטיקה)	55.6	[-62.38333, -59.11667]	[-62.033333333333, -58.35]	1	gooearth			Q859440	Q859440	True	extended	Q859440 P31=island	95.0	King George Island	King George Island	[-62.033333333333, -58.35]	[-62.033333333333, -58.35]	55.6	0.0	0.0	55.6	True	True	024	WD			0.0
987007529375405171	20260212-20260218	location-move	extended-feature	apply-new	high	two points on one Q188940 P31=river (extent ~806 km)	Southern Bug River (Ukraine)	נהר הבוג הדרומי (אוקראינה)	76700	Southern Bug River (Ukraine)	נהר הבוג הדרומי (אוקראינה)	504.8	[46.9866, 31.9796]	[49.6313, 26.4289]	1	gooearth			Q188940	Q188940	True	extended	Q188940 P31=river	806.0	Southern Bug	Southern Bug	[49.6313, 26.4289]	[49.6313, 26.4289]	504.8	0.0	0.0	504.8	True	True	024	WD			0.0
987007536354805171	20260212-20260218	location-move	extended-feature	apply-new	high	two points on one Q157042 P31=river (extent ~775 km)	Pripet River (Ukraine and Belarus)	נהר פריפיאט (אוקראינה ובלארוס)	76043	Pripet River (Ukraine and Belarus)	נהר פריפיאט (אוקראינה ובלארוס)	465.7	[51.19167, 30.48194]	[51.333291, 23.790475]	1	gooearth			Q157042	Q157042	True	extended	Q157042 P31=river	775.0	Pripyat River	Pripyat River	[51.333291, 23.790475]	[51.333291, 23.790475]	465.7	0.0	0.0	465.7	True	True	024	WD			0.0
987007539648705171	20260212-20260218	location-move	extended-feature	apply-new	medium	two points on one Q891803 P31=strait (extent unknown)	Corfu Channel (Albania and Greece)	מצר קורפו (אלבניה ויוון)	71167	Corfu Channel (Albania and Greece)	מצר קורפו (אלבניה ויוון)	22.0	[39.58333, 20.08333]	[39.75805556, 19.96194444]	1	gooearth			Q891803	Q891803	True	extended	Q891803 P31=strait		Straits of Corfu	Straits of Corfu	[39.75805556, 19.96194444]	[39.75805556, 19.96194444]	22.0	0.0	0.0	22.0	True	True	024	WD			0.0
987007550753005171	20260212-20260218	location-move	extended-feature	apply-new	medium	two points on one Q669883 P31=non-geologically related mountain range / mountain range / low mountain range (extent unknown)	Fränkische Alb (Germany)	פרנקישה אלב (גרמניה)	1399	Fränkische Alb (Germany)	פרנקישה אלב (גרמניה)	66.9	[49.25841, 11.60403]	[49.02, 10.76]	1	gooearth			Q669883	Q669883	True	extended	Q669883 P31=non-geologically related mountain range / mountain range / low mountain range		Franconian Jura	Franconian Jura	[49.02, 10.76]	[49.02, 10.76]	66.9	0.0	0.0	66.9	True	True	024	WD			0.0
987007554238205171	20260212-20260218	location-move	nli-coords-wrong	keep-existing+report	high	Wikidata Q1464482 is 0 km from Kima, 100 km from NLI	Blackwater, River (Kerry-Cork and Waterford, Ireland)	מנסטר בלאקווטר (קרי-קורק ווטררפורד, אירלנד)	79605	Blackwater, River (Kerry-Cork and Waterford, Ireland)	מנסטר בלאקווטר (קרי-קורק ווטררפורד, אירלנד)	100.0	[52.192, -9.241]	[51.94119609, -7.83599854]	1	gooearth			Q1464482	Q1464482	True	point	Q1464482 P31=river / Natura 2000 site	168.0	Munster Blackwater	Munster Blackwater	[51.94119609, -7.83599854]	[51.94119609, -7.83599854]	100.0	0.0	0.0	100.0	True	True	024	WD			0.0
987007534589405171	20260212-20260218	location-move	extended-feature	apply-new	high	two points on one Q214811 P31=river (extent ~350 km)	Argeș River (Romania)	נהר ארג'ש (רומניה)	81217	Argeș River (Romania)	נהר ארג'ש (,רומניה)	213.8	[44.0587, 26.6169]	[45.3647, 24.6304]	1	gooearth			Q214811	Q214811	True	extended	Q214811 P31=river	350.0	Argeș River	Argeș River	[45.3647, 24.6304]	[45.3647, 24.6304]	213.8	0.0	0.0	213.8	True	True	024	WD			0.0
987007552705605171	20260212-20260218	location-move	nli-034-dropped-zero	keep-existing+report	high	NLI 034 fraction lost a leading 0 ($g 050.749881 -> 050.0749881); corrected centre is 3.6 km from Kima	Schöllkrippen (Germany)	שלקריפה (גרמניה)	12396	Schöllkrippen (Germany)	שלקריפה (גרמניה)	41.1	[50.43594, 9.23886]	[50.066666666667, 9.2330555555556]	1	gooearth			Q520820	Q520820	True	point	Q520820 P31=market municipality of Germany / municipality without town privileges in Germany	4.0	Schöllkrippen	Schöllkrippen	[50.085277777777776, 9.245833333333334]	[50.085277777777776, 9.245833333333334]	39.0	2.3	2.3	39.0	True	True	024	WD	[50.09849, 9.23886]	$g 050.749881 -> 050.0749881	35.0
987007534983005171	20260212-20260218	location-move	extended-feature	apply-new	high	two points on one Q179751 P31=river (extent ~1072 km)	Aras River	נהר אראס	76757	Aras River	נהר אראס	614.3	[40.0184, 48.4535]	[39.33792, 41.32823]	1	gooearth			Q179751	Q179751	True	extended	Q179751 P31=river	1072.0	Aras River	Aras River	[39.33792, 41.32823]	[39.33792, 41.32823]	614.3	0.0	0.0	614.3	True	True	024	WD			0.0
987007543765305171	20260212-20260218	location-move	extended-feature	apply-new	high	two points on one Q1719533 P31=mountain range (extent ~490 km)	Sierra de Córdoba (Argentina)	סיירה דה קורדובה (ארגנטינה)	2427	Sierra de Córdoba (Argentina)	סיירה דה קורדובה (ארגנטינה)	87.0	[-30.84417, -64.47611]	[-31.4917, -64.99]	1	gooearth			Q1719533	Q21841322	False	extended	Q1719533 P31=mountain range; Q21841322 P31=mountain	490.0	Sierras de Córdoba	Sierra de Córdoba	[-30.84416667, -64.47611111]	[-31.4917, -64.99]	0.0	87.0	0.0	87.0	True	True	024	WD			0.0
987007565408105171	20260212-20260218	location-move	extended-feature	apply-new	high	two points on one Q202760 P31=main stem (extent ~138 km)	Isonzo River (Slovenia and Italy)	נהר איזונצו (סלובניה ואיטליה)	2000	Isonzo River (Slovenia and Italy)	נהר איזונצו (סלובניה ואיטליה)	46.8	[46.41194, 13.7225]	[45.994444444444, 13.641388888889]	1	gooearth			Q202760	Q202760	True	extended	Q202760 P31=main stem	138.0	Soča	Soča	[45.994444444444, 13.641388888889]	[45.994444444444, 13.641388888889]	46.8	0.0	0.0	46.8	True	True	024	WD			0.0
987007590336505171	20260212-20260218	location-move	nli-034-dropped-zero	keep-existing+report	high	NLI 034 fraction lost a leading 0 ($f 049.489450 -> 049.0489450, $g 049.170471 -> 049.0170471); corrected centre is 0.0 km from Kima	Vinkivtsi (Ukraine)	וינקאויץ' (אוקראינה)	23173	Vinkivtsi (Ukraine)	וינקאויץ' (אוקראינה)	33.0	[49.32996, 27.23356]	[49.033333333333, 27.233333333333]	1	gooearth			Q2391347		False	point	Q2391347 P31=urban-type settlement in Ukraine / human settlement	3.8	Vinkivtsi		[49.033333333333, 27.233333333333]		33.0	0.0			True		024		[49.033, 27.23356]	$f 049.489450 -> 049.0489450, $g 049.170471 -> 049.0170471	17.9
987007581398905171	20260212-20260218	location-move	nli-coords-wrong	keep-existing+report	medium	Kima geonames:3272957 -> Q32059330 (Kima only) is 0 km from Kima, 197 km from NLI	Höchstadt (Germany)	הוכשטט (גרמניה)	24630	Höchstadt (Germany)	הוכשטט (גרמניה)	197.0	[49.71599, 10.83941]	[49.2475, 8.20889]	1	gooearth				Q32059330	False	point	Q32059330 P31=human settlement			Hochstadt		[49.2475, 8.2088888888889]			0.0	197.0		True		geonames:3272957			10.3
987007560843605171	20260212-20260218	location-move	extended-feature	apply-new	high	two points on one Q1729457 P31=historical region (extent ~409 km)	Ukraine, Western	אוקראינה, מערב	2324	Ukraine, Western	אוקראינה, מערב	81.5	[49.91, 27.13]	[50, 26]	1	gooearth			Q1729457	Q1729457	True	extended	Q1729457 P31=historical region	408.8	Western Ukraine	Western Ukraine	[50, 26]	[50, 26]	81.5	0.0	0.0	81.5	True	True	024	WD			0.0
987007559626405171	20260212-20260218	location-move	nli-coords-wrong	keep-existing+report	medium	Kima WD -> Q3004 (Kima only) is 0 km from Kima, 120 km from NLI	Ingolstadt (Germany)	איגולשטדט (גרמניה)	9600	Ingolstadt (Germany)	איגולשטדט (גרמניה)	120.5	[49.60444, 10.37904]	[48.763611111111, 11.426111111111]	1	gooearth				Q3004	False	point	Q3004 P31=big city / college town / major regional center / urban municipality in Germany / urban district of Bavaria / Option municipality	13.0		Ingolstadt		[48.76305555555555, 11.425]			0.1	120.5		True		WD			0.3
987007282291905171	20260212-20260218	location-move	nli-coords-wrong	keep-existing+report	medium	Kima WD -> Q214495 (Kima only) is 0 km from Kima, 51 km from NLI	Bāmīān Region (Afghanistan)	אזור במיין (אפגניסטן)	1809	Bamian Region (Afghanistan)	אזור במיין (אפגניסטן)	51.1	[34.69668, 67.27667]	[34.816666666667, 67.816666666667]	1	gooearth				Q214495	False	point	Q214495 P31=city / small city / human settlement; NLI 034 box half-diagonal 126 km	125.5		Bamyan		[34.816666666667, 67.816666666667]			0.0	51.1		True		WD			125.5
987007294753205171	20260212-20260218	location-move	extended-feature	apply-new	high	two points on one Q3783 P31=river (extent ~6400 km)	Amazon River	נהר האמזונס	1935	Amazon River	נהר האמזונס	1245.9	[-15.51778, -71.69361]	[-4.44836, -73.4559]	1	gooearth			Q3783		False	extended	Q3783 P31=river	6400.0	Amazon		[-4.44836, -73.4559]		1245.9	0.0			True		024				0.0
987007393270705171	20260212-20260218	location-move	homonym	research	medium	"two same-named entities: NLI Q333447 ""Aigueperse"" vs Kima Q1158006 ""Aigueperse"""	Aigueperse (Puy-de-Dôme, France)	איגואפרס (פוי-דה-דום, צרפת)	26324	Aigueperse (Puy-de-Dôme, France)	איגואפרס (פוי-דה-דום, צרפת)	99.0	[46.0225, 3.20222]	[46.276944444444, 4.4341666666667]	1	gooearth			Q333447	Q1158006	False	point	Q333447 P31=commune of France; Q1158006 P31=commune of France	4.1	Aigueperse	Aigueperse	[46.0225, 3.2022222222222]	[46.276944444444, 4.4341666666667]	0.0	99.0	0.0	99.0	True	True	024	WD			0.0
987007524670705171	20260212-20260218	location-move	nli-coords-wrong	keep-existing+report	high	Wikidata Q5349602 is 0 km from Kima, 98 km from NLI	Ein al-Zeitun (Israel)	עין אל-זייתון (ישראל)	74111	Ein al-Zeitun (Israel)	עין אל-זייתון (ישראל)	98.2	[32.2332, 34.94609]	[32.98722778, 35.49155]	1	gooearth			Q5349602	Q5349602	True	point	Q5349602 P31=human settlement / depopulated Palestinian village / village / former settlement	37.4	Ein al-Zeitun	Ein al-Zeitun	[32.98722778, 35.49155]	[32.98722778, 35.49155]	98.2	0.0	0.0	98.2	True	True	024	WD			0.1
987007507433105171	20260212-20260218	location-move	nli-coords-wrong	keep-existing+report	medium	Wikidata Q995940 (NLI only) is 0 km from Kima, 57 km from NLI	Brück (Germany)	ברוק (גרמניה)	23979	Brück (Germany)	ברוק (גרמניה)	57.2	[50.9432, 7.34129]	[50.4858, 6.97096]	1	gooearth			Q995940		False	point	Q995940 P31=human settlement		Brück		[50.4858, 6.97096]		57.2	0.0			True		024		[50.9432, 7.08464]	$d 007.570350 -> 007.0570350	16.1
987007543309705171	20260212-20260218	location-move	extended-feature	apply-new	high	two points on one Q14309 P31=river / gold river / main stem (extent ~657 km)	Guadalquivir River (Spain)	נהר גוואדאלקיוויר (ספרד)	82419	Guadalquivir River (Spain)	נהר גוואדאלקיוויר (ספרד)	321.0	[36.7913, -6.3567]	[37.8392, -2.9736]	1	gooearth			Q14309	Q14309	True	extended	Q14309 P31=river / gold river / main stem	657.0	Guadalquivir	Guadalquivir	[37.8392, -2.9736]	[37.8392, -2.9736]	321.0	0.0	0.0	321.0	True	True	024	WD			0.0
987007552864005171	20260212-20260218	location-move	no-wd	research	low	no Wikidata id on either side	Hildesheim (Germany)	הילדסהיים (גרמניה)	70231	Hildesheim (Germany)	הילדסהיים (גרמניה)	45.5	[52.56352, 10.13723]	[52.93312, 10.42791]	1	gooearth					False																[52.14362, 9.94467]	$e 010.427910 -> 010.0427910, $g 052.933120 -> 052.0933120	45.5
987007530210205171	20260212-20260218	location-move	extended-feature	apply-new	high	two points on one Q843308 P31=river (extent ~608 km)	Tekeze River (Ethiopia and Sudan)	נהר טקזה (אתיופיה וסודאן)	85439	Tekeze River (Ethiopia and Sudan)	נהר טקזה (אתיופיה וסודאן)	466.8	[11.9638, 39.40691]	[14.34166667, 35.85361111]	1	gooearth			Q843308	Q843308	True	extended	Q843308 P31=river	608.0	Tekezé River	Tekezé River	[14.34166667, 35.85361111]	[14.34166667, 35.85361111]	466.8	0.0	0.0	466.8	True	True	024	WD			0.0
987007551216105171	20260212-20260218	location-move	extended-feature	apply-new	high	two points on one Q817337 P31=river (extent ~635 km)	Negro River (Río Negro, Argentina)	נהר ריו נגרו (ריו נגרו, ארגנטינה)	80073	Negro River (Río Negro, Argentina)	נהר ריו נגרו (ריו נגרו, ארגנטינה)	498.7	[-38.9943, -68.0015]	[-41.031547, -62.783461]	1	gooearth			Q817337	Q817337	True	extended	Q817337 P31=river	635.0	Río Negro	Río Negro	[-41.031547, -62.783461]	[-41.031547, -62.783461]	498.7	0.0	0.0	498.7	True	True	024	WD			0.0
987007536434705171	20260212-20260218	location-move	nli-coords-wrong	keep-existing+report	high	Wikidata Q166966 is 0 km from Kima, 163 km from NLI	Shatt al-Arab (Iraq and Iran)	שט אל-ערב (איראן ועיראק)	2413	Shatt al-Arab (Iraq and Iran)	שט אל-ערב (איראן ועיראק)	163.0	[29.9369, 48.6077]	[31.0043, 47.4421]	1	gooearth			Q166966	Q166966	True	point	Q166966 P31=river	200.0	Shatt al-Arab	Shatt al-Arab	[31.0043, 47.4421]	[31.0043, 47.4421]	163.0	0.0	0.0	163.0	True	True	024	WD			0.0
987007532142005171	20260212-20260218	location-move	nli-034-dropped-zero	keep-existing+report	high	NLI 034 fraction lost a leading 0 ($d 004.718078 -> 004.0718078); corrected centre is 1.0 km from Kima	Bou Saâda (Algeria)	בוסעדה (אלג'יריה)	3300	Bou Saâda (Algeria)	בוסעדה (אלג'יריה)	30.2	[35.21319, 4.50614]	[35.208333333333, 4.1738888888889]	1	gooearth			Q401741	Q401741	True	point	Q401741 P31=commune of Algeria	17.8	Bou Saada	Bou Saada	[35.208333333333, 4.1738888888889]	[35.208333333333, 4.1738888888889]	30.2	0.0	0.0	30.2	True	True	024	WD	[35.21319, 4.183]	$d 004.718078 -> 004.0718078	22.9
987007548642205171	20260212-20260218	location-move	extended-feature	apply-new	high	two points on one Q1678 P31=river / geographical feature (extent ~413 km)	Saale River (Germany)	נהר זאלה (גרמניה)	72735	Saale River (Germany)	נהר זאלה (גרמניה)	204.0	[51.9547, 11.9139]	[50.1206, 11.8306]	1	gooearth			Q1678	Q1678	True	extended	Q1678 P31=river / geographical feature	413.0	Saale	Saale	[50.1206, 11.8306]	[50.1206, 11.8306]	204.0	0.0	0.0	204.0	True	True	024	WD			0.0
987007546517105171	20260212-20260218	location-move	extended-feature	apply-new	high	two points on one Q1139679 P31=river (extent ~560 km)	Usumacinta River (Guatemala and Mexico)	נהר אוסומקינטה (גואטמלה ומקסיקו)	88843	Usumacinta River (Guatemala and Mexico)	נהר אוסומקינטה (גואטמלה ומקסיקו)	308.5	[18.3968, -92.6458]	[16.479722222222, -90.543611111111]	1	gooearth			Q1139679	Q1139679	True	extended	Q1139679 P31=river	560.0	Usumacinta River	Usumacinta River	[16.479722222222, -90.543611111111]	[16.479722222222, -90.543611111111]	308.5	0.0	0.0	308.5	True	True	024	WD			0.0
987007549680505171	20260212-20260218	location-move	extended-feature	apply-new	high	two points on one NLI 034 box half-diagonal 161 km (extent ~161 km)	Romagna (Italy)	רומנה (איטליה)	5323	Romagna (Italy)	רומנה (איטליה)	101.3	[44.4355, 10.97679]	[44.5, 12.25]	1	gooearth					False	extended	NLI 034 box half-diagonal 161 km	161.4															161.4
987007542578805171	20260212-20260218	location-move	extended-feature	apply-new	high	two points on one Q955354 P31=river (extent ~810 km)	Chubut River (Argentina)	נהר צ'ובוט (ארגנטינה)	71011	Chubut River (Argentina)	נהר צ'ובוט (ארגנטינה)	425.6	[-41.9804, -71.1485]	[-43.699719444444, -66.483333333333]	1	gooearth			Q955354	Q955354	True	extended	Q955354 P31=river	810.0	Chubut River	Chubut River	[-43.699719444444, -66.483333333333]	[-43.699719444444, -66.483333333333]	425.6	0.0	0.0	425.6	True	True	024	WD			0.0
987007583811505171	20260212-20260218	location-move	homonym	research	medium	"two same-named entities: NLI Q4821258 ""Örencik"" vs Kima Q6463411 ""Örencik"""	Örencik (Turkey)	אורנצ'יק (טורקיה)	24730	Örencik (Turkey)	אורנצ'יק (טורקיה)	685.6	[37.9348, 37.71533]	[38.4892, 29.8972]	1	gooearth			Q4821258	Q6463411	False	point	Q4821258 P31=village of Turkey; Q6463411 P31=village of Turkey		Örencik	Örencik	[38.4892, 29.8972]	[40.9475711, 37.4829973]	685.6	0.0	703.7	335.6	True	True	024	geonames:741074			0.2
987007560831605171	20260212-20260218	location-move	extended-feature	apply-new	high	two points on one Q93195 P31=province of Ireland (extent ~165 km)	Ulster (Northern Ireland and Ireland)	אולסטר (צפון אירלנד ואירלנד)	2326	Ulster (Northern Ireland and Ireland)	אולסטר (צפון אירלנד ואירלנד)	41.3	[54.4, -7.0]	[54.740722222222225, -6.744555555555555]	1	gooearth			Q93195	Q115263046	False	extended	Q93195 P31=province of Ireland; Q115263046 P31=geographic township of Ontario	165.2	Ulster	Ulster	[54.740722222222225, -6.744555555555555]	[46.8475, -81.6436111111111]	41.3	0.0	5080.3	5079.8	True	True	024	geonames:6171759			0.0
987007563053405171	20260212-20260218	location-move	extended-feature	apply-new	high	two points on one Q217805 P31=river (extent ~368 km)	Iskŭr River (Bulgaria)	נהר איסקר (בולגריה)	82385	Iskŭr River (Bulgaria)	נהר איסקר (בולגריה)	176.7	[43.7317, 24.4419]	[42.2877, 23.5345]	1	gooearth			Q217805	Q217805	True	extended	Q217805 P31=river	368.0	Iskar	Iskar	[42.2877, 23.5345]	[42.2877, 23.5345]	176.7	0.0	0.0	176.7	True	True	024	WD			0.0
987007583812005171	20260212-20260218	location-move	nli-034-dropped-zero	keep-existing+report	high	NLI 034 fraction lost a leading 0 ($d 025.730639 -> 025.0730639); corrected centre is 0.0 km from Kima	Leshniv (Ukraine)	לשניב (אוקראינה)	24727	Leshniv (Ukraine)	לשניב (אוקראינה)	23.4	[50.24353, 25.41579]	[50.243611111111, 25.086944444444]	1	gooearth				Q4260532	False	point	Q4260532 P31=village of Ukraine	1.4		Leshniv		[50.243611111111, 25.086944444444]			0.0	23.4		True		WD	[50.24353, 25.08701]	$d 025.730639 -> 025.0730639	22.4
987007565893005171	20260212-20260218	location-move	extended-feature	apply-new	high	two points on one Q206850 P31=river (extent ~1149 km)	Red River (China and Vietnam)	נהר האדום (סין ווייטנאם)	70275	Red River (China and Vietnam)	נהר האדום (סין ווייטנאם)	818.7	[20.2708, 106.5628]	[25.8333, 101.3167]	1	gooearth			Q206850	Q206850	True	extended	Q206850 P31=river	1149.0	Red River	Red River	[25.8333, 101.3167]	[25.8333, 101.3167]	818.7	0.0	0.0	818.7	True	True	024	WD			0.0
987007570386105171	20260212-20260218	location-move	extended-feature	apply-new	high	two points on one Q626682 P31=desert (extent ~175 km)	Arava Valley (Israel and Jordan)	עמק הערבה (ישראל וירדן)	23128	Arava Valley (Israel and Jordan)	עמק ערבה (ישראל וירדן)	27.9	[30.16667, 35.16667]	[30.416944444444, 35.151388888889]	1	gnis				Q626682	False	extended	Q626682 P31=desert	175.0		Arabah		[30.416944444444, 35.151388888889]			0.0	27.9		True		WD			0.0
987007567857705171	20260212-20260218	location-move	nli-coords-wrong	keep-existing+report	high	Wikidata Q14452 is 0 km from Kima, 9346 km from NLI	Easter Island	אי הפסחא	1093	Easter Island	אי הפסחא	9345.6	[-66.41667, 98.76667]	[-27.119444444444, -109.35472222222]	1	gooearth			Q14452	Q14452	True	extended	Q14452 P31=island / administrative territorial entity; Kima LocationTypeId=2; move 9346 km exceeds extent	24.0	Easter Island	Easter Island	[-27.12, -109.35]	[-27.12, -109.35]	9345.6	0.5	0.5	9345.6	True	True	024	WD			0.0
987007560192505171	20260212-20260218	location-move	nli-coords-wrong	keep-existing+report	high	Wikidata Q27468 is 0 km from Kima, 2315 km from NLI	Europe, Eastern	אירופה המזרחית	1414	Europe, Eastern	אירופה המזרחית	2314.7	[50.82308, -1.46568]	[49, 31]	1	gooearth			Q27468	Q27468	True	extended	Q27468 P31=region; Kima LocationTypeId=2; move 2315 km exceeds extent		Eastern Europe	Eastern Europe	[49, 31]	[49, 31]	2314.7	0.0	0.0	2314.7	True	True	024	WD			6.8
987007291985405171	20260219-20260225	location-move	kima-coords-wrong	apply-new	high	Wikidata Q55950714 (NLI only) is 1 km from NLI, 7514 km from Kima	Gergovia (Extinct city)	גרגוביה (עיר קדומה)	1623	Gergovia (Extinct city)	גרגוביה (עיר קדומה)	7513.2	[45.71667, 3.13333]	[49.18335, -107.41794]	1	geonet			Q55950714		False	point	Q55950714 P31=human settlement		Gergovia		[45.708333333333336, 3.125]		1.1	7513.5			True		024				0.0
987007284988905171	20260219-20260225	location-move	extended-feature	apply-new	high	two points on one Q18869 P31=region / cultural region (extent ~1200 km)	Caucasus	קווקז	1138	Caucasus	קוקז	76.9	[42.5, 45.0]	[42.261111111111, 44.121111111111]	1	Other				Q18869	False	extended	Q18869 P31=region / cultural region	1200.0		Caucasus		[42.75, 44.5]			62.6	49.5		True		WD			0.0
987007292978805171	20260219-20260225	location-move	homonym	apply-new	medium	"Kima WD -> Q21845772 ""Punta de Arenas"" is a same-named place 11540 km from the NLI point; NLI heading qualifier disambiguates"	Arena, Point (Calif.)	פוינט ארנה (קליפורניה)	1592	Arena, Point (Calif.)	פוינט ארנה (קליפורניה)	11539.6	[38.90889, -123.69194]	[-53.153333333333, -68.214166666667]	1	gnis				Q21845772	False					Punta de Arenas		[-53.153333333333, -68.214166666667]			0.0	11539.6		True		WD			0.0
987007292985305171	20260219-20260225	location-move	extended-feature	apply-new	medium	two points on one Q1369399 P31=canyon (extent unknown)	Palo Duro Canyon (Tex.)	קניון פאלו רורו (טקסס)	1610	Palo Duro Canyon (Tex.)	קניון פאלו רורו (טקסס)	74.9	[34.62917, -100.94528]	[34.95, -101.667]	1	geonames				Q1369399	False	extended	Q1369399 P31=canyon			Palo Duro Canyon		[34.95, -101.667]			0.0	74.9		True		WD			0.0
987007282407005171	20260219-20260225	location-move	nli-coords-wrong	keep-existing+report	medium	Kima WD -> Q61750123 (Kima only) is 0 km from Kima, 108 km from NLI	Beauce (France)	בוס (צרפת)	1757	Beauce (France)	בוס (צרפת)	108.2	[48.36667, 1.83333]	[47.3964, 1.9381]	1	gnis				Q61750123	False	extended	Q61750123 P31=river; move 108 km exceeds extent	12.4		Beauce		[47.3964, 1.9381]			0.0	108.2		True		WD			0.0
987007282552005171	20260219-20260225	location-move	extended-feature	apply-new	high	two points on one Q41573 P31=bay (extent ~594 km)	Biscay, Bay of (France and Spain)	מפרץ ביסקאיה (צרפת וספרד)	1850	Biscay, Bay of (France and Spain)	מפרץ ביסקאיה (צרפת וספרד)	168.9	[44.0, -4.0]	[45.5, -4.3333333333333]	1	geonames			Q41573	Q41573	True	extended	Q41573 P31=bay	593.7	Bay of Biscay	Bay of Biscay	[45.5, -4.4]	[45.5, -4.4]	169.8	5.2	5.2	169.8	True	True	024	WD			0.0
987007282303105171	20260219-20260225	location-move	extended-feature	apply-new	high	two points on one Q170427 P31=mountain range (extent ~530 km)	Balkan Mountains (Bulgaria)	הרי הבלקן (בולגריה)	1801	Balkan Mountains (Bulgaria)	הרי הבלקן (בולגריה)	61.2	[43.25, 25.0]	[42.7, 25]	1	geonames			Q170427	Q170427	True	extended	Q170427 P31=mountain range	530.0	Balkan Mountains	Balkan Mountains	[42.78421, 24.97626]	[42.78421, 24.97626]	51.8	9.6	9.6	51.8	True	True	024	WD			0.0
987007292520505171	20260219-20260225	location-move	wd-disagrees	research	low	Wikidata Q205107 near neither (142 / 246 km)	Burren (Ireland)	בורן (אירלנד)	1837	Burren (Ireland)	בורן (אירלנד)	128.9	[53.0, -7.25]	[52.72139, -9.11417]	1	gnis			Q205107		False	point	Q205107 P31=village		Burren		[54.132, -6.264]		141.7	245.5			True		024				0.0
987007282537105171	20260219-20260225	location-move	extended-feature	apply-new	high	two points on one Q871238 P31=mountain range / geomorphological region / Vrchovina / upland (extent ~150 km)	Bohemian-Moravian Highlands (Czech Republic)	הרי בוהמיה-מוראביה (צ'כיה)	1871	Bohemian-Moravian Highlands (Czech Republic)	הרי בוהמיה-מורביה (צ'כיה)	32.1	[49.41667, 15.66667]	[49.221111111111, 15.340555555556]	1	gnis				Q871238	False	extended	Q871238 P31=mountain range / geomorphological region / Vrchovina / upland	150.0		Bohemian-Moravian Highlands		[49.221111111111, 15.340555555556]			0.0	32.1		True		WD			0.0
987007284646705171	20260219-20260225	location-move	nli-coords-wrong	keep-existing+report	medium	Kima geonames:2521395 -> Q972305 (Kima only) is 9 km from Kima, 159 km from NLI	Bajo Segura (Spain)	באחו סיגורה (ספרד)	1796	Bajo Segura (Spain)	באחו סיגורה (ספרד)	149.4	[38.08333, 0.86667]	[38.06693, -0.84042]	1	gnis				Q972305	False			34.9		Vega Baja del Segura		[38.084166666667, -0.945]			9.4	158.6		True		geonames:2521395			0.0
987007282406205171	20260219-20260225	location-move	extended-feature	apply-new	high	two points on one Q131274 P31=sea (extent ~476 km)	Beaufort Sea	ים בופור	1758	Beaufort Sea	ים בופור	233.8	[70.0, -135.0]	[72, -137]	1	geonames			Q131274	Q131274	True	extended	Q131274 P31=sea; Kima LocationTypeId=2	476.1	Beaufort Sea	Beaufort Sea	[72, -137]	[72, -137]	233.8	0.0	0.0	233.8	True	True	024	WD			0.0
987007292839205171	20260219-20260225	location-move	extended-feature	apply-new	high	two points on one Q229269 P31=desert (extent ~1000 km)	Rubʻ al-Khali	רוב אל-קאלי	1612	Rubʻ al-Khali	רוב אל-קאלי	152.4	[21.0, 51.0]	[20, 50]	1	geonet				Q229269	False	extended	Q229269 P31=desert; Kima LocationTypeId=2	1000.0		Rub' al Khali		[20, 50]			0.0	152.4		True		WD			0.0
987007294727305171	20260219-20260225	location-move	extended-feature	apply-new	high	two points on one Q5456 P31=mountain range (extent ~7000 km)	Andes	הרי האנדס	1887	Andes	הרי האנדס	1438.4	[-20.0, -67.0]	[-32.65333333, -70.01166667]	1	Other			Q5456	Q5456	True	extended	Q5456 P31=mountain range; Kima LocationTypeId=2	7000.0	Andes	Andes	[-21.826, -66.698]	[-21.826, -66.698]	205.5	1247.5	1247.5	205.5	True	True	024	WD			0.0
987007294887505171	20260219-20260225	location-move	nli-coords-wrong	keep-existing+report	medium	Kima WD -> Q1630884 (Kima only) is 0 km from Kima, 326 km from NLI	Alps, French (France)	הרי האלפים הצרפתיים (צרפת)	1924	Alps, French (France)	הרי האלפים הצרפתיים (צרפת)	326.2	[46.41667, 10.0]	[44.8, 6.5]	1	gnis				Q1630884	False	extended	Q1630884 P31=mountain range; move 326 km exceeds extent			French Alps		[44.8, 6.5]			0.0	326.2		True		WD			0.0
987007285397305171	20260219-20260225	location-move	extended-feature	apply-new	high	two points on one Q1424748 P31=trail (extent ~96 km)	Kokoda Trail (Papua New Guinea)	שביל קוקודה (פפואה גינאה החדשה)	1710	Kokoda Trail (Papua New Guinea)	שביל קוקודה (פפואה גינאה החדשה)	91.4	[-8.86667, 147.75]	[-9.38, 148.4]	1	geonames				Q1424748	False	extended	Q1424748 P31=trail	96.0		Kokoda Track		[-9.38, 148.4]			0.0	91.4		True		WD			0.0
987007477975105171	20260219-20260225	location-move	no-wd	research	low	no Wikidata id on either side	Holzhausen (Germany)	הולצהאוזן (גרמניה)	20658	Holzhausen (Germany)	הולצהאוזן (גרמניה)	94.7	[50.3, 10.75]	[51.04135, 10.08894]	1	geonet					False																		0.0
987007469590905171	20260219-20260225	location-move	homonym	apply-new	medium	"Kima geonames:286647 -> Q3461496 ""Saham"" is a same-named place 2266 km from the NLI point; NLI heading qualifier disambiguates"	Saḥam (Jordan)	סחם (ירדן)	19253	Saḥam (Jordan)	סחם (ירדן)	2266.0	[32.69833, 35.77611]	[24.17222, 56.88861]	1	geonet				Q3461496	False	point	Q3461496 P31=province of Oman			Saham		[24.1434, 56.87285]			3.6	2266.2		True		geonames:286647			0.0
987007496490705171	20260219-20260225	location-move	no-wd	research	low	no Wikidata id on either side	Gâtine (France)	גאטין (צרפת)	20576	Gâtine (France)	גאטין (צרפת)	7363.6	[46.58333, -0.25]	[51.46682, -112.91858]	1	geonet					False																		0.0
987007529894805171	20260219-20260225	location-move	extended-feature	apply-new	medium	two points on one Q3509045 P31=Indian reservation of the United States (extent unknown)	Red Lake Indian Reservation (Minn.)	שמורת אינדיאנים רד לייק (מינסוטה)	4660	Red Lake Indian Reservation (Minn.)	שמורת אינדיאנים רד לייק (מינסוטה)	20.4	[48.00028, -95.25056]	[48.155, -95.102222222222]	1	geonames				Q3509045	False	extended	Q3509045 P31=Indian reservation of the United States			Red Lake Indian Reservation		[48.155, -95.102222222222]			0.0	20.4		True		WD			0.0
987007541584805171	20260219-20260225	location-move	extended-feature	apply-new	high	two points on one Q5470821 P31=Indian reservation of the United States (extent ~72 km)	Fort Berthold Indian Reservation (N.D.)	שמורת אינדיאנים פורט ברטהולד (דקוטה הצפונית)	3532	Fort Berthold Indian Reservation (N.D.)	שמורת אינדיאנים פורט ברטהולד (צפון דקוטה)	30.8	[47.97722, -102.49639]	[47.7431, -102.277]	1	gnis				Q5470821	False	extended	Q5470821 P31=Indian reservation of the United States	72.2		Fort Berthold Reservation		[47.7431, -102.277]			0.0	30.8		True		WD			0.0
987007534266205171	20260219-20260225	location-move	extended-feature	apply-new	high	two points on one Q167021 P31=mountain range (extent ~1500 km)	Zagros Mountains (Iran and Iraq)	הרי הזגרוס (איראן ועיראק)	3691	Zagros Mountains (Iran and Iraq)	הרי הזגרוס (איראן ועיראק)	135.1	[33.66667, 47.0]	[34.01391, 48.40231]	1	geonames			Q167021	Q167021	True	extended	Q167021 P31=mountain range	1500.0	Zagros Mountains	Zagros Mountains	[33.666667, 47]	[33.666667, 47]	0.0	135.1	135.1	0.0	True	True	024	geonames:111617			0.0
987007536257305171	20260219-20260225	location-move	no-wd	research	low	no Wikidata id on either side	Lombok (Indonesia)	לומבוק (אינדונזיה)	2508	Lombok (Indonesia)	לומבוק (אינדונזיה)	12197.1	[-8.5, 116.66667]	[52.01667, 5.43333]	1	geonames					False																		0.0
987007536566805171	20260219-20260225	location-move	extended-feature	apply-new	medium	two points on one Q3528732 P31=game reserve (extent unknown)	Timbavati Game Reserve (South Africa)	שמורת חיות טימבאואטי (דרום אפריקה)	2312	Timbavati Game Reserve (South Africa)	שמורת חיות טימבאואטי (דרום אפריקה)	129.8	[-24.41667, 31.33333]	[-23.25, 31.3667]	1	geonames				Q3528732	False	extended	Q3528732 P31=game reserve			Timbavati Game Reserve		[-24.405555555555555, 31.31388888888889]			128.6	2.3		True		WD			0.0
987007543995505171	20260219-20260225	location-move	extended-feature	apply-new	medium	two points on one Q49504499 P31=park / National Scenic Trail (extent unknown)	Ice Age National Scenic Trail (Wis.)	שביל נוף לאומי תקופת הקרח (ויסקונסין)	3492	Ice Age National Scenic Trail (Wis.)	שביל נוף לאומי תקופת הקרח (ויסקונסין)	99.0	[43.01389, -88.40139]	[43.078333333333, -89.616666666667]	1	geonames				Q49504499	False	extended	Q49504499 P31=park / National Scenic Trail			Ice Age National Scenic Trail		[43.078333333333, -89.616666666667]			0.0	99.0		True		WD			0.0
987007541762605171	20260219-20260225	location-move	nli-coords-wrong	keep-existing+report	high	Wikidata Q51930 is 0 km from Kima, 222 km from NLI	Tremiti Islands (Italy)	איי טרמיטי (איטליה)	3347	Tremiti Islands (Italy)	איי טרמיטי (איטליה)	222.4	[40.11667, 15.5]	[42.116666666667, 15.5]	1	gnis			Q51930	Q51930	True	point	Q51930 P31=sparse municipality / archipelago	2.0	Isole Tremiti	Isole Tremiti	[42.116666666667, 15.5]	[42.116666666667, 15.5]	222.4	0.0	0.0	222.4	True	True	024	WD			0.0
987007536069705171	20260219-20260225	location-move	extended-feature	apply-new	high	two points on one Q484725 P31=mountain range (extent ~600 km)	Elburz Mountains (Iran)	הרי אלבורז (איראן)	1072	Elburz Mountains (Iran)	הרי אלבורז (איראן)	108.6	[36.0, 53.0]	[36.075833, 51.796111]	1	geonames				Q484725	False	extended	Q484725 P31=mountain range	600.0		Alborz		[36.075833, 51.796111]			0.0	108.6		True		WD			0.0
987007549075105171	20260219-20260225	location-move	extended-feature	apply-new	medium	two points on one Q192738 P31=gulf (extent unknown)	Taranto, Gulf of (Italy)	מפרץ טאראנטו (איטליה)	87402	Taranto, Gulf of (Italy)	מפרץ טאראנטו (איטליה)	28.0	[40.13333, 17.33333]	[39.885, 17.276944444444]	1	gnis			Q192738	Q192738	True	extended	Q192738 P31=gulf		Gulf of Taranto	Gulf of Taranto	[39.885, 17.276944444444]	[39.885, 17.276944444444]	28.0	0.0	0.0	28.0	True	True	024	WD			0.0
987007549583305171	20260219-20260225	location-move	kima-geonames-wrong	research	medium	"Kima geonames:1651465 -> Q2011634 = ""Yef Miossu"" does not match the name"	Amsterdam Island (Terres australes et antarctiques françaises)	אי אמסטרדם (טריטוריה אוסטרלית ואנטארקטית צרפתית)	5484	Amsterdam Island (Terres australes et antarctiques françaises)	אי אמסטרדם (טריטוריה אוסטרלית ואנטארקטית צרפתית)	6957.9	[-37.83333, 77.51667]	[-0.34677, 132.17094]	1	geonet				Q2011634	False	extended	Q2011634 P31=islet; move 6958 km exceeds extent	1.1		Yef Miossu		[-0.3470639, 132.1707222]			0.0	6957.8		False		geonames:1651465			0.0
987007553643305171	20260219-20260225	location-move	no-wd	research	low	no Wikidata id on either side	Weinviertel (Austria)	ויינפירטל (אוסטריה)	3636	Weinviertel (Austria)	ויינפירטל (אוסטריה)	134.6	[48.53333, 14.61667]	[48.51092, 16.44379]	1	geonames					False																		0.0
987007531763005171	20260219-20260225	location-move	extended-feature	apply-new	high	two points on one Q3569 P31=river (extent ~1050 km)	Senegal River	נהר סנגל	2086	Senegal River	נהר סנגל	651.6	[15.81056, -16.53]	[13.8144, -10.8302]	1	geonet			Q3569	Q3569	True	extended	Q3569 P31=river; Kima LocationTypeId=2	1050.0	Senegal River	Senegal River	[13.8144, -10.8302]	[13.8144, -10.8302]	651.6	0.0	0.0	651.6	True	True	024	WD			0.0
987007539196605171	20260219-20260225	location-move	extended-feature	apply-new	medium	two points on one Q49297071 P31=island group (extent unknown)	Crozet Islands	איי קרוזט	3278	Crozet Islands	איי קרוזט	89.8	[-46.0, 52.0]	[-46.416666666667, 51]	1	gnis				Q49297071	False	extended	Q49297071 P31=island group; Kima LocationTypeId=2					[-46.416666666667, 51]			0.0	89.8		False		WD			0.0
987007551185205171	20260219-20260225	location-move	extended-feature	apply-new	high	two points on one Q335575 P31=river (extent ~719 km)	Sacramento River (Calif.)	נהר סקרמנטו (קליפורניה)	2016	Sacramento River (Calif.)	נהר סקרמנטו (קליפורניה)	299.1	[38.06333, -121.85278]	[40.717501, -122.420228]	1	geonames			Q335575	Q335575	True	extended	Q335575 P31=river	719.0	Sacramento River	Sacramento River	[40.717501, -122.420228]	[40.717501, -122.420228]	299.1	0.0	0.0	299.1	True	True	024	WD			0.0
987007529918305171	20260219-20260225	location-move	extended-feature	apply-new	medium	two points on one Q1053290 P31=peninsula (extent unknown)	Kii Peninsula (Japan)	חצי האי קיאי (יפן)	3288	Kii Peninsula (Japan)	חצי האי קיאי (יפן)	38.6	[34.0, 135.75]	[34.302777777778, 135.955]	1	geonames				Q1053290	False	extended	Q1053290 P31=peninsula			Kii Peninsula		[34.302777777778, 135.955]			0.0	38.6		True		WD			0.0
987007536002505171	20260219-20260225	location-move	nli-coords-wrong	keep-existing+report	medium	Kima WD -> Q913793 (Kima only) is 0 km from Kima, 160 km from NLI	Grand Banks of Newfoundland	גרנד בנקס של ניופאונדלנד	1456	Grand Banks of Newfoundland	גרנד בנקס של ניופאונדלנד	160.0	[45.0, -53.0]	[45.236944444444, -50.989222222222]	1	geonames				Q913793	False	extended	Q913793 P31=ocean bank; Kima LocationTypeId=2; move 160 km exceeds extent			Grand Banks of Newfoundland		[45.23694444444445, -50.98916666666667]			0.0	160.0		True		WD			0.0
987007543236705171	20260219-20260225	location-move	extended-feature	apply-new	high	two points on one Q743382 P31=alpine section / mountain range (extent ~180 km)	Dauphiné Alps (France)	אלפים הדאופיניים (צרפת)	1012	Dauphiné Alps (France)	אלפים הדאופיניים (צרפת)	35.3	[44.66667, 6.11667]	[44.95916667, 6.28944444]	1	geonames				Q743382	False	extended	Q743382 P31=alpine section / mountain range	179.9		Dauphiné Alps		[44.95916667, 6.28944444]			0.0	35.3		True		WD			0.0
987007533703405171	20260219-20260225	location-move	extended-feature	apply-new	high	two points on one Q186822 P31=island group / archipelago / region (extent ~40 km)	Lofoten (Norway)	לופטן (נורווגיה)	2505	Lofoten (Norway)	לופטן (נורבגיה)	36.3	[68.47111, 13.86361]	[68.333056, 14.666389]	1	geonames			Q186822	Q186822	True	extended	Q186822 P31=island group / archipelago / region	39.5	Lofoten	Lofoten	[68.33305555555556, 14.66638888888889]	[68.33305555555556, 14.66638888888889]	36.3	0.0	0.0	36.3	True	True	024	WD			0.0
987007537927405171	20260219-20260225	location-move	nli-coords-wrong	keep-existing+report	high	Wikidata Q4831991 is 1 km from Kima, 589 km from NLI	Geldibuldu (Turkey)	גלדיבולדו (טורקיה)	19187	Geldibuldu (Turkey)	גלדיבולדו (טורקיה)	588.8	[40.18333, 32.83333]	[37.72807, 38.86933]	1	other			Q4831991	Q4831991	True	point	Q4831991 P31=village of Turkey		Geldibuldu	Geldibuldu	[37.735277777777775, 38.880833333333335]	[37.735277777777775, 38.880833333333335]	589.3	1.3	1.3	589.3	True	True	024	geonames:312116			0.0
987007539061705171	20260219-20260225	location-move	extended-feature	apply-new	medium	two points on one Q18386637 P31=protected area (extent unknown)	Kafue Flats (Zambia)	מישורי קפואה (זמביה)	3547	Kafue Flats (Zambia)	מישורי קפואה (זמביה)	66.3	[-15.66667, 27.0]	[-15.71665, 26.3832]	1	geonames				Q18386637	False	extended	Q18386637 P31=protected area			Kafue Flats		[-15.6333, 27.0667]			73.8	8.0		True		geonames:915880			0.0
987007551247305171	20260219-20260225	location-move	nli-coords-wrong	keep-existing+report	medium	Kima WD -> Q19326841 (Kima only) is 0 km from Kima, 86 km from NLI	Lijmers (Netherlands)	ליימרס (הולנד)	3569	Lijmers (Netherlands)	ליימרס (הולנד)	85.9	[51.96667, 6.03333]	[52.7172, 5.7338]	1	gnis				Q19326841	False	point	Q19326841 P31=street			Lijmers		[52.7172, 5.7338]			0.0	85.9		True		WD			0.0
987007534509605171	20260219-20260225	location-move	extended-feature	apply-new	high	two points on one Q798460 P31=river (extent ~65 km)	Zarqa River (Jordan)	נחל יבוק (ירדן)	74776	Zarqa River (Jordan)	נחל יבוק (ירדן)	25.9	[32.11556, 35.54167]	[32.191666666667, 35.801666666667]	1	geonames			Q798460	Q798460	True	extended	Q798460 P31=river	65.0	Zarqa River	Zarqa River	[32.191666666667, 35.801666666667]	[32.191666666667, 35.801666666667]	25.9	0.0	0.0	25.9	True	True	024	WD			0.0
987007534549505171	20260219-20260225	location-move	extended-feature	apply-new	medium	two points on one Q42173399 P31=Indian reservation of the United States / federally recognized Native American tribe in the United States (extent unknown)	Hualapai Indian Reservation (Ariz.)	שמורה אינדיאנית ואלאפאי (אריזונה)	4627	Hualapai Indian Reservation (Ariz.)	שמורה אינדיאנית ואלאפאי (אריזונה)	37.5	[35.74972, -113.50056]	[35.906944444444, -113.13277777778]	1	geonames				Q42173399	False	extended	Q42173399 P31=Indian reservation of the United States / federally recognized Native American tribe in the United States			Hualapai Indian Tribe		[35.906944444444, -113.13277777778]			0.0	37.5		False		WD			0.0
987007529600905171	20260219-20260225	location-move	nli-coords-wrong	keep-existing+report	medium	Kima WD -> Q25118407 (Kima only) is 0 km from Kima, 62 km from NLI	Pindus Mountains (Greece)	הרי פינדוס (יוון)	3996	Pindus Mountains (Greece)	הרי פינדוס (יוון)	61.6	[39.75, 21.5]	[40.08489, 20.92517]	1	geonames				Q25118407	False	point	Q25118407 P31=mountain range			Pindus Mountains		[40.08489, 20.92517]			0.0	61.6		True		WD			0.0
987007530012605171	20260219-20260225	location-move	extended-feature	apply-new	high	two points on one Q459875 P31=historical region (extent ~165 km)	Kartli (Georgia)	כרתלי (גאורגיה)	4669	Kartli (Georgia)	כרתלי (גאורגיה)	72.6	[41.91667, 44.41667]	[41.26666667, 44.50277778]	1	geonet				Q459875	False	extended	Q459875 P31=historical region	164.8		Kartli		[41.9861, 44.1152]			86.2	26.1		True		WD			0.0
987007555600405171	20260219-20260225	location-move	extended-feature	apply-new	high	two points on one Q207724 P31=protected area of Kenya (extent ~44 km)	Maasai Mara National Reserve (Kenya)	שמורה לאומית מסאי מארה (קניה)	2587	Maasai Mara National Reserve (Kenya)	שמורה לאומית מסאי מארה (קניה)	26.5	[-1.41667, 34.91667]	[-1.49, 35.14388889]	1	geonet				Q207724	False	extended	Q207724 P31=protected area of Kenya	43.7		Masai Mara		[-1.49, 35.14]			0.4	26.1		True		WD			0.0
987007532425005171	20260219-20260225	location-move	extended-feature	apply-new	medium	two points on one heading: Mojave River Valley (extent unknown)	Mojave River Valley (Calif.)	עמק נהר מוהאבי (קליפורניה)	4357	Mojave River Valley (Calif.)	עמק נהר מוהאבי (קליפורניה)	29.3	[34.88333, -116.705]	[34.8878971, -117.0259417]	1	geonames				Q70908015	False	extended	heading: Mojave River Valley			Mojave River Valley Museum		[34.8878971, -117.0259417]			0.0	29.3		True		WD			0.0
987007539410905171	20260219-20260225	location-move	nli-coords-wrong	keep-existing+report	medium	Wikidata Q5584067 (NLI only) is 0 km from Kima, 552 km from NLI	Goose Island (Chicago, Ill.)	גוס איילנד (שיקגו, אילינוי)	4135	Goose Island (Chicago, Ill.)	גוס איילנד (שיקגו, אילינוי)	552.1	[37.12556, -89.40306]	[41.90392, -87.65394]	1	gnis			Q5584067		False	point	Q5584067 P31=neighborhood / river island	0.9	Goose Island		[41.904444444444444, -87.65416666666667]		552.1	0.1			True		024				0.0
987007536752305171	20260219-20260225	location-move	extended-feature	apply-new	medium	two points on one Q182561 P31=coast (extent unknown)	Coromandel Coast (India)	חוף קורומנדל (הודו)	3162	Coromandel Coast (India)	חוף קורומנדל (הודו)	72.7	[14.0, 80.16667]	[13.366666666667, 80.333333333333]	1	geonames				Q182561	False	extended	Q182561 P31=coast			Coromandel Coast		[13.37, 80.33]			0.5	72.2		True		WD			0.0
987007544142905171	20260219-20260225	location-move	nli-coords-wrong	keep-existing+report	medium	Kima WD -> Q4312445 (Kima only) is 0 km from Kima, 53 km from NLI	Nine Mile Canyon (Utah)	קניון ניין מייל (יוטה)	3365	Nine Mile Canyon (Utah)	קניון ניין מייל (יוטה)	53.3	[39.83139, -109.88]	[39.7764, -110.5]	1	geonames				Q4312445	False	point	Q4312445 P31=canyon / archaeological site / Back Country Byway / scenic route			Ninemile Canyon		[39.7764, -110.5]			0.0	53.3		True		WD			0.0
987007550230005171	20260219-20260225	location-move	nli-coords-wrong	keep-existing+report	high	Wikidata Q18456541 is 0 km from Kima, 583 km from NLI	Camaldoli (Italy)	קמלדולי (איטליה)	7049	Camaldoli (Italy)	קמלדולי (איטליה)	582.6	[40.85, 14.2]	[44.42031, 8.98444]	1	other			Q18456541	Q18456541	True	point	Q18456541 P31=human settlement		Camaldoli	Camaldoli	[44.42031, 8.98444]	[44.42031, 8.98444]	582.6	0.0	0.0	582.6	True	True	024	geonames:8953134			0.0
987007540105305171	20260219-20260225	location-move	kima-coords-wrong	apply-new	high	Wikidata Q1233671 is 0 km from NLI, 29 km from Kima	Atalándi (Greece)	אטלאנדי (יוון)	18863	Atalándi (Greece)	אטלאנדי (יוון)	28.9	[38.65, 23.0]	[38.39, 23]	1	other			Q1233671	Q1233671	True	point	Q1233671 P31=human settlement		Atalanti	Atalanti	[38.6536, 22.9988]	[38.6536, 22.9988]	0.4	29.3	29.3	0.4	True	True	024	WD			0.0
987007543903205171	20260219-20260225	location-move	extended-feature	apply-new	medium	two points on one Q293730 P31=plateau (extent unknown)	Loess Plateau (China)	רמת לס (סין)	3112	Loess Plateau (China)	רמת לס (סין)	65.0	[37.0, 108.0]	[36.883333333333, 108.71666666667]	1	gnis				Q293730	False	extended	Q293730 P31=plateau			Loess Plateau		[36.883333333333, 108.71666666667]			0.0	65.0		True		WD			0.0
987007531587005171	20260219-20260225	location-move	extended-feature	apply-new	high	two points on one Q27092 P31=marginal sea (extent ~2254 km)	Japan, Sea of	ים יפן	2671	Japan, Sea of	ים יפן	394.1	[43.5, 135.75]	[40, 135]	1	geonet			Q27092	Q27092	True	extended	Q27092 P31=marginal sea; Kima LocationTypeId=2	2254.0	Sea of Japan	Sea of Japan	[40, 135]	[40, 135]	394.1	0.0	0.0	394.1	True	True	024	WD			0.0
987007532142405171	20260219-20260225	location-move	extended-feature	apply-new	high	two points on one Q519263 P31=mountain range (extent ~1000 km)	Pontic Mountains (Turkey)	הרי הפונטוס (טורקיה)	3298	Pontic Mountains (Turkey)	הרי הפונטוס (טורקיה)	67.1	[40.5, 40.5]	[40.83694444, 41.15936111]	1	geonames				Q519263	False	extended	Q519263 P31=mountain range	1000.0		Pontic Mountains		[40.83694444444444, 41.15936111111111]			0.0	67.1		True		WD			0.0
987007548997905171	20260219-20260225	location-move	extended-feature	apply-new	high	two points on one Q215950 P31=mountain range (extent ~600 km)	Baikal Range (Russia)	הרי באיקל (רוסיה)	4882	Baikal Range (Russia)	הרי באיקל (רוסיה)	179.2	[54.0, 108.0]	[55.56166667, 108.68972222]	1	geonames				Q215950	False	extended	Q215950 P31=mountain range	600.0		Baikal Mountains		[55.56166667, 108.68972222]			0.0	179.2		True		WD			0.0
987007554341405171	20260219-20260225	location-move	homonym	apply-new	medium	"Kima WD -> Q27459332 ""Saint Georges Point"" is a same-named place 11595 km from the NLI point; NLI heading qualifier disambiguates"	Saint George, Point (Calif.)	נקודת סנט ג'ורג' (קליפורניה)	5030	Saint George, Point (Calif.)	נקודת סנט ג'ורג' (קליפורניה)	11594.6	[41.7825, -124.25194]	[5.45, -9.5833333333333]	1	gnis				Q27459332	False	extended	Q27459332 P31=point; move 11595 km exceeds extent			Saint Georges Point		[5.45, -9.5833333333333]			0.0	11594.6		True		WD			0.0
987007532409205171	20260219-20260225	location-move	extended-feature	apply-new	medium	two points on one Q1238749 P31=bay (extent unknown)	Gökova Gulf (Turkey)	מפרץ גקובה (טורקיה)	5598	Gökova Gulf (Turkey)	מפרץ גקובה (טורקיה)	23.4	[36.83333, 28.0]	[36.999166666667, 28.161944444444]	1	gnis				Q1238749	False	extended	Q1238749 P31=bay			Gulf of Gökova		[36.94873, 27.97939]			17.2	13.0		True		WD			0.0
987007550931305171	20260219-20260225	location-move	homonym	apply-new	medium	"Kima WD -> Q677348 ""Oriente"" is a same-named place 3671 km from the NLI point; NLI heading qualifier disambiguates"	Oriente (Ecuador)	אורינטה (אקוודור)	2872	Oriente (Ecuador)	אורינטה (אקוודור)	3670.6	[-2.0, -77.0]	[-22.153913888889, -50.093847222222]	1	geonames				Q677348	False	point	Q677348 P31=municipality of Brazil	16.7		Oriente		[-22.153913888889, -50.093847222222]			0.0	3670.6		True		WD			0.0
987007541636805171	20260219-20260225	location-move	extended-feature	apply-new	high	two points on one Q783114 P31=river (extent ~81 km)	Vinalopó River (Spain)	נהר וינאלופו (ספרד)	3099	Vinalopó River (Spain)	נהר וינאלופו (ספרד)	59.7	[38.18333, -0.6]	[38.72, -0.626]	1	geonames				Q783114	False	extended	Q783114 P31=river	81.2		Vinalopó		[38.72, -0.626]			0.0	59.7		True		WD			0.0
987007531949105171	20260219-20260225	location-move	extended-feature	apply-new	high	two points on one Q55500 P31=river (extent ~514 km)	Han River (Korea)	נהר האן (קוריאה)	86286	Han River (Korea)	נהר האן (קוריאה)	36.3	[37.54833, 126.90028]	[37.5267, 127.3106]	1	geonames			Q55500	Q55500	True	extended	Q55500 P31=river	514.0	Han River	Han River	[37.5267, 127.3106]	[37.5267, 127.3106]	36.3	0.0	0.0	36.3	True	True	024	WD			0.0
987007534459305171	20260219-20260225	location-move	extended-feature	apply-new	high	two points on one Q1348297 P31=river (extent ~249 km)	Kitakami River (Japan)	נהר קיטאקאמי (יפן)	3834	Kitakami River (Japan)	נהר קיטאקאמי (יפן)	21.4	[38.41667, 141.31667]	[38.57555556, 141.45611111]	1	geonames				Q1348297	False	extended	Q1348297 P31=river	249.0		Kitakami River		[38.575555555556, 141.45611111111]			0.0	21.4		True		WD			0.0
987007536694805171	20260219-20260225	location-move	extended-feature	apply-new	high	two points on one Q458423 P31=national park (extent ~22 km)	Amboseli National Park (Kenya)	הפארק הלאומי אמבוסלי (קניה)	3425	Amboseli National Park (Kenya)	הפארק הלאומי אמבוסלי (קניה)	32.4	[-2.5, 37.0]	[-2.65, 37.25]	1	gnis				Q458423	False	extended	Q458423 P31=national park	22.3		Amboseli National Park		[-2.65, 37.25]			0.0	32.4		True		WD			0.0
987007538676405171	20260219-20260225	location-move	extended-feature	apply-new	medium	two points on one Q875712 P31=peninsula (extent unknown)	Luichow Peninsula (China)	חצי האי לייזו (סין)	70750	Luichow Peninsula (China)	חצי האי לייזו (סין)	38.1	[20.66667, 110.08333]	[21, 110]	1	geonames			Q875712	Q875712	True	extended	Q875712 P31=peninsula		Leizhou Peninsula	Leizhou Peninsula	[21, 110]	[21, 110]	38.1	0.0	0.0	38.1	True	True	024	WD			0.0
987007541188205171	20260219-20260225	location-move	extended-feature	apply-new	medium	two points on one Q33629 P31=sea (extent unknown)	Kara Sea (Russia)	ים קארה (רוסיה)	2643	Kara Sea (Russia)	ים קארה (רוסיה)	135.7	[76.0, 80.0]	[77, 77]	1	geonames				Q33629	False	extended	Q33629 P31=sea			Kara Sea		[77, 77]			0.0	135.7		True		WD			0.0
987007534381405171	20260219-20260225	location-move	nli-coords-wrong	keep-existing+report	medium	Kima WD -> Q3492590 (Kima only) is 0 km from Kima, 32 km from NLI	Bruce Peninsula (Ont.)	חצי האי ברוס (אונטריו)	3227	Bruce Peninsula (Ont.)	חצי האי ברוס (אונטריו)	31.5	[45.0, -81.33333]	[44.733333333333, -81.2]	1	gnis				Q3492590	False	point	Q3492590 P31=town / lower-tier municipality of Ontario	26.0		South Bruce Peninsula		[44.733333333333, -81.2]			0.0	31.5		True		WD			0.0
987007548345805171	20260219-20260225	location-move	extended-feature	apply-new	medium	two points on one Q167628 P31=mountain range / plateau (extent unknown)	Kraków-Częstochowa Highland (Poland)	רמת קרקוב-צ'נסטוחובה (פולין)	2697	Kraków-Częstochowa Highland (Poland)	רמת קרקוב-צ'נסטוחובה (פולין)	64.7	[50.75, 19.5]	[50.2067, 19.8292]	1	geonames				Q167628	False	extended	Q167628 P31=mountain range / plateau			Kraków-Częstochowa Upland		[50.2067, 19.8292]			0.0	64.7		True		WD			0.0
987007538941705171	20260219-20260225	location-move	extended-feature	apply-new	medium	two points on one Q131418 P31=sea (extent unknown)	Timor Sea	ים טימור	2347	Timor Sea	ים טימור	115.0	[-10.5, 126.0]	[-11.533888888889, 126.02638888889]	1	geonames			Q131418	Q131418	True	extended	Q131418 P31=sea; Kima LocationTypeId=2		Timor Sea	Timor Sea	[-11, 126]	[-11, 126]	55.6	59.4	59.4	55.6	True	True	024	WD			0.0
987007541160505171	20260219-20260225	location-move	extended-feature	apply-new	high	two points on one Q81734 P31=region / historical region / traditional geographic divisions of Greece (extent ~209 km)	Macedonia (Greece)	מקדוניה (יוון)	2562	Macedonia (Greece)	מקדוניה (יוון)	29.1	[40.5, 23.0]	[40.75, 22.89972222]	1	geonames				Q81734	False	extended	Q81734 P31=region / historical region / traditional geographic divisions of Greece	208.6		Macedonia		[40.75, 22.89972222]			0.0	29.1		True		WD			0.0
987007535425005171	20260219-20260225	location-move	no-wd	research	low	no Wikidata id on either side	Haveluy (France)	האבלוי (צרפת)	17288	Haveluy (France)	האבלוי (צרפת)	3263.9	[21.0, 3.4]	[50.35289, 3.40389]	1	other					False																		0.0
987007538499505171	20260219-20260225	location-move	no-wd	research	low	no Wikidata id on either side	Lowlands (Scotland)	שפלה (סקוטלנד)	2517	Lowlands (Scotland)	שפלה (סקוטלנד)	6451.0	[56.0, -4.0]	[18.04994, -63.12685]	1	geonames					False																		0.0
987007560946505171	20260219-20260225	location-move	extended-feature	apply-new	high	two points on one Q237901 P31=river (extent ~2030 km)	Tarim River (China)	נהר טארים (סין)	70900	Tarim River (China)	נהר טארים (סין)	490.1	[41.05083, 86.6375]	[40.462777777778, 80.869444444444]	1	geonames			Q237901	Q237901	True	extended	Q237901 P31=river	2030.0	Tarim River	Tarim River	[40.462777777778, 80.869444444444]	[40.462777777778, 80.869444444444]	490.1	0.0	0.0	490.1	True	True	024	WD			0.0
987007566238705171	20260219-20260225	location-move	extended-feature	apply-new	high	two points on one Q43937 P31=administrative territorial entity / quasi-state (extent ~1090 km)	Azaouâd (Mali)	אזוואד (מאלי)	5876	Azaouâd (Mali)	אזוואד (מאלי)	436.0	[19.0, -3.0]	[16.266666666667, -0.05]	1	geonet				Q43937	False	extended	Q43937 P31=administrative territorial entity / quasi-state	1089.6		Azawad		[16.266666666667, -0.05]			0.0	436.0		True		WD			0.0
987007567985505171	20260219-20260225	location-move	extended-feature	apply-new	medium	two points on one Q216884 P31=coast / tourism region / tourist destination (extent unknown)	Costa Brava (Spain)	קוסטה בראווה (ספרד)	1043	Costa Brava (Spain)	קוסטה בראווה (ספרד)	33.0	[41.75, 3.06667]	[42.0228, 3.22449]	1	geonames			Q216884	Q216884	True	extended	Q216884 P31=coast / tourism region / tourist destination		Costa Brava	Costa Brava	[42.0228, 3.22449]	[42.0228, 3.22449]	33.0	0.0	0.0	33.0	True	True	024	WD			0.0
987007563661105171	20260219-20260225	location-move	extended-feature	apply-new	medium	two points on one Q1670879 P31=archipelago / island (extent unknown)	San Blas Islands (Panama)	איי סן בלאס (פנמה)	4464	San Blas Islands (Panama)	איי סן בלאס (פנמה)	31.2	[9.47333, -78.55278]	[9.57, -78.82]	1	geonames				Q1670879	False	extended	Q1670879 P31=archipelago / island			San Blas Islands		[9.4958333333333, -78.648888888889]			20.5	10.8		True		WD			0.0
987007557908405171	20260219-20260225	location-move	kima-wd-wrong	research	medium	"Kima WD -> Q55425126 = ""None"" does not match the name"	Gargano Promontory (Italy)	צוק גרגאנו (איטליה)	1484	Gargano Promontory (Italy)	צוק גרגאנו (איטליה)	24.3	[41.83333, 16.0]	[41.6374308296, 15.8708395876]	1	geonames				Q55425126	False	point	Q55425126 P31=Natura 2000 site	29.9				[41.6374308296, 15.8708395876]			0.0	24.3		False		WD			0.0
987007561266505171	20260219-20260225	location-move	extended-feature	apply-new	medium	two points on one Q271043 P31=sea (extent unknown)	Aland Sea	ים אולנד	72836	Aland Sea	ים אולנד	26.2	[60.0, 19.5]	[60.166666666667, 19.166666666667]	1	geonames			Q271043	Q271043	True	extended	Q271043 P31=sea		Sea of Åland	Sea of Åland	[60.166666666667, 19.166666666667]	[60.166666666667, 19.166666666667]	26.2	0.0	0.0	26.2	True	True	024	WD			0.0
987007561267405171	20260219-20260225	location-move	extended-feature	apply-new	high	two points on one Q160194 P31=sea (extent ~666 km)	Sulu Sea	ים סולו	5509	Sulu Sea	ים סולו	111.2	[9.0, 120.0]	[8, 120]	1	geonames			Q160194	Q160194	True	extended	Q160194 P31=sea; Kima LocationTypeId=2	665.6	Sulu Sea	Sulu Sea	[8, 120]	[8, 120]	111.2	0.0	0.0	111.2	True	True	024	WD			0.0
987007558438005171	20260219-20260225	location-move	extended-feature	apply-new	high	two points on one Q132956 P31=desert (extent ~1000 km)	Takla Makan Desert (China)	מדבר טקלה מקאן (סין)	2464	Takla Makan Desert (China)	מדבר טקלה מקאן (סין)	70.1	[39.0, 83.0]	[38.9, 82.2]	1	geonet				Q132956	False	extended	Q132956 P31=desert	1000.0		Taklamakan		[38.9, 82.2]			0.0	70.1		True		WD			0.0
987007566185905171	20260219-20260225	location-move	extended-feature	apply-new	high	two points on one Q1570197 P31=river (extent ~112 km)	Don, River (South Yorkshire, England)	נהר דון (דרום יורקשייר, אנגליה)	4300	Don, River (South Yorkshire, England)	נהר דון (דרום יורקשייר, אנגליה)	62.9	[53.68333, -0.85]	[53.519, -1.762]	1	geonet				Q1570197	False	extended	Q1570197 P31=river	112.0		River Don		[53.519, -1.762]			0.0	62.9		True		WD			0.0
987007294071205171	20260219-20260225	location-move	homonym	apply-new	medium	"Kima geonames:5711214 -> Q4743235 ""American Bottom"" is a same-named place 2801 km from the NLI point; NLI heading qualifier disambiguates"	American Bottom (Ill.)	אמריקן בוטום (אילינוי)	1878	American Bottom (Ill.)	אמריקן בוטום (אילינוי)	2800.9	[38.78722, -90.05167]	[44.80873, -123.11982]	1	gnis				Q4743235	False	extended	Q4743235 P31=floodplain; move 2801 km exceeds extent			American Bottom		[44.80873, -123.11982]			0.0	2800.9		True		geonames:5711214			0.0
987007282440205171	20260219-20260225	location-move	kima-wd-wrong	apply-new	medium	"Kima WD -> Q260437 = ""Atropatene"" does not match the name; NLI WD Q274536 = ""Azerbaijan"""	Azerbaijan (Iran)	אזרבייג'ן (איראן)	1785	Azerbaijan (Iran)	אזרבייג'ן (איראן)	177.6	[37.0, 46.0]	[37, 48]	1	geonet			Q274536	Q260437	False	extended	Q274536 P31=region / historical region; Q260437 P31=historical country / historical region; move 178 km exceeds extent		Azerbaijan	Atropatene	[37.6, 47]	[37, 48]	110.8	110.8	0.0	177.6	True	False	024	WD			0.0
987007286313405171	20260219-20260225	location-move	extended-feature	apply-new	medium	two points on one Q159252 P31=sea (extent unknown)	Chukchi Sea	ים צ'וקצ'י	1195	Chukchi Sea	ים צ'וקצ'י	125.8	[69.0, -174.0]	[69.688611, -171.455278]	1	geonames			Q159252	Q159252	True	extended	Q159252 P31=sea; Kima LocationTypeId=2		Chukchi Sea	Chukchi Sea	[69.51, -171.29]	[69.51, -171.29]	120.9	20.9	20.9	120.9	True	True	024	WD			0.0
987007286318805171	20260219-20260225	location-move	extended-feature	apply-new	high	two points on one Q201463 P31=river (extent ~2400 km)	Pearl River (China)	נהר הפנינה (סין)	75382	Pearl River (China)	נהר הפנינה (סין)	71.0	[22.75, 113.61667]	[23.240935, 113.173838]	1	geonet			Q201463	Q201463	True	extended	Q201463 P31=river	2400.0	Pearl River	Pearl River	[23.240935, 113.173838]	[23.240935, 113.173838]	71.0	0.0	0.0	71.0	True	True	024	WD			0.0
987007290796505171	20260219-20260225	location-move	extended-feature	apply-new	medium	two points on one Q806561 P31=protected area / swamp (extent unknown)	Bangweulu Swamps (Zambia)	ביצות בנגוולו (זמביה)	1707	Bangweulu Swamps (Zambia)	ביצות בנגוולו (זמביה)	21.3	[-11.5, 30.25]	[-11.6, 30.083333333333]	1	geonet				Q806561	False	extended	Q806561 P31=protected area / swamp			Bangweulu Wetlands		[-11.6, 30.083333333333]			0.0	21.3		False		WD			0.0
987007282996205171	20260219-20260225	location-move	no-wd	research	low	no Wikidata id on either side	Baranja (Croatia)	ברניה (קרואטיה)	1781	Baranja (Croatia)	ברניה (קרואטיה)	4545.0	[46.0, 18.5]	[5.8022, 9.9546]	1	gnis					False																		0.0
987007294756905171	20260219-20260225	location-move	nli-coords-wrong	keep-existing+report	medium	Kima WD -> Q453510 (Kima only) is 0 km from Kima, 59 km from NLI	Amami Islands (Japan)	איי אמאמי (יפן)	1934	Amami Islands (Japan)	איי אמאמי (יפן)	59.2	[28.26667, 129.35]	[27.83333333, 129]	1	gnis				Q453510	False	extended	Q453510 P31=island group; move 59 km exceeds extent	36.2		Amami Islands		[27.83333333, 129]			0.0	59.2		True		WD			0.0
987007293064405171	20260219-20260225	location-move	nli-coords-wrong	keep-existing+report	medium	Kima WD -> Q1479585 (Kima only) is 0 km from Kima, 203 km from NLI	Aldan Plateau (Russia)	רמת אלדן (רוסיה)	1917	Aldan Plateau (Russia)	רמת אלדן (רוסיה)	203.2	[57.0, 127.0]	[58.61666667, 125.4]	1	gnis				Q1479585	False	extended	Q1479585 P31=mountain range / upland; move 203 km exceeds extent			Highland of Aldan		[58.61666667, 125.4]			0.0	203.2		True		WD			0.0
987007284641505171	20260219-20260225	location-move	extended-feature	apply-new	medium	two points on one Q2575947 P31=estuary / bay (extent unknown)	Bahía Blanca Estuary (Argentina)	שפך נהר באהיה בלנקה (ארגנטינה)	1792	Bahía Blanca Estuary (Argentina)	שפך נהר באהיה בלנקה (ארגנטינה)	27.9	[-38.83333, -62.2]	[-39.062222, -62.066667]	1	geonet				Q2575947	False	extended	Q2575947 P31=estuary / bay			Blanca Bay		[-39.062222222222225, -62.06666666666667]			0.0	27.9		True		WD			0.0
987007489333905171	20260219-20260225	location-move	nli-coords-wrong	keep-existing+report	high	Wikidata Q255416 is 0 km from Kima, 44 km from NLI	Jüchen (Germany)	יוכן (גרמניה)	19095	Jüchen (Germany)	יוכן (גרמניה)	44.4	[51.5, 6.5]	[51.101111111111, 6.5016666666667]	1	geonet			Q255416	Q255416	True	point	Q255416 P31=urban municipality in Germany / municipality without town privileges in Germany	9.6	Jüchen	Jüchen	[51.101111111111, 6.5016666666667]	[51.101111111111, 6.5016666666667]	44.4	0.0	0.0	44.4	True	True	024	WD			0.0
987007477975305171	20260219-20260225	location-move	nli-wd-wrong	research	medium	"NLI WD Q1402973 = ""None"" does not match the name"	Völkershausen (Germany)	וולקרסהאוזן (גרמניה)	20001	Völkershausen (Germany)	וולקרסהאוזן (גרמניה)	33.1	[50.31667, 10.7]	[50.16316, 10.30144]	1	geonet			Q1402973		False	point	Q1402973 P31=Ortsteil				[50.3109, 10.7043]		0.7	33.0			False		024				0.0
987007480256305171	20260219-20260225	location-move	nli-coords-wrong	keep-existing+report	high	Wikidata Q1914731 is 0 km from Kima, 1498 km from NLI	Mitchellville (S.C.)	מיטשלוויל (קרולינה הדרומית)	74830	Mitchellville (S.C.)	מיטשלוויל (קרולינה הדרומית)	1497.8	[32.46167, -80.99222]	[41.667222222222, -93.360277777778]	1	gnis			Q1914731	Q1914731	True	point	Q1914731 P31=city in the United States / human settlement	2.8	Mitchellville	Mitchellville	[41.667222222222, -93.360277777778]	[41.667222222222, -93.360277777778]	1497.8	0.0	0.0	1497.8	True	True	024	WD			0.0
987007489580005171	20260219-20260225	location-move	homonym	apply-new	medium	"Kima geonames:6182962 -> Q182625 ""Windsor"" is a same-named place 1409 km from the NLI point; NLI heading qualifier disambiguates"	Windsor (Fla.)	וינדזור (פלורידה)	20149	Windsor (Fla.)	וינדזור (פלורידה)	1409.0	[29.64639, -82.18639]	[42.30008, -83.01654]	1	gnis				Q182625	False	point	Q182625 P31=separated municipality in Ontario / city / border city / big city	13.6		Windsor		[42.31729, -83.03526]			2.5	1411.0		True		geonames:6182962			0.0
987007546416605171	20260219-20260225	location-move	extended-feature	apply-new	medium	two points on one Q3457242 P31=Indian reservation of the United States (extent unknown)	Yakama Indian Reservation (Wash.)	שמורת אינדיאנים יקמה (וושינגטון)	3117	Yakama Indian Reservation (Wash.)	שמורת אינדיאנים יקמה (ושינגטון)	61.3	[46.14972, -120.03444]	[46.233333333333, -120.82194444444]	1	geonames				Q3457242	False	extended	Q3457242 P31=Indian reservation of the United States			Yakama Indian Reservation		[46.233333333333, -120.82194444444]			0.0	61.3		True		WD			0.0
987007551017905171	20260219-20260225	location-move	extended-feature	apply-new	medium	two points on one Q693980 P31=historical country / duchy (extent unknown)	Swabia (Germany)	שוואביה (גרמניה)	2454	Swabia (Germany)	שוואביה (גרמניה)	82.9	[48.0, 9.0]	[48.37844, 9.963274]	1	geonames			Q693980	Q11812551	False	extended	Q693980 P31=historical country / duchy; Q11812551 P31=historical region		Duchy of Swabia	Swabia		[48.4, 10]			3.6	86.4	True	True	024	WD			0.0
987007534536505171	20260219-20260225	location-move	extended-feature	apply-new	high	two points on one Q739687 P31=river (extent ~260 km)	Hugli River (India)	נהר הוגלי (הודו)	4616	Hugli River (India)	נהר הוגלי (הודו)	168.7	[21.91667, 88.08333]	[23.409166666667, 88.378611111111]	1	geonet			Q739687	Q739687	True	extended	Q739687 P31=river	260.0	Hooghly River	Hooghly River	[23.409166666667, 88.378611111111]	[23.409166666667, 88.378611111111]	168.7	0.0	0.0	168.7	True	True	024	WD			0.0
987007543861605171	20260219-20260225	location-move	extended-feature	apply-new	medium	two points on one Q1982017 P31=mountain range (extent unknown)	Simen Mountains (Ethiopia)	הרי סימן (אתיופיה)	2434	Simen Mountains (Ethiopia)	הרי סימן (אתיופיה)	22.2	[13.35, 38.3]	[13.4928, 38.4436]	1	geonames			Q1982017		False	extended	Q1982017 P31=mountain range		Semien Mountains		[13.4928, 38.4436]		22.2	0.0			True		024				0.0
987007555977405171	20260219-20260225	location-move	extended-feature	apply-new	high	two points on one Q1542874 P31=river (extent ~616 km)	San Juan River (Colo.-Utah)	נהר סאן חואן (קולורדו-יוטה)	2117	San Juan River (Colo.-Utah)	נהר סאן חואן (קולורדו-יוטה)	354.5	[37.17972, -110.90083]	[37.3652846, -106.9005955]	1	geonames			Q1542874	Q1542874	True	extended	Q1542874 P31=river	616.4	San Juan River	San Juan River	[37.3652846, -106.9005955]	[37.3652846, -106.9005955]	354.5	0.0	0.0	354.5	True	True	024	WD			0.0
987007532293905171	20260219-20260225	location-move	homonym	apply-new	medium	"Kima WD -> Q5526323 ""Gas Works Park"" is a same-named place 7448 km from the NLI point; NLI heading qualifier disambiguates"	Gas Works Park (Seattle, Wash.)	פארק גז וורקס (סיאטל, וושינגטון)	5933	Gas Works Park (Seattle, Wash.)	פארק גז וורקס (סיאטל, וושינגטון)	7448.4	[47.63333, -12.36667]	[47.646, -122.335]	1	gnis				Q5526323	False	point	Q5526323 P31=urban park / historic district			Gas Works Park		[47.646, -122.335]			0.0	7448.4		True		WD			0.0
987007549116305171	20260219-20260225	location-move	homonym	apply-new	medium	"Kima geonames:4878067 -> Q2239844 ""Swaledale"" is a same-named place 6344 km from the NLI point; NLI heading qualifier disambiguates"	Swaledale (England)	סוויילדייל (אנגליה)	5708	Swaledale (England)	סוויילדייל (אנגליה)	6343.6	[54.36667, -1.95]	[42.97858, -93.31687]	1	other				Q2239844	False	point	Q2239844 P31=city in the United States	0.9		Swaledale		[42.978055555556, -93.315555555556]			0.1	6343.6		True		geonames:4878067			0.0
987007549584205171	20260219-20260225	location-move	extended-feature	apply-new	medium	two points on one Q932376 P31=coast / tourism region (extent unknown)	Costa Cálida (Spain)	קוסטה קלידה (ספרד)	5478	Costa Cálida (Spain)	קוסטה קלידה (ספרד)	22.1	[37.71417, -0.99139]	[37.70338, -0.7402]	1	geonames				Q932376	False	extended	Q932376 P31=coast / tourism region			Costa Cálida		[37.56666666666667, -1.1666666666666667]			40.5	22.5		True		geonames:6949619			0.0
987007542107205171	20260219-20260225	location-move	nli-coords-wrong	keep-existing+report	medium	Kima WD -> Q2741496 (Kima only) is 0 km from Kima, 399 km from NLI	Minahasa Peninsula (Indonesia)	חצי האי מינהאסה (אינדונזיה)	5077	Minahasa Peninsula (Indonesia)	חצי האי מינהאסה (אינדונזיה)	398.8	[1.0, 124.58333]	[0.83333333, 121]	1	geonet				Q2741496	False	extended	Q2741496 P31=peninsula; move 399 km exceeds extent			Minahasa Peninsula		[0.83333333, 121]			0.0	398.8		True		WD			0.0
987007537071505171	20260219-20260225	location-move	extended-feature	apply-new	medium	two points on one Q6792164 P31=mountain (extent unknown)	Mau Escarpment (Kenya)	מתלול מאו (קניה)	4946	Mau Escarpment (Kenya)	מתלול מאו (קניה)	145.7	[-0.66667, 36.03333]	[0.61, 35.74]	1	geonames				Q6792164	False	extended	Q6792164 P31=mountain			Mau Escarpment		[0.61, 35.74]			0.0	145.7		True		WD			0.0
987007549454405171	20260219-20260225	location-move	nli-coords-wrong	keep-existing+report	medium	Kima WD -> Q7697547 (Kima only) is 0 km from Kima, 259 km from NLI	Sawwan, Tall (Iraq)	תל סאוואן (עיראק)	5174	Sawwan, Tall (Iraq)	תל סאוואן (עיראק)	259.2	[36.21222, 42.64972]	[34.1167, 43.9]	1	geonet				Q7697547	False	point	Q7697547 P31=human settlement / archaeological site			Tell es-Sawwan		[34.1167, 43.9]			0.0	259.2		True		WD			0.0
987007551297805171	20260219-20260225	location-move	extended-feature	apply-new	high	two points on one Q160819 P31=river (extent ~1130 km)	Gambia River	נהר גמביה	4890	Gambia River	נהר גמביה	521.6	[13.46667, -16.56667]	[11.404888888889, -12.251472222222]	1	gnis				Q160819	False	extended	Q160819 P31=river; Kima LocationTypeId=2	1130.0		Gambia River		[11.404888888889, -12.251472222222]			0.0	521.6		True		WD			0.0
987007529816305171	20260219-20260225	location-move	extended-feature	apply-new	high	two points on one Q199580 P31=administrative region of Greece (extent ~141 km)	Central Greece and Euboea (Greece)	מרכז יוון ואביה (יוון)	3233	Central Greece and Euboea (Greece)	מרכז יוון ואביה (יוון)	58.7	[38.66667, 22.0]	[38.583333333333, 22.666666666667]	1	gnis			Q199580	Q199580	True	extended	Q199580 P31=administrative region of Greece	140.7	Central Greece Region	Central Greece Region	[38.583333333333, 22.666666666667]	[38.583333333333, 22.666666666667]	58.7	0.0	0.0	58.7	True	True	024	WD			0.0
987007539367105171	20260219-20260225	location-move	no-wd	research	low	no Wikidata id on either side (Q4221915 P31=13 Kohanic cities / biblical place)	Debir (Extinct city)	דביר (עיר קדומה)	3470	Debir (Extinct city)	דביר (עיר קדומה)	2102.5	[31.41667, 34.96667]	[12.91667, 39.21667]	1	geonames			Q4221915		False	point	Q4221915 P31=13 Kohanic cities / biblical place		Debir								True		024				0.0
987007537975705171	20260219-20260225	location-move	no-wd	research	low	no Wikidata id on either side	Siedliska (Poland)	שידליסקה (פולין)	18909	Siedliska (Poland)	שידליסקה (פולין)	223.9	[50.38333, 20.03333]	[50.73048, 23.15628]	1	other					False																		0.0
987007541740905171	20260219-20260225	location-move	extended-feature	apply-new	high	two points on one Q326951 P31=island group (extent ~28 km)	Auckland Islands (N.Z.)	איי אוקלנד (ניו זילנד)	4726	Auckland Islands (N.Z.)	איי אוקלנד (ניו זילנד)	28.4	[-50.66667, 166.5]	[-50.7, 166.1]	1	geonet				Q326951	False	extended	Q326951 P31=island group	28.2		Auckland Islands		[-50.7, 166.1]			0.0	28.4		True		WD			0.0
987007556428105171	20260219-20260225	location-move	extended-feature	apply-new	high	two points on one Q171649 P31=river (extent ~1060 km)	Ubangi River	נהר אובנגי	5997	Ubangi River	נהר אובנגי	735.6	[-0.5, 17.7]	[4.1230555555556, 22.435277777778]	1	geonet			Q171649	Q171649	True	extended	Q171649 P31=river; Kima LocationTypeId=2	1060.0	Ubangi River	Ubangi River	[4.1230555555556, 22.435277777778]	[4.1230555555556, 22.435277777778]	735.6	0.0	0.0	735.6	True	True	024	WD			0.0
987007536002205171	20260219-20260225	location-move	extended-feature	apply-new	high	two points on one Q31347 P31=architectural ensemble (extent ~1011 km)	Grand Canal (China)	תעלה הגדולה (סין)	1457	Grand Canal (China)	תעלה הגדולה (סין)	1117.6	[39.9, 116.73333]	[30.261388888888888, 120.2238888888889]	1	geonet			Q31347	Q31347	True	extended	Q31347 P31=architectural ensemble	1011.0	Grand Canal	Grand Canal	[30.261388888888888, 120.2238888888889]	[30.261388888888888, 120.2238888888889]	1117.6	0.0	0.0	1117.6	True	True	024	WD			0.0
987007543848305171	20260219-20260225	location-move	extended-feature	apply-new	medium	two points on one Q168277 P31=gulf (extent unknown)	Suez, Gulf of	מפרץ סואץ	2439	Suez, Gulf of	מפרץ סואץ	78.4	[28.16667, 33.45]	[28.75, 33]	1	geonames				Q168277	False	extended	Q168277 P31=gulf; Kima LocationTypeId=2			Gulf of Suez		[28.75, 33]			0.0	78.4		True		WD			0.0
987007536457705171	20260219-20260225	location-move	extended-feature	apply-new	high	two points on one Q153085 P31=canal (extent ~171 km)	Rhein-Main-Donau-Kanal (Germany)	תעלת ריין-מיין-דונאו (גרמניה)	2039	Rhein-Main-Donau-Kanal (Germany)	תעלת ריין-מיין-דונאו (גרמניה)	80.0	[49.86667, 10.86667]	[49.191666666667, 11.250833333333]	1	geonames			Q153085	Q153085	True	extended	Q153085 P31=canal	170.7	Rhine-Main-Danube Canal	Rhine-Main-Danube Canal	[49.191666666667, 11.250833333333]	[49.191666666667, 11.250833333333]	80.0	0.0	0.0	80.0	True	True	024	WD			0.0
987007546927705171	20260219-20260225	location-move	extended-feature	apply-new	medium	two points on one Q2428694 P31=Northern, Central and Southern Vietnam (extent unknown)	Vietnam, Northern	וייטנאם הצפונית	5850	Vietnam, Northern	ויטנם הצפונית	51.9	[22.0, 105.0]	[21.58, 105.22]	1	geonames				Q2428694	False	extended	Q2428694 P31=Northern, Central and Southern Vietnam			Northern Vietnam		[21.58, 105.22]			0.0	51.9		True		WD			0.0
987007551667905171	20260219-20260225	location-move	extended-feature	apply-new	high	two points on one Q87172 P31=protected area / national park / wildlife refuge (extent ~52 km)	Urewera National Park (N.Z.)	פארק לאומי אורוורה (ניו זילנד)	5715	Urewera National Park (N.Z.)	פארק לאומי אורוורה (ניו זילנד)	41.2	[-38.5, 177.5]	[-38.539, 177.029]	1	geonames				Q87172	False	extended	Q87172 P31=protected area / national park / wildlife refuge	52.0		Te Urewera National Park		[-38.539, 177.029]			0.0	41.2		True		WD			0.0
987007536485905171	20260219-20260225	location-move	extended-feature	apply-new	high	two points on one Q34675 P31=sea / gulf (extent ~989 km)	Persian Gulf	המפרץ הפרסי	2134	Persian Gulf	מפרץ הפרסי	149.2	[27.0, 51.0]	[26, 52]	1	geonames			Q34675	Q34675	True	extended	Q34675 P31=sea / gulf; Kima LocationTypeId=2	989.0	Persian Gulf	Persian Gulf	[26, 52]	[26, 52]	149.2	0.0	0.0	149.2	True	True	024	WD			0.0
987007531754105171	20260219-20260225	location-move	extended-feature	apply-new	high	two points on one Q11812902 P31=transboundary protected area (extent ~137 km)	Serengeti National Park (Tanzania)	פארק לאומי סרנגטי (טנזניה)	2090	Serengeti National Park (Tanzania)	פארק לאומי סרנגטי (טנזניה)	29.6	[-2.33333, 34.83333]	[-2.3327777777778, 34.566666666667]	1	geonames			Q11812902	Q11812902	True	extended	Q11812902 P31=transboundary protected area	137.1	Serengeti National Park	Serengeti National Park	[-2.4, 34.6]	[-2.4, 34.6]	27.0	8.3	8.3	27.0	True	True	024	WD			0.0
987007543967105171	20260219-20260225	location-move	nli-coords-wrong	keep-existing+report	high	Wikidata Q2892300 is 0 km from Kima, 242 km from NLI	Lafourche, Bayou (La.)	באיו לאפורש (לואיזיאנה)	90067	Lafourche, Bayou (La.)	באיו לאפורש (לואיזיאנה)	242.0	[32.12194, -91.96806]	[30.111642965833333, -90.99372172972222]	1	gnis			Q2892300	Q2892300	True	extended	Q2892300 P31=river; move 242 km exceeds extent	117.0	Bayou Lafourche	Bayou Lafourche	[30.111642965833333, -90.99372172972222]	[30.111642965833333, -90.99372172972222]	242.0	0.0	0.0	242.0	True	True	024	WD			0.0
987007539303605171	20260219-20260225	location-move	extended-feature	apply-new	high	two points on one Q8187 P31=river (extent ~744 km)	Northern Dvina River (Russia)	צפון נהר הדווינה (רוסיה)	4956	Northern Dvina River (Russia)	צפון נהר הדווינה (רוסיה)	516.7	[64.53333, 40.5]	[60.732222222222, 46.330277777778]	1	gnis				Q8187	False	extended	Q8187 P31=river	744.0		Northern Dvina		[60.732222222222, 46.330277777778]			0.0	516.7		True		WD			0.0
987007555803505171	20260219-20260225	location-move	no-wd	research	low	no Wikidata id on either side	Sandhills (Neb.)	סהדהילס (נברסקה)	2120	Sandhills (Neb.)	סהדהילס (נברסקה)	5894.1	[42.00028, -101.50083]	[5.81196, -57.74032]	1	geonames					False																		0.0
987007537472705171	20260219-20260225	location-move	no-wd	research	low	no Wikidata id on either side	Hamilton Inlet (N.L.)	מפרצון המילטון (ניופאונדלנד ולברדור)	5009	Hamilton Inlet (N.L.)	מפרצון המילטון (קנדה)	36.2	[54.0, -57.49806]	[54.30771, -57.68097]	1	geonames					False																		0.0
987007550227305171	20260219-20260225	location-move	nli-coords-wrong	keep-existing+report	high	Wikidata Q62080922 is 0 km from Kima, 139 km from NLI	Eschenau (Heilbronn, Germany)	אשנאו (היילברון, גרמניה)	75543	Eschenau (Heilbronn, Germany)	אשנאו (היילברון, גרמניה)	139.2	[49.13333, 9.4]	[49.574277777778, 11.198472222222]	1	other			Q62080922	Q62080922	True	point	Q62080922 P31=Ortsteil / village		Eschenau	Eschenau	[49.574277777778, 11.198472222222]	[49.574277777778, 11.198472222222]	139.2	0.0	0.0	139.2	True	True	024	WD			0.0
987007538991605171	20260219-20260225	location-move	extended-feature	apply-new	medium	two points on one Q488266 P31=peninsula (extent unknown)	I︠A︡mal Peninsula (Russia)	חצי האי יאמאל (רוסיה)	3246	I͡Amal Peninsula (Russia)	חצי האי יאמאל (רוסיה)	74.8	[70.0, 70.0]	[70.670880555556, 70.136719444444]	1	geonames				Q488266	False	extended	Q488266 P31=peninsula			Yamal Peninsula		[70.670880555556, 70.136719444444]			0.0	74.8		True		WD			0.0
987007532408105171	20260219-20260225	location-move	extended-feature	apply-new	high	two points on one Q334225 P31=river / Chinese AAAAA-rated tourist attraction (extent ~164 km)	Li River (Guilin Diqu, China)	נהר לי (גווילין דיקו, סין)	5600	Li River (Guilin Diqu, China)	נהר לי (גווילין דיצ׳ו, סין)	104.5	[24.63333, 110.63333]	[25.560972222222222, 110.46461111111111]	1	gnis			Q334225	Q334225	True	extended	Q334225 P31=river / Chinese AAAAA-rated tourist attraction	164.0	Li River	Li River	[25.560972222222222, 110.46461111111111]	[25.560972222222222, 110.46461111111111]	104.5	0.0	0.0	104.5	True	True	024	WD			0.0
987007551650005171	20260219-20260225	location-move	wd-disagrees	research	low	Kima WD Q183963 near neither (87 / 38 km)	Tuamotu Archipelago (French Polynesia)	ארכיפלג טואמוטו (פולינזיה הצרפתית)	5534	Tuamotu Archipelago (French Polynesia)	ארכיפלג טואמוטו (פולינזיה הצרפתית)	123.5	[-19.0, -142.0]	[-18.040833333333, -141.40944444444]	1	gnis				Q183963	False	extended	Q183963 P31=archipelago; move 124 km exceeds extent	32.9		Tuamotus		[-18.75, -141.76]			87.1	37.6		True		WD			0.0
987007534736705171	20260219-20260225	location-move	extended-feature	apply-new	high	two points on one Q193904 P31=river (extent ~230 km)	Mesta River (Bulgaria and Greece)	נהר נסטוס (בולגריה ויוון)	79417	Mesta River (Bulgaria and Greece)	נהר נסטוס (בולגריה ויוון)	170.5	[40.85, 24.73333]	[42.119444444444, 23.586111111111]	1	gnis			Q193904	Q193904	True	extended	Q193904 P31=river	230.0	Nestos	Nestos	[42.119444444444, 23.586111111111]	[42.119444444444, 23.586111111111]	170.5	0.0	0.0	170.5	True	True	024	WD			0.0
987007554119405171	20260219-20260225	location-move	nli-coords-wrong	keep-existing+report	medium	Kima WD -> Q32216479 (Kima only) is 0 km from Kima, 1237 km from NLI	Vietnam, Southern	וייטנאם הדרומית	5867	Vietnam, Southern	ויטנם הדרומית	1237.0	[11.0, 107.0]	[21.466666666667, 103.06666666667]	1	other				Q32216479	False	extended	Q32216479 P31=river; Kima LocationTypeId=2; move 1237 km exceeds extent			Nam Phán		[21.466666666667, 103.06666666667]			0.0	1237.0		True		WD			0.0
987007551346305171	20260219-20260225	location-move	extended-feature	apply-new	medium	two points on one Q2404229 P31=highland (extent unknown)	Sierra (Ecuador)	סיירה (אקוודור)	3462	Sierra (Ecuador)	סיירה (אקוודור)	124.3	[-2.0, -78.5]	[-1, -79]	1	gnis				Q2404229	False	extended	Q2404229 P31=highland			Sierra Region of Ecuador		[-1, -79]			0.0	124.3		True		WD			0.0
987007553584105171	20260219-20260225	location-move	nli-coords-wrong	keep-existing+report	medium	Kima WD -> Q7405538 (Kima only) is 0 km from Kima, 230 km from NLI	Salmon River (Idaho)	נהר סלמון (איידהו)	2099	Salmon River (Idaho)	נהר סלמון (איידהו)	229.5	[45.85639, -116.79361]	[44.5749, -114.496]	1	geonames				Q7405538	False	extended	Q7405538 P31=mountain range; move 230 km exceeds extent	171.3		Salmon River Mountains		[44.5749, -114.496]			0.0	229.5		True		WD			0.0
987007551513105171	20260219-20260225	location-move	nli-coords-wrong	keep-existing+report	medium	Kima WD -> Q817286 (Kima only) is 0 km from Kima, 339 km from NLI	Banī Ḥasan Site (Egypt)	אתר בני חסן (מצרים)	4433	Banī Ḥasan Site (Egypt)	אתר בני חסן (מצרים)	339.2	[30.9, 31.68333]	[27.931388888889, 30.875280555556]	1	gnis				Q817286	False	point	Q817286 P31=village / necropolis / archaeological site			Beni Hasan		[27.931388888889, 30.875280555556]			0.0	339.2		True		WD			0.0
987007531947205171	20260219-20260225	location-move	homonym	apply-new	medium	"Kima geonames:3838830 -> Q44802 ""Río Negro Province"" is a same-named place 1062 km from the NLI point; NLI heading qualifier disambiguates"	Rio Negro (Brazil and Uruguay)	ריו נגרו (ברזיל ואורוגוואי)	3787	Rio Negro (Brazil and Uruguay)	ריו נגרו (ברזיל ואורוגואי)	1062.5	[-33.4, -58.36667]	[-40, -67]	1	gnis				Q44802	False	extended	Q44802 P31=province of Argentina; move 1062 km exceeds extent	508.4		Río Negro Province		[-40.8, -63]			350.2	919.4		True		geonames:3838830			0.0
987007556529205171	20260219-20260225	location-move	no-wd	research	low	no Wikidata id on either side	Buto (Extinct city)	בוטו (עיר קדומה)	5815	Buto (Extinct city)	בוטו (עיר קדומה)	5069.5	[31.2, 30.73333]	[5.09417, -9.14972]	1	geonet					False																		0.0
987007539657305171	20260219-20260225	location-move	nli-coords-wrong	keep-existing+report	medium	Kima WD -> Q186978 (Kima only) is 0 km from Kima, 8018 km from NLI	Saint Lawrence River Valley	עמק נהר סנט לורנס	5661	Saint Lawrence River Valley	עמק נהר סנט לורנס	8018.0	[62.83333, -168.66667]	[44.748888888889, 1.1094444444444]	1	geonames				Q186978	False	point	Q186978 P31=commune of France; Kima LocationTypeId=2	4.4		Saint-Laurent-la-Vallée		[44.748888888889, 1.1094444444444]			0.0	8018.1		True		WD			0.0
987007529996605171	20260219-20260225	location-move	nli-coords-wrong	keep-existing+report	high	Wikidata Q14554 is 0 km from Kima, 197 km from NLI	Miño River (Spain and Portugal)	נהר מינו (ספרד ופורטוגל)	4595	Miño River (Spain and Portugal)	נהר מינו (ספרד ופורטוגל)	197.2	[41.86667, -8.85]	[43.211388888889, -7.2811111111111]	1	gnis			Q14554	Q14554	True	point	Q14554 P31=river / Natura 2000 site / site of community importance / main stem	315.0	Minho River	Minho River	[43.211388888889, -7.2811111111111]	[43.211388888889, -7.2811111111111]	197.2	0.0	0.0	197.2	True	True	024	WD			0.0
987007556562905171	20260219-20260225	location-move	extended-feature	apply-new	high	two points on one Q954645 P31=river (extent ~456 km)	Little Zab River (Iran and Iraq)	נהר ליטל זאב (איראן ועיראק)	5579	Little Zab River (Iran and Iraq)	נהר ליטל זאב (איראן ועיראק)	223.5	[35.2, 43.41667]	[36.563634, 45.239078]	1	geonet				Q954645	False	extended	Q954645 P31=river	456.0		Little Zab		[36.563634, 45.239078]			0.0	223.5		True		WD			0.0
987007538494905171	20260219-20260225	location-move	extended-feature	apply-new	medium	two points on one Q700309 P31=bay / bight (extent unknown)	Lübeck Bay (Germany)	מפרץ ליבק (גרמניה)	2520	Lübeck Bay (Germany)	מפרץ ליבק (גרמניה)	23.4	[54.06667, 11.0]	[54.159166666667, 11.322222222222]	1	geonet				Q700309	False	extended	Q700309 P31=bay / bight			Bay of Lübeck		[54.033333, 10.916667]			29.9	6.6		True		WD			0.0
987007545959605171	20260219-20260225	location-move	nli-coords-wrong	keep-existing+report	medium	Kima WD -> Q473181 (Kima only) is 0 km from Kima, 248 km from NLI	Malabar Coast (India)	מלבר, חוף (הודו)	2615	Malabar Coast (India)	מלבר, חוף (הודו)	247.8	[10.0, 76.25]	[12.0167, 75.2833]	1	geonames				Q473181	False	extended	Q473181 P31=coast / region; move 248 km exceeds extent			Malabar Coast		[12.0167, 75.2833]			0.0	247.8		True		WD			0.0
987007540481305171	20260219-20260225	location-move	extended-feature	apply-new	medium	two points on one Q12408533 P31=boarding school (extent unknown)	Hadassim (Israel)	הדסים (ישראל)	18493	Hadassim (Israel)	הדסים (ישראל)	93.7	[32.28333, 35.88333]	[32.28667, 34.886141]	1	other				Q12408533	False	extended	Q12408533 P31=boarding school			Hadassim Children and Youth Village		[32.28667, 34.886141]			0.0	93.7		True		WD			0.0
987007557936505171	20260219-20260225	location-move	extended-feature	apply-new	high	two points on one Q675633 P31=national park (extent ~168 km)	Etosha National Park (Namibia)	פארק לאומי אטושה (נמיביה)	1410	Etosha National Park (Namibia)	פארק לאומי אטושה (נמיביה)	36.6	[-19.0, 16.0]	[-18.785278, 16.263889]	1	geonames				Q675633	False	extended	Q675633 P31=national park	168.4		Etosha National Park		[-18.785278, 16.263889]			0.0	36.6		True		WD			0.0
987007560957705171	20260219-20260225	location-move	no-wd	research	low	no Wikidata id on either side (Q1133636 P31=plain)	Tarai (India and Nepal)	טראי (הודו ונפאל)	2287	Tarai (India and Nepal)	טראי (הודו ונפאל)	1487.8	[27.66667, 84.0]	[25.35061, 69.26368]	1	geonames			Q1133636		False	extended	Q1133636 P31=plain; move 1488 km exceeds extent		Terai								True		024				0.0
987007566295205171	20260219-20260225	location-move	nli-coords-wrong	keep-existing+report	medium	Wikidata Q18505996 (NLI only) is 0 km from Kima, 103 km from NLI	Cadore (Italy)	קאדור (איטליה)	5452	Cadore (Italy)	קאדור (איטליה)	102.8	[46.50917, 12.35722]	[45.72222, 11.65762]	1	geonet			Q18505996		False	point	Q18505996 P31=human settlement		Cadore		[45.72222, 11.65762]		102.8	0.0			True		024				0.0
987007564639705171	20260219-20260225	location-move	nli-coords-wrong	keep-existing+report	high	Wikidata Q326437 is 0 km from Kima, 386 km from NLI	Heubach (Baden-Württemberg, Germany)	הויבך (באדן-וירטמברג, גרמניה)	14189	Heubach (Baden-Württemberg, Germany)	הויבך (באדן וירטמברג, גרמניה)	385.8	[51.8, 7.25]	[48.783333, 9.933333]	1	other			Q326437	Q326437	True	point	Q326437 P31=urban municipality in Germany	5.7	Heubach	Heubach	[48.783333, 9.933333]	[48.783333, 9.933333]	385.8	0.0	0.0	385.8	True	True	024	WD			0.0
987007560844505171	20260219-20260225	location-move	kima-wd-wrong	research	medium	"Kima WD -> Q110802 = ""Strait of Tartary"" does not match the name"	Tatar Strait (Russia)	מיצר טטר (רוסיה)	2291	Tatar Strait (Russia)	מיצר טטר (רוסיה)	246.6	[50.0, 141.0]	[52.183333333333, 141.61666666667]	1	geonet				Q110802	False	extended	Q110802 P31=strait; move 247 km exceeds extent			Strait of Tartary		[52.183333333333, 141.61666666667]			0.0	246.6		False		WD			0.0
987007566031705171	20260219-20260225	location-move	nli-coords-wrong	keep-existing+report	medium	Kima WD -> Q271674 (Kima only) is 0 km from Kima, 52 km from NLI	Phoenix Islands (Kiribati)	איי פניקס (קיריבטי)	4204	Phoenix Islands (Kiribati)	איי פניקס (קיריבטי)	52.4	[-4.0, -172.0]	[-3.66666667, -172.33333333]	1	geonames				Q271674	False	extended	Q271674 P31=archipelago / island group of Kiribati; move 52 km exceeds extent	6.0		Phoenix Islands		[-3.66666667, -172.33333333]			0.0	52.4		True		WD			0.0
987007558255605171	20260219-20260225	location-move	extended-feature	apply-new	high	two points on one Q234004 P31=river (extent ~1315 km)	Narmada River (India)	נהר נרמאדה (הודו)	2951	Narmada River (India)	נהר נרמאדה (הודו)	242.1	[21.65, 72.6]	[22.08, 74.9]	1	geonames				Q234004	False	extended	Q234004 P31=river	1315.0		Narmada		[22.08, 74.9]			0.0	242.1		True		WD			0.0
987007560553605171	20260219-20260225	location-move	nli-coords-wrong	keep-existing+report	high	Wikidata Q25277 is 0 km from Kima, 9128 km from NLI	Hispaniola	היספניולה	1311	Hispaniola	היספניולה	9128.4	[-62.66361, -60.38139]	[19, -71]	1	GeoNames			Q25277	Q25277	True	extended	Q25277 P31=island; move 9128 km exceeds extent	314.9	Hispaniola	Hispaniola	[19, -71]	[19, -71]	9128.4	0.0	0.0	9128.4	True	True	024	WD			0.0
987007558129105171	20260219-20260225	location-move	extended-feature	apply-new	medium	two points on one Q208154 P31=province / historical region (extent unknown)	Najd (Saudi Arabia)	נג'ד (ערב הסעודית)	2946	Najd (Saudi Arabia)	נג'ד (ערב הסעודית)	121.3	[25.0, 44.5]	[24.291334, 43.588054]	1	geonames			Q208154	Q208154	True	extended	Q208154 P31=province / historical region		Najd	Najd	[24.291334, 43.588054]	[24.291334, 43.588054]	121.3	0.0	0.0	121.3	True	True	024	WD			0.0
987007566381305171	20260219-20260225	location-move	nli-coords-wrong	keep-existing+report	high	Wikidata Q1352266 is 0 km from Kima, 56 km from NLI	Melville Peninsula (Nunavut)	חצי האי מלוויל (נונאווט)	5188	Melville Peninsula (Nunavut)	חצי האי מלוויל (נונווט)	55.7	[67.5, -84.0]	[68.00097, -83.99891]	1	geonet			Q1352266	Q1352266	True	extended	Q1352266 P31=peninsula; move 56 km exceeds extent	8.9	Melville Peninsula	Melville Peninsula	[68, -84]	[68, -84]	55.6	0.1	0.1	55.6	True	True	024	geonames:6071994			0.0
987007558013205171	20260219-20260225	location-move	extended-feature	apply-new	high	two points on one Q75596 P31=mountain range (extent ~2000 km)	Laurentian Mountains (Québec)	הרים הלאורנטיים (קוויבק)	2544	Laurentian Mountains (Québec)	הרים הלאורנטיים (קוויבק)	122.9	[48.0, -71.0]	[46.903888888889, -71.208055555556]	1	geonet			Q75596	Q3413238	False	extended	Q75596 P31=mountain range; Q3413238 P31=neighbourhood of Quebec City / administrative sector / parish municipality	2000.0	Laurentian Mountains	Sainte-Thérèse-de-Lisieux	[47, -72]	[46.9, -71.2]	134.2	61.1	0.7	123.2	True	False	024	WD			0.0
987007560459705171	20260219-20260225	location-move	extended-feature	apply-new	medium	two points on one Q526776 P31=peninsula (extent unknown)	Gazelle Peninsula (Papua New Guinea)	חצי האי גזל (פפואה גינאה החדשה)	1488	Gazelle Peninsula (Papua New Guinea)	חצי האי גזל (פפואה גינאה החדשה)	53.2	[-4.66667, 152.0]	[-4.2375, 152.21111111]	1	geonames				Q526776	False	extended	Q526776 P31=peninsula			Gazelle Peninsula		[-4.2375, 152.21111111]			0.0	53.2		True		WD			0.0
987007565959105171	20260219-20260225	location-move	extended-feature	apply-new	high	two points on one Q3079100 P31=proclaimed forest / forest (extent ~61 km)	Arapaho National Forest (Colo.)	יער לאומי אראפאהו (קולורדו)	71438	Arapaho National Forest (Colo.)	יער לאומי אראפאהו (קולורדו)	27.6	[39.6875, -105.93806]	[39.5886, -105.643]	1	geonames			Q3079100	Q3079100	True	extended	Q3079100 P31=proclaimed forest / forest	61.1	Arapaho National Forest	Arapaho National Forest	[39.5886, -105.643]	[39.5886, -105.643]	27.6	0.0	0.0	27.6	True	True	024	WD			0.0
987007565306205171	20260219-20260225	location-move	extended-feature	apply-new	medium	two points on one Q79883 P31=strait (extent unknown)	Hormuz, Strait of	הורמוז, מייצרים	1348	Hormuz, Strait of	הורמוז, מייצרים	25.5	[26.61667, 56.5]	[26.566666666667, 56.25]	1	geonames			Q79883	Q79883	True	extended	Q79883 P31=strait; Kima LocationTypeId=2		Strait of Hormuz	Strait of Hormuz	[26.6, 56.5]	[26.6, 56.5]	1.9	25.1	25.1	1.9	True	True	024	WD			0.0
987007294040605171	20260219-20260225	location-move	extended-feature	apply-new	high	two points on one Q617414 P31=river (extent ~180 km)	Apalachicola River (Fla.)	נהר אפלצ'יקולה (פלורידה)	1901	Apalachicola River (Fla.)	נהר אפלצ'יקולה (פלורידה)	109.8	[29.72667, -84.9775]	[30.7088028, -84.8640875]	1	gooearth			Q617414	Q617414	True	extended	Q617414 P31=river	180.0	Apalachicola River	Apalachicola River	[30.7088028, -84.8640875]	[30.7088028, -84.8640875]	109.8	0.0	0.0	109.8	True	True	024	WD			0.0
987007419122005171	20260305-20260311	location-move	extended-feature	apply-new	high	two points on one Q602464 P31=river / stream (extent ~31 km)	Harod River (Israel)	נחל חרוד (ישראל)	21160	Harod River (Israel)	נחל חרוד (ישראל)	21.0	[32.51444, 35.55278]	[32.615833333333, 35.363611111111]	1	gooearth			Q602464	Q602464	True	extended	Q602464 P31=river / stream	31.0	Harod stream	Harod stream	[32.615833333333, 35.363611111111]	[32.615833333333, 35.363611111111]	21.0	0.0	0.0	21.0	True	True	024	WD			0.0
987007554831505171	20260305-20260311	location-move	nli-coords-wrong	keep-existing+report	high	Wikidata Q606295 is 0 km from Kima, 216 km from NLI	Banias (Extinct city) (Israel)	בניאס (עיר קדומה) (ישראל)	79641	Banias (Extinct city) (Israel)	בניאס (עיר קדומה) (ישראל)	216.2	[35.18222, 35.94028]	[33.248611111111, 35.694444444444]	1	gooearth			Q606295	Q606295	True	point	Q606295 P31=archaeological site / village		Banias	Banias	[33.24722222222222, 35.693888888888885]	[33.24722222222222, 35.693888888888885]	216.4	0.2	0.2	216.4	True	True	024	WD			0.0
987007529692605171	20260319-20260325	location-move	extended-feature	apply-new	high	two points on one Q850119 P31=river (extent ~801 km)	Red Deer River (Alta. and Sask.)	נהר רד דיר (אלברטה וססקצ'ואן)	3869	Red Deer River (Alta. and Sask.)	נהר רד דיר (קנדה)	433.4	[51.53438, -116.04471]	[50.92315, -109.89493]	1	gooearth			Q850119	Q850119	True	extended	Q850119 P31=river	801.0	Red Deer River	Red Deer River	[50.92315, -109.89493]	[50.92315, -109.89493]	433.4	0.0	0.0	433.4	True	True	024	geonames:6118185			0.0
987007556004905171	20260319-20260325	location-move	extended-feature	apply-new	high	two points on one Q2226 P31=river (extent ~434 km)	Slave River (Alta. and N.W.T.)	נהר סלייב (אלברטה והטריטוריות הצפון-מערביות)	70868	Slave River (Alta. and N.W.T.)	נהר סלייב (אלברטה והטריטוריה הצפון מערבית)	321.7	[61.33261, -113.61028]	[58.702422222222, -111.19627777778]	1	gooearth			Q2226	Q2226	True	extended	Q2226 P31=river	434.0	Slave River	Slave River	[58.702422222222, -111.19627777778]	[58.702422222222, -111.19627777778]	321.7	0.0	0.0	321.7	True	True	024	WD			0.0
987007290954305171	20260319-20260325	location-move	extended-feature	apply-new	high	two points on one Q13948373 P31=stream (extent ~180 km)	Highwood River (Alta.)	נהר הייווד (אלברטה)	86073	Highwood River (Alta.)	נהר הייווד (אלטברה)	87.4	[50.61028, -114.97611]	[50.81743, -113.77892]	1	gooearth			Q13948373	Q13948373	True	extended	Q13948373 P31=stream	180.0	Highwood River	Highwood River	[50.81743, -113.77892]	[50.81743, -113.77892]	87.4	0.0	0.0	87.4	True	True	024	WD			0.0
987007534359505171	20260319-20260325	location-move	nli-coords-wrong	keep-existing+report	high	Wikidata Q105206 is 0 km from Kima, 234 km from NLI	Bukovina (Romania and Ukraine)	בוקובינה (רומניה ואוקראינה)	3056	Bukovina (Romania and Ukraine)	בוקובינה (רומניה-אוקראינה)	234.5	[47.7767, 22.87199]	[48, 26]	1	gooearth			Q105206	Q105206	True	extended	Q105206 P31=region / military district / historical administrative division / Ukrainian historical regions / Historical regions of Romania; move 234 km exceeds extent		Bukovina	Bukovina	[48, 26]	[48, 26]	234.5	0.0	0.0	234.5	True	True	024	WD			0.1
987007550543905171	20260409-20260415	location-move	kima-coords-wrong	apply-new	high	Wikidata Q210551 (NLI only) is 0 km from NLI, 156 km from Kima	Río de la Plata (Viceroyalty)	ריו דה לה פלטה (מלכות משנה)	9397	Río de la Plata (Viceroyalty)	ריו דה לה פלטה (מחוז)	155.9	[-34.66667, -58.4]	[-34.883055555556, -56.713611111111]	1	gooearth			Q210551		False	extended	Q210551 P31=viceroyalty of the Spanish Empire; move 156 km exceeds extent		Viceroyalty of the Río de la Plata		[-34.666667, -58.4]		0.0	155.9			True		024				0.0
987007293827905171	20260521-20260527	location-move	extended-feature	apply-new	high	two points on one Q27381 P31=region / cultural region (extent ~6451 km)	Africa, North	אפריקה הצפונית	1584	Africa, North	אפריקה הצפונית	4047.4	[-4.79772, 19.21234]	[30.440741666667, 9.6817138888889]	1	gooearth			Q27381	Q27381	True	extended	Q27381 P31=region / cultural region; Kima LocationTypeId=2; NLI 034 box half-diagonal 6451 km	6451.3	North Africa	North Africa	[30.440741666667, 9.6817138888889]	[30.440741666667, 9.6817138888889]	4047.4	0.0	0.0	4047.4	True	True	024	WD			6451.3
987007524605405171	20260604-20260610	location-move	homonym	research	medium	"two same-named entities: NLI Q33429356 ""Castelletto"" vs Kima Q17336 ""Castelletto d'Orba"""	Castelletto (Genoa, Italy)	קסטיליטו (ג'נובה, איטליה)	23728	Castelletto (Genoa, Italy)	קסטיליטו (גנואה, איטליה)	34.7	[44.42099, 8.93684]	[44.685555555556, 8.705]	1	gooearth			Q33429356	Q17336	False	point	Q33429356 P31=human settlement; Q17336 P31=comune of Italy	4.2	Castelletto	Castelletto d'Orba	[45.35531, 11.63511]	[44.685555555556, 8.705]	236.6	242.0	0.0	34.7	True	True	024	WD			1.6
987007554968405171	20260618-20260624	location-move	nli-coords-wrong	keep-existing+report	high	Wikidata Q7769 is 0 km from Kima, 113 km from NLI	Birobidzhan (Russia)	בירוביג'אן (רוסיה)	6905	Birobidzhan (Russia)	בירוביג'אן (רוסיה)	113.1	[49.8, 132.95]	[48.783333333333, 132.93333333333]	1	geonet			Q7769	Q7769	True	point	Q7769 P31=city of oblast significance / city or town	14.7	Birobidzhan	Birobidzhan	[48.783333333333, 132.93333333333]	[48.783333333333, 132.93333333333]	113.1	0.0	0.0	113.1	True	True	024	WD			0.0
987007294865405171	20260701-20260707	location-move	extended-feature	apply-new	high	two points on one Q8493 P31=river (extent ~2620 km)	Amu Darya	אמו דריה	1885	Amu Darya	אמו דריה	1072.7	[43.66667, 59.0]	[37.106, 68.3063]	1	gnis			Q8493	Q8493	True	extended	Q8493 P31=river	2620.0	Amu Darya	Amu Darya	[37.106, 68.3063]	[37.106, 68.3063]	1072.7	0.0	0.0	1072.7	True	True	024	WD			0.0
987007285525905171	20260701-20260707	location-move	extended-feature	apply-new	medium	two points on one Q1071629 P31=wine-producing region / region (extent unknown)	Chianti Mountains (Italy)	הרי קיאנטי (איטליה)	1239	Chianti Mountains (Italy)	הרי קיאנטי (איטליה)	38.3	[43.53333, 11.41667]	[43.6, 10.95]	1	gooearth			Q1071629		False	extended	Q1071629 P31=wine-producing region / region		Chianti		[43.6, 10.95]		38.3	0.0			True		024				0.0
987007590341305171	20260727-20260727	location-move	kima-coords-wrong	apply-new	high	Wikidata Q2439514 (NLI only) is 2 km from NLI, 4576 km from Kima	Narol (Poland)	נראל (פולין)	23815	Narol (Poland)	נראל (פולין)	4577.3	[50.34663, 23.30239]	[29.52821, 71.04854]	1	gooearth			Q2439514		False	point	Q2439514 P31=city	4.0	Narol		[50.350277777778, 23.327222222222]		1.8	4575.7			True		024				4.2
987007590343505171	20260727-20260727	location-move	nli-034-dropped-zero	keep-existing+report	high	NLI 034 fraction lost a leading 0 ($g 049.849121 -> 049.0849121); corrected centre is 1.0 km from Kima	Illint︠s︡i (Vinnyt︠s︡ʹka oblastʹ, Ukraine)	אילינצי (מחוז ויניצה, אוקראינה)	23857	Illintsi (Ukraine)	אילינצי (אוקראינה)	43.4	[49.49029, 29.2058]	[49.1, 29.2]	1	gooearth			Q2996142	Q932248	False	extended	Q2996142 P31=raion of Ukraine / former raion of Ukraine; Q932248 P31=city in Ukraine / urban-type settlement / city of district significance	34.1	Illintsi Raion	Illintsi	[49.1056, 29.2089]	[49.1, 29.2]	42.8	0.9	0.0	43.4	True	True	024	WD	[49.10819, 29.2058]	$g 049.849121 -> 049.0849121	40.0
987007590337405171	20260727-20260727	location-move	nli-034-dropped-zero	keep-existing+report	high	NLI 034 fraction lost a leading 0 ($g 048.83000 -> 048.083000); corrected centre is 6.5 km from Kima	Sverdlovsʹk (Ukraine)	סווערדלאוו (אוקראינה)	23164	Sverdlovsk (Ukraine)	סווערדלאוו (אוקראינה)	44.9	[48.4692, 39.65831]	[48.0685, 39.58057]	1	gooearth				Q2216869	False	extended	Q2216869 P31=raion of Ukraine / former raion of Ukraine	38.0		Sverdlovsk Raion		[47.94, 39.6425]			15.0	58.9		True		geonames:9030668	[48.0957, 39.65831]	$g 048.83000 -> 048.083000	40.5
987007566799105171	20260727-20260727	location-move	extended-feature	apply-new	high	two points on one Q50627 P31=county of Norway (extent ~139 km)	Møre og Romsdal fylke (Norway)	מרה ורומסדל (נורווגיה)	82520	Møre og Romsdal fylke (Norway)	מרה ורומסדל (נורבגיה)	26.4	[62.5, 7.16667]	[62.7375, 7.158333333333333]	2	gooearth|geonames			Q50627	Q50627	True	extended	Q50627 P31=county of Norway	138.7	Møre og Romsdal	Møre og Romsdal	[62.7375, 7.158333333333333]	[62.7375, 7.158333333333333]	26.4	0.0	0.0	26.4	True	True	024	WD			0.0
987007564957105171	20260727-20260727	location-move	nli-coords-wrong	keep-existing+report	high	Wikidata Q176142 is 0 km from Kima, 40 km from NLI	Montefiascone (Italy)	מונטפיאסקונה (איטליה)	16705	Montefiascone (Italy)	מונטפיאסקונה (איטליה)	39.8	[42.53957, 12.51957]	[42.533333333333, 12.033333333333]	1	gooearth			Q176142	Q176142	True			11.6	Montefiascone	Montefiascone	[42.533333333333, 12.033333333333]	[42.533333333333, 12.033333333333]	39.8	0.0	0.0	39.8	True	True	024	WD			7.4
987007566799405171	20260727-20260727	location-move	extended-feature	apply-new	high	two points on one Q21 P31=constituent country of the United Kingdom / cultural area / nation / country (extent ~429 km)	England	אנגליה	12708	England	אנגליה	90.8	[52.83793, -2.32743]	[53, -1]	1	gooearth			Q21	Q21	True	extended	Q21 P31=constituent country of the United Kingdom / cultural area / nation / country; Kima LocationTypeId=2; NLI 034 box half-diagonal 429 km	429.3	England	England	[53, -1]	[53, -1]	90.8	0.0	0.0	90.8	True	True	024	WD			429.3
987007562363005171	20260727-20260727	location-move	homonym	apply-new	medium	"Kima linked to a same-named entity elsewhere: Kima Q620864 ""Cilicia"" is 16056 km from NLI's self-consistent Q31651596 ""Cilicia Peak"""	Cilicia	קיליקיה	14137	Cilicia	קיליקיה	16055.5	[-44.36667, 168.51667]	[36.985, 35.12]	1	gooearth			Q31651596	Q620864	False	extended	Q620864 P31=region / area / historical region; Kima LocationTypeId=2; move 16056 km exceeds extent		Cilicia Peak	Cilicia	[-44.382, 168.514]	[36.985, 35.12]	1.7	16055.4	0.0	16055.5	True	True	024	WD			0.0
987007562365105171	20260727-20260727	location-move	nli-coords-wrong	keep-existing+report	high	Wikidata Q52143 is 0 km from Kima, 55 km from NLI	Gallipoli (Italy)	גליפולי (איטליה)	14168	Gallipoli (Italy)	גליפולי (איטליה)	54.9	[40.54587, 18.0682]	[40.055556, 17.991667]	1	gooearth			Q52143	Q52143	True			7.2	Gallipoli	Gallipoli	[40.055556, 17.991667]	[40.055556, 17.991667]	54.9	0.0	0.0	54.9	True	True	024	WD			13.3
987007562324405171	20260727-20260727	location-move	nli-coords-wrong	keep-existing+report	high	Wikidata Q153732 is 0 km from Kima, 63 km from NLI	Mariana Islands	איי מריאנה	15511	Mariana Islands	איי מריאנה	63.1	[16.13333, 145.75]	[16.7, 145.78]	2	gooearth|geonames			Q153732	Q153732	True	extended	Q153732 P31=archipelago; Kima LocationTypeId=2; move 63 km exceeds extent	36.0	Mariana Islands	Mariana Islands	[16.7, 145.78]	[16.7, 145.78]	63.1	0.0	0.0	63.1	True	True	024	WD			0.0
987007566825105171	20260727-20260727	location-move	homonym	research	medium	"two same-named entities: NLI Q2486605 ""Brookfield"" vs Kima Q929024 ""Brookfield"""	Brookfield (Ill.)	ברוקפילד (אילינוי)	359	Brookfield (Ill.)	ברוקפילד (אילינוי)	139.1	[41.8228, -87.8475]	[43.06057, -88.10648]	2	gooearth|geonames			Q2486605	Q929024	False	point	Q2486605 P31=village of Illinois; Q929024 P31=city in the United States / second-class city	9.5	Brookfield	Brookfield	[41.8228, -87.8475]	[43.058055555556, -88.114722222222]	0.0	139.3	0.7	139.1	True	True	024	WD			0.0
987007560014405171	20260727-20260727	location-move	extended-feature	apply-new	high	two points on one Q214064 P31=governorate of Syria (extent ~153 km)	Aleppo (Syria : Province)	חלב (סוריה : פרובינציה)	15119	Aleppo (Syria : Province)	חלב (סוריה : פרובינציה)	26.0	[36.24, 37.6]	[36.2, 37.15]	2	gooearth|geonames			Q214064	Q41183	False	extended	Q214064 P31=governorate of Syria; Q41183 P31=city / big city / populated place in Syria; Kima LocationTypeId=2	153.4	Aleppo Governorate	Aleppo	[36.24, 37.6]	[36.2, 37.16]	0.0	40.6	0.9	39.7	True	True	024	WD			0.0
987007564630605171	20260727-20260727	location-move	kima-coords-wrong	apply-new	high	Wikidata Q131394318 (NLI only) is 2 km from NLI, 285 km from Kima	Acos (Lima, Peru)	אקוס (לימה, פרו)	14244	Acos (Lima, Peru)	אקוס (לימה, פרו)	286.7	[-11.26667, -76.83333]	[-12.548333333333334, -74.54688888888889]	1	other			Q131394318		False	point	Q131394318 P31=town		Acos		[-11.2738579, -76.821721]		1.5	285.2			True		024				0.0
987007560013405171	20260727-20260727	location-move	nli-coords-wrong	keep-existing+report	high	Wikidata Q7999090 is 0 km from Kima, 83 km from NLI	Wielowieś (Legnica, Poland)	וילוויז' (לגניצה, פולין)	15072	Wielowieś (Legnica, Poland)	וילוויז' (פולין)	83.1	[51.33598, 16.36796]	[51.7667, 17.35]	1	gooearth			Q7999090	Q7999090	True	point	Q7999090 P31=village of Poland		Wielowieś	Wielowieś	[51.7667, 17.35]	[51.7667, 17.35]	83.1	0.0	0.0	83.1	True	True	024	WD			2.7
987007564629705171	20260727-20260727	location-move	nli-coords-wrong	keep-existing+report	high	Wikidata Q15107863 is 0 km from Kima, 208 km from NLI	Borbeck (Essen, Germany)	בורבק (אסן, גרמניה)	82830	Borbeck (Essen, Germany)	בורבק (אסן, גרמניה)	208.1	[51.48333, 6.95]	[53.20583333, 8.14805556]	1	other			Q15107863	Q15107863	True	point	Q15107863 P31=human settlement		Borbeck	Borbeck	[53.20583333, 8.14805556]	[53.20583333, 8.14805556]	208.1	0.0	0.0	208.1	True	True	024	WD			0.0
987007567546605171	20260727-20260727	location-move	homonym	apply-new	medium	"Kima geonames:8260674 -> Q2559686 ""Northern Region"" is a same-named place 3710 km from the NLI point; NLI heading qualifier disambiguates"	Northern Region (Ghana)	אזור הצפון (גאנה)	16278	Northern Region (Ghana)	אזור הצפון (גאנה)	3710.2	[9.5, -1.0]	[2.7373, 31.88644]	1	other				Q2559686	False	extended	Q2559686 P31=region of Uganda; move 3710 km exceeds extent	329.7		Northern Region		[2.7833333333333, 32.3]			46.2	3753.8		True		geonames:8260674			0.0
987007567651705171	20260727-20260727	location-move	nli-coords-wrong	keep-existing+report	medium	Kima WD -> Q48796 (Kima only) is 0 km from Kima, 417 km from NLI	Balat (Aydın İli, Turkey)	באלאט (איידין אילי, טורקיה)	17913	Balat (Aydın İli, Turkey)	באלאט (מחוז איידן, טורקיה)	417.0	[37.51222, 27.27687]	[41.03277778, 28.94555556]	1	gooearth				Q48796	False	point	Q48796 P31=mahalle / neighborhood	0.7		Balat		[41.0320032, 28.9482931]			0.2	417.0		True		WD			6.9
987007566967205171	20260727-20260727	location-move	nli-034-dropped-zero	keep-existing+report	high	NLI 034 fraction lost a leading 0 ($e 021.623702 -> 021.0623702, $f 050.665457 -> 050.0665457); corrected centre is 1.7 km from Kima	Tarnów (Województwo Małopolskie, Poland)	טרנוב (מחוז פולין קטן, פולין)	765	Tarnów (Poland)	טרנוב (פולין)	39.7	[50.3256, 21.25757]	[50.0125, 20.988333333333]	1	gooearth			Q106281	Q106281	True	point	Q106281 P31=city with powiat rights in Poland	9.6	Tarnów	Tarnów	[50.0125, 20.988333333333]	[50.0125, 20.988333333333]	39.7	0.0	0.0	39.7	True	True	024	WD	[50.02614, 20.97691]	$e 021.623702 -> 021.0623702, $f 050.665457 -> 050.0665457	45.9
987007577116405171	20260727-20260727	location-move	nli-034-dropped-zero	keep-existing+report	high	NLI 034 fraction lost a leading 0 ($d 011.87808 -> 011.087808); corrected centre is 5.4 km from Kima	Eggolsheim (Germany)	אגולסהיים (גרמניה)	24628	Eggolsheim (Germany)	אגולסהיים (סלה, גרמניה)	33.3	[49.79166, 11.51889]	[49.769722222222, 11.056944444444]	1	gooearth			Q31984261	Q31984261	True	point	Q31984261 P31=chef-lieu / Ortsteil		Eggolsheim	Eggolsheim	[49.769722222222, 11.056944444444]	[49.769722222222, 11.056944444444]	33.3	0.0	0.0	33.3	True	True	024	geonames:2933019	[49.79166, 11.12376]	$d 011.87808 -> 011.087808	26.4
987007561903605171	20260727-20260727	location-move	nli-coords-wrong	keep-existing+report	medium	Kima geonames:8249360 -> Q31264422 (Kima only) is 0 km from Kima, 288 km from NLI	Kordofan (Sudan : Province)	קורדופן (סודאן : פרובינציה)	9899	Kordofan (Sudan)	קורדופן (סודאן : פרובינציה)	287.5	[13.08333, 30.35]	[10.53018, 29.93292]	1	geonames				Q31264422	False	extended	heading qualifier; move 288 km exceeds extent			Kordofan		[10.530277777778, 29.933055555556]			0.0	287.5		True		geonames:8249360			0.0
987007564905705171	20260727-20260727	location-move	nli-coords-wrong	keep-existing+report	high	Wikidata Q2451145 is 0 km from Kima, 2603 km from NLI	Kodi (Indonesia)	קודי (אינדונזיה)	16238	Kodi (Indonesia)	קודי (אינדונזיה)	2602.8	[-33.0, 118.98333]	[-9.592704760875714, 118.98559226784154]	1	other			Q2451145	Q2451145	True	extended	Q2451145 P31=kecamatan; move 2603 km exceeds extent		Kodi	Kodi	[-9.592704760875714, 118.98559226784154]	[-9.592704760875714, 118.98559226784154]	2602.8	0.0	0.0	2602.8	True	True	024	WD			0.0
987007566970705171	20260727-20260727	location-move	nli-034-dropped-zero	keep-existing+report	high	NLI 034 fraction lost a leading 0 ($d 007.975052 -> 007.0975052); corrected centre is 1.9 km from Kima	Mayen (Germany)	מייאן (גרמניה)	12747	Mayen (Germany)	מייאן (גרמניה)	29.8	[50.32188, 7.63562]	[50.333333333333, 7.2166666666667]	1	gooearth			Q516611	Q516611	True	point	Q516611 P31=urban municipality in Germany	8.6	Mayen	Mayen	[50.333333333333, 7.2166666666667]	[50.333333333333, 7.2166666666667]	29.8	0.0	0.0	29.8	True	True	024	WD	[50.32188, 7.19684]	$d 007.975052 -> 007.0975052	24.6
987007567706405171	20260727-20260727	location-move	homonym	apply-new	medium	"Kima geonames:2859099 -> Q2010881 ""Oberschopfheim"" is a same-named place 2490 km from the NLI point; NLI heading qualifier disambiguates"	Oberschopfheim (Germany)	אוברשופהיים (גרמניה)	17806	Oberschopfheim (Germany)	אוברשופהיים (גרמניה)	2490.4	[26.0, 7.9]	[48.39675, 7.9028]	1	other				Q2010881	False	point	Q2010881 P31=Ortsteil	3.7		Oberschopfheim		[48.3967, 7.90111]			0.1	2490.4		True		geonames:2859099			0.0
987007567077805171	20260727-20260727	location-move	nli-034-dropped-zero	keep-existing+report	high	NLI 034 fraction lost a leading 0 ($e 024.573066 -> 024.0573066); corrected centre is 1.2 km from Kima	Chania (Greece)	חאניה (יוון)	12409	Chania (Greece)	חאניה (יוון)	24.1	[35.50755, 24.28262]	[35.516666666667, 24.016666666667]	1	gooearth			Q182299	Q182299	True	point	Q182299 P31=city	4.0	Chania	Chania	[35.516666666667, 24.016666666667]	[35.516666666667, 24.016666666667]	24.1	0.0	0.0	24.1	True	True	024	WD	[35.50755, 24.02474]	$e 024.573066 -> 024.0573066	26.4
987007567081305171	20260727-20260727	location-move	no-wd	research	low	no Wikidata id on either side (NLI 034 box half-diagonal 235 km)	Menteşe (Beylik)	מנטש (בייליק)	12122	Menteşe (Beylik)	מנטש (בייליק)	625.9	[37.15965, 28.7828]	[37.60928, 35.84577]	1	bound					False	extended	NLI 034 box half-diagonal 235 km; move 626 km exceeds extent	234.6															234.6
987007567697005171	20260727-20260727	location-move	no-wd	research	low	no Wikidata id on either side	Tihāmah (Saudi Arabia)	טיהאמה (ערב הסעודית)	17752	Tihāmah (Saudi Arabia)	טיהאמה (ערב הסעודית)	709.9	[17.5, 42.33333]	[14.05, 47.91667]	1	other					False																		0.0
987007561914205171	20260727-20260727	location-move	extended-feature	apply-new	high	two points on one Q655 P31=state of Mexico (extent ~561 km)	Chihuahua (Mexico : State)	צ'יוואווה (מקסיקו : מדינה)	8952	Chihuahua (Mexico : State)	צ'יוואווה (מקסיקו : מדינה)	57.8	[29.0, -106.5]	[28.639166666666668, -106.07333333333334]	1	gooearth			Q655	Q655	True	extended	Q655 P31=state of Mexico; Kima LocationTypeId=2	561.3	Chihuahua	Chihuahua	[28.639166666666668, -106.07333333333334]	[28.639166666666668, -106.07333333333334]	57.8	0.0	0.0	57.8	True	True	024	WD			0.0
987007581532005171	20260727-20260727	location-move	extended-feature	apply-new	high	two points on one Q3019615 P31=district of Algeria (extent ~145 km)	Banī Wanīf (Algeria)	בני וואניף (אלג'יריה)	24643	Béni Ounif (Algeria)	בני וואניף (אלג'יריה)	51.4	[32.51264, -1.24315]	[32.05, -1.25]	1	gooearth			Q3019615	Q3019615	True	extended	Q3019615 P31=district of Algeria	145.4	Béni Ounif District	Béni Ounif District	[32.05, -1.25]	[32.05, -1.25]	51.4	0.0	0.0	51.4	True	True	024	WD			11.6
987007561908705171	20260727-20260727	location-move	nli-coords-wrong	keep-existing+report	medium	Kima geonames:2648228 -> Q1542364 (Kima only) is 12 km from Kima, 370 km from NLI	Grampian (Scotland)	גרמפיאן (סקוטלנד)	9883	Grampian (Scotland)	גרמפיאן (סקוטלנד)	380.7	[57.26667, 3.16667]	[57.26667, -3.16667]	1	other				Q1542364	False	extended	Q1542364 P31=Scottish region; move 381 km exceeds extent			Grampian		[57.228, -2.988]			11.6	370.2		True		geonames:2648228			0.0
987007567638605171	20260727-20260727	location-move	extended-feature	apply-new	high	two points on one Q265 P31=sovereign state / doubly landlocked country / country (extent ~852 km)	Uzbekistan	אוזבקיסטן	17990	Uzbekistan	אוזבקיסטן	126.7	[41.66667, 63.83333]	[41, 66]	2	geonames|gooearth			Q265	Q265	True	extended	Q265 P31=sovereign state / doubly landlocked country / country; Kima LocationTypeId=2; NLI 034 box half-diagonal 852 km	852.1	Uzbekistan	Uzbekistan	[41, 66]	[41, 66]	195.5	0.0	0.0	195.5	True	True	024	WD			852.1
987007567666505171	20260727-20260727	location-move	nli-034-dropped-zero	keep-existing+report	high	NLI 034 fraction lost a leading 0 ($d 016.917000 -> 016.0917000); corrected centre is 0.6 km from Kima	Berndorf (Lower Austria, Austria)	בנדורף (אוסטריה התחתית, אוסטריה)	17559	Berndorf (Lower Austria, Austria)	בנדורף (אוסטריה)	31.3	[47.94138, 16.52434]	[47.942777777778, 16.103611111111]	1	gooearth			Q666615	Q666615	True	point	Q666615 P31=municipality of Austria / place with town rights and privileges / Ortschaft	4.7	Berndorf	Berndorf	[47.942777777778, 16.103611111111]	[47.942777777778, 16.103611111111]	31.3	0.0	0.0	31.3	True	True	024	WD	[47.94138, 16.11169]	$d 016.917000 -> 016.0917000	29.3
987007564562205171	20260727-20260727	location-move	nli-coords-wrong	keep-existing+report	high	Wikidata Q43194 is 0 km from Kima, 1959 km from NLI	Yunnan Sheng (China)	יונאן שנג (סין)	10789	Yunnan Sheng (China)	יונאן שנג (סין)	1959.3	[31.4, 121.4]	[25.049444444444443, 102.7088888888889]	1	gooearth			Q43194	Q43194	True	extended	Q43194 P31=province of China; move 1959 km exceeds extent	708.4	Yunnan	Yunnan	[25.049444444444443, 102.7088888888889]	[25.049444444444443, 102.7088888888889]	1959.3	0.0	0.0	1959.3	True	True	024	WD			0.0
987007564560905171	20260727-20260727	location-move	nli-coords-wrong	keep-existing+report	high	Wikidata Q53835 is 0 km from Kima, 64 km from NLI	Belmonte Calabro (Italy)	בלמונטה קלברו (איטליה)	11881	Belmonte Calabro (Italy)	בלמונטה קלברו (איטליה)	63.6	[39.16398, 16.82145]	[39.166666666667, 16.083333333333]	1	gooearth			Q53835	Q53835	True			5.5	Belmonte Calabro	Belmonte Calabro	[39.166666666667, 16.083333333333]	[39.166666666667, 16.083333333333]	63.6	0.0	0.0	63.6	True	True	024	WD			5.6
987007566894205171	20260727-20260727	location-move	nli-034-dropped-zero	keep-existing+report	high	NLI 034 fraction lost a leading 0 ($d -008.4006 -> -008.04006, $f 037.738998 -> 037.0738998); corrected centre is 0.9 km from Kima	Faro (Portugal)	פארו (פורטוגל)	14606	Faro (Portugal)	פארו (פורטוגל)	40.1	[37.35035, -8.10498]	[37.01611111111111, -7.9350000000000005]	1	gooearth			Q159457	Q159457	True	point	Q159457 P31=municipality of Portugal	16.1	Faro	Faro	[37.01611111111111, -7.9350000000000005]	[37.01611111111111, -7.9350000000000005]	40.1	0.0	0.0	40.1	True	True	024	WD	[37.01781, -7.92471]	$d -008.4006 -> -008.04006, $f 037.738998 -> 037.0738998	50.5
987007564605705171	20260727-20260727	location-move	homonym	apply-new	medium	"Kima geonames:2783985 -> Q31579578 ""Waterloo"" is a same-named place 6119 km from the NLI point; NLI heading qualifier disambiguates"	Waterloo (Ont.)	ווטרלו (אונטריו)	14344	Waterloo (Ont.)	ווטרלו (אונטריו)	6119.3	[43.4797, -80.5411]	[50.71469, 4.3991]	2	cgndb|cgndb				Q31579578	False	point	Q31579578 P31=village			Waterloo		[50.70944, 4.40446]			0.7	6120.0		True		geonames:2783985			0.0
987007560022605171	20260727-20260727	location-move	no-wd	research	low	no Wikidata id on either side	Matapatu (Kenya)	מטפטו (קניה)	15063	Matapatu (Kenya)	מטפטו (קניה)	35.9	[-2.16667, 37.0]	[-2.14173, 36.67759]	1	other					False																		0.0
987007564939605171	20260727-20260727	location-move	nli-coords-wrong	keep-existing+report	high	Wikidata Q835423 is 0 km from Kima, 70 km from NLI	Strzyżów (Województwo Podkarpackie, Poland)	סטז'יז'וב (מחוז התת-קרפטיים, פולין)	16905	Strzyżów (Rzeszów, Poland)	סטז'יז'וב (פולין)	69.9	[50.35766, 22.41229]	[49.87083333333333, 21.79111111111111]	1	gooearth			Q835423	Q835423	True	point	Q835423 P31=city	4.2	Strzyżów	Strzyżów	[49.87083333333333, 21.79111111111111]	[49.87083333333333, 21.79111111111111]	69.9	0.0	0.0	69.9	True	True	024	WD	[50.00543, 21.98846]	$e 022.941863 -> 022.0941863, $f 050.782730 -> 050.0782730	60.4
987007564339005171	20260727-20260727	location-move	nli-coords-wrong	keep-existing+report	high	Wikidata Q230597 is 0 km from Kima, 3106 km from NLI	Bolívar (Colombia : Department)	בוליבר (קולומביה : מחוז)	7845	Bolívar (Colombia : Dept.)	בוליבר (קולומביה : מחוז)	3105.5	[-17.96667, -66.53333]	[8.883333333333333, -74.31666666666666]	1	gooearth			Q230597	Q230597	True	extended	Q230597 P31=department of Colombia; Kima LocationTypeId=2; move 3106 km exceeds extent	181.9	Bolívar Department	Bolívar Department	[8.883333333333333, -74.31666666666666]	[8.883333333333333, -74.31666666666666]	3105.5	0.0	0.0	3105.5	True	True	024	WD			0.0
987007564648405171	20260727-20260727	location-move	homonym	apply-new	medium	"Kima geonames:3167009 -> Q30030469 ""Scala"" is a same-named place 1785 km from the NLI point; NLI heading qualifier disambiguates"	Scala (Cyprus)	סקאלה (קפריסין)	14522	Scala (Cyprus)	סקאלה (קפריסין)	1785.3	[34.9125, 33.63333]	[40.65665, 14.60761]	1	geonames				Q30030469	False	point	Q30030469 P31=municipality seat			Scala		[40.65665, 14.60761]			0.0	1785.3		True		geonames:3167009			0.0
987007560017005171	20260727-20260727	location-move	extended-feature	apply-new	high	two points on one Q6667298 P31=province of Afghanistan (extent ~70 km)	Lowgar (Afghanistan)	לוגאר (אפגניסטן)	15123	Lowgar (Afghanistan)	לוגאר (אפגניסטן)	60.5	[34.0, 69.2]	[34.538888888889, 69.294444444444]	2	gooearth|geonames			Q6667298	Q8480	False	extended	Q6667298 P31=province of Afghanistan; Q8480 P31=river	70.3	Logar Province	Logar River	[34, 69.2]	[34.538888888889, 69.294444444444]	0.0	60.5	0.0	60.5	True	True	024	WD			0.0
987007560018405171	20260727-20260727	location-move	extended-feature	apply-new	high	two points on one Q275388 P31=province of Thailand (extent ~121 km)	Loei (Thailand : Province)	לויי (תאילנד : פרובינציה)	15101	Loei (Thailand : Province)	לויי (תאילנד : פרובינציה)	24.5	[17.41667, 101.5]	[17.486666666667, 101.71944444444]	1	other			Q275388	Q275388	True	extended	Q275388 P31=province of Thailand; Kima LocationTypeId=2	120.6	Loei	Loei	[17.486666666667, 101.71944444444]	[17.486666666667, 101.71944444444]	24.5	0.0	0.0	24.5	True	True	024	WD			0.0
987007564333805171	20260727-20260727	location-move	nli-034-dropped-zero	keep-existing+report	high	NLI 034 fraction lost a leading 0 ($d 017.724863 -> 017.0724863, $g 039.379212 -> 039.0379212); corrected centre is 0.5 km from Kima	Crotone (Italy)	קרוטונה (איטליה)	8788	Crotone (Italy)	קרוטונה (איטליה)	33.6	[39.24923, 17.44176]	[39.083333333333, 17.116666666667]	1	gooearth			Q6681	Q6681	True	point	Q6681 P31=comune of Italy / city	15.2	Crotone	Crotone	[39.083333333333, 17.116666666667]	[39.083333333333, 17.116666666667]	33.6	0.0	0.0	33.6	True	True	024	WD	[39.07858, 17.11557]	$d 017.724863 -> 017.0724863, $g 039.379212 -> 039.0379212	28.4
987007564873205171	20260727-20260727	location-move	wd-disagrees	research	low	Wikidata Q22014977 near neither (609 / 2043 km)	Vargem Grande (Brazil)	ורז'ם גרנדה (ברזיל)	15161	Vargem Grande (Brazil)	ורז'ם גרנדה (ברזיל)	1454.9	[-8.83333, -42.5]	[-21.90139, -43.18167]	1	other			Q22014977		False	point	Q22014977 P31=human settlement		Vargem Grande		[-3.54306, -43.91583]		608.7	2042.9			True		024				0.0
987007567022305171	20260727-20260727	location-move	extended-feature	apply-new	high	two points on one Q2007 P31=territory of Canada (extent ~1309 km)	Northwest Territories	הטריטוריות הצפון-מערביות (קנדה)	14586	Northwest Territories	הטריטוריות הצפון-מערביות (קנדה)	142.2	[66.0, -119.0]	[67, -121]	1	gooearth			Q2007	Q2007	True	extended	Q2007 P31=territory of Canada; Kima LocationTypeId=2	1309.2	Northwest Territories	Northwest Territories	[67, -121]	[67, -121]	142.2	0.0	0.0	142.2	True	True	024	WD			0.0
987007567019805171	20260727-20260727	location-move	no-wd	research	low	no Wikidata id on either side	Sologne (France)	סולון (צרפת)	14624	Sologne (France)	סולון (צרפת)	74.6	[47.83333, 3.0]	[47.83333, 2]	1	other					False																		0.0
987007564401405171	20260727-20260727	location-move	kima-wd-wrong	apply-new	high	"Kima WD -> Q6580020 = ""Begin Park"" does not match the name; NLI WD Q180050 = ""Valentano"""	Valentano (Italy)	ולנטאנו (איטליה)	13547	Valentano (Italy)	ולנטאנו (איטליה)	2376.3	[42.56393, 11.82731]	[31.73438611, 35.09554444]	1	gooearth			Q180050	Q6580020	False	extended	Q6580020 P31=park; move 2376 km exceeds extent	100.9	Valentano	Begin Park	[42.565277777778, 11.826944444444]	[31.73438611, 35.09554444]	0.2	2376.4	0.0	2376.3	True	False	024	WD			1.5
987007565234905171	20260727-20260727	location-move	no-wd	research	low	no Wikidata id on either side	Shabīkah (Tunisia)	שביחה (תוניסיה)	17515	Shabīkah (Tunisia)	שביחה (תוניסיה)	4254.7	[34.31667, 7.93333]	[14.15364, 44.00546]	1	other					False																		0.0
987007562299405171	20260727-20260727	location-move	nli-coords-wrong	keep-existing+report	high	Wikidata Q718321 is 0 km from Kima, 150 km from NLI	Sopronkőhida (Hungary)	שופרונקיהידה (הונגריה)	15499	Sopronkőhida (Hungary)	שופרונקיהידה (הונגריה)	150.5	[47.73333, 18.63333]	[47.72317, 16.62178]	1	other			Q718321	Q718321	True	point	Q718321 P31=human settlement		Sopronkőhida	Sopronkőhida	[47.723292, 16.620833]	[47.723292, 16.620833]	150.5	0.1	0.1	150.5	True	True	024	geonames:3049576			0.0
987007564586605171	20260727-20260727	location-move	nli-034-dropped-zero	keep-existing+report	high	NLI 034 fraction lost a leading 0 ($e 032.1352860 -> 032.01352860, $f 047.475910 -> 047.0475910); corrected centre is 5.5 km from Kima	Mykolaïv (Mykolaïvsʹka oblastʹ, Ukraine)	מיקולייב (מחוז מיקולייב, אוקראינה)	10962	Mykolaïv (Mykolaïvsʹka oblastʹ, Ukraine)	מיקולייב (מחוז מיקולייב, אוקראינה)	20.1	[47.14722, 32.008]	[46.966666666667, 32]	1	gooearth			Q41572	Q41572	True	point	Q41572 P31=centre of oblast / city of regional significance of Ukraine / city in Ukraine	17.9	Mykolaiv	Mykolaiv	[46.975, 31.995]	[46.975, 31.995]	19.2	1.0	1.0	19.2	True	True	024	WD	[46.93306, 31.94712]	$e 032.1352860 -> 032.01352860, $f 047.475910 -> 047.0475910	37.8
987007564587605171	20260727-20260727	location-move	extended-feature	apply-new	high	two points on one Q823946 P31=region of Cameroon / electoral unit (extent ~148 km)	North-West Province (Cameroon)	פרובינציה צפון מערב (קמרון)	10945	North-West Province (Cameroon)	מחוז צפון מערב (קמרון)	56.5	[6.33333, 10.5]	[5.9613888888889, 10.151666666667]	1	geonames				Q823946	False	extended	Q823946 P31=region of Cameroon / electoral unit	148.4		Northwest		[5.9613888888889, 10.151666666667]			0.0	56.5		True		WD			0.0
987007564588805171	20260727-20260727	location-move	nli-coords-wrong	keep-existing+report	medium	Wikidata Q2302423 (NLI only) is 0 km from Kima, 124 km from NLI	Sontheim (Heilbronn, Germany)	סונטהיים (היילברון, גרמניה)	10943	Sontheim (Heilbronn, Germany)	סונטהיים (היילברון, גרמניה)	123.9	[49.11667, 9.2]	[48.5237, 10.6336]	1	geonames			Q2302423		False	point	Q2302423 P31=village with a church / Ortsteil		Sontheim		[48.5237, 10.6336]		123.9	0.0			True		024				0.0
987007564300405171	20260727-20260727	location-move	homonym	apply-new	medium	"Kima geonames:4236673 -> Q54888507 ""Crossroads"" is a same-named place 14307 km from the NLI point; NLI heading qualifier disambiguates"	Crossroads (South Africa)	קרוסרודס (דרום אפריקה)	9778	Crossroads (South Africa)	קרוסרודס (דרום אפריקה)	14306.8	[-33.18333, 27.28333]	[37.34894, -88.81756]	1	other				Q54888507	False	point	Q54888507 P31=unincorporated community			Crossroads		[37.34888889, -88.8175]			0.0	14306.8		True		geonames:4236673			0.0
987007565231105171	20260727-20260727	location-move	no-wd	research	low	no Wikidata id on either side	Lari (Peru)	לארי (פרו)	17519	Lari (Peru)	לארי (פרו)	10599.8	[-15.62222, -71.76889]	[43.56606, 10.59211]	1	geonames					False																		0.0
987007562025505171	20260727-20260727	location-move	extended-feature	apply-new	high	two points on one Q175799 P31=county of Idaho (extent ~91 km)	Clearwater County (Idaho)	מחוז קלירווטר (איידהו)	11606	Clearwater County (Idaho)	מחוז קלירווטר (איידהו)	26.0	[46.54167, -115.37611]	[46.67, -115.66]	1	geonames			Q175799	Q175799	True	extended	Q175799 P31=county of Idaho	90.6	Clearwater County	Clearwater County	[46.67, -115.66]	[46.67, -115.66]	26.0	0.0	0.0	26.0	True	True	024	WD			0.0
987007567130605171	20260727-20260727	location-move	kima-geonames-wrong	research	medium	"Kima geonames:412080 -> Q23957242 = ""None"" does not match the name"	Wādī al-Jadīd (Egypt)	ואדי אל-ג'דיד (מצרים)	15906	Wādī al-Jadīd (Egypt)	ואדי אל-ג'דיד (מצרים)	661.4	[25.0, 29.0]	[29.2019, 33.73114]	1	geonames				Q23957242	False							[29.2019, 33.73114]			0.0	661.4		False		geonames:412080			0.0
987007567130205171	20260727-20260727	location-move	nli-coords-wrong	keep-existing+report	high	Wikidata Q20308083 is 0 km from Kima, 428 km from NLI	Shabwah (Yemen : Province)	שבווה (תימן : פרובינציה)	81392	Shabwah (Yemen : Province)	שבווה (תימן : פרובינציה)	428.1	[15.0, 47.0]	[16.153055555556, 43.186666666667]	1	geonames			Q20308083	Q20308083	True	point	Q20308083 P31=human settlement		Shabwah	Shabwah	[16.153055555556, 43.186666666667]	[16.153055555556, 43.186666666667]	428.1	0.0	0.0	428.1	True	True	024	WD			0.0
987007564769205171	20260727-20260727	location-move	homonym	apply-new	medium	"Kima linked to a same-named entity elsewhere: Kima Q1025864 ""Grunwald"" is 852 km from NLI's self-consistent Q220090 ""Grünwald"""	Grunwald (Poland)	גרינוולד (פולין)	81541	Grunwald (Poland)	גרינוולד (פולין)	852.1	[48.04831, 11.53169]	[53.485833333333, 20.091944444444]	1	gooearth			Q220090	Q1025864	False	point	Q220090 P31=resort town / municipality without town privileges in Germany; Q1025864 P31=village of Poland	3.2	Grünwald	Grunwald	[48.04830555555556, 11.531694444444444]	[53.485833333333, 20.091944444444]	0.0	852.1	0.0	852.1	True	True	024	WD			0.0
987007566950505171	20260727-20260727	location-move	nli-coords-wrong	keep-existing+report	high	Wikidata Q21405391 is 0 km from Kima, 267 km from NLI	Ampelakia (Greece)	אמפלאקיה (יוון)	86720	Ampelakia (Greece)	אמפלאקיה (יוון)	267.3	[39.85, 22.55]	[40.93061111111111, 25.369138888888887]	1	other			Q21405391	Q21405391	True	point	Q21405391 P31=human settlement		Ampelakia	Ampelakia	[40.93061111111111, 25.369138888888887]	[40.93061111111111, 25.369138888888887]	267.3	0.0	0.0	267.3	True	True	024	WD			0.0
987007562204705171	20260727-20260727	location-move	homonym	research	medium	"two same-named entities: NLI Q3268401 ""Lycia"" vs Kima Q18927 ""Lycia"""	Lycia	ליקיה	14134	Lycia	ליקיה	213.9	[35.05, 28.75]	[36.733333333333, 29.9]	1	other			Q3268401	Q18927	False	extended	Q18927 P31=landscape / historical region; move 214 km exceeds extent		Lycia	Lycia		[36.733333333333, 29.9]			0.0	213.9	True	True	024	WD			0.0
987007562308905171	20260727-20260727	location-move	extended-feature	apply-new	high	two points on one Q874962 P31=province of Papua New Guinea (extent ~135 km)	Milne Bay Province (Papua New Guinea)	פרובינציה מילן ביי (פפואה גינאה החדשה)	15374	Milne Bay Province (Papua New Guinea)	מחוז מילן ביי (פפואה גינאה החדשה)	35.3	[-10.25, 150.21667]	[-10.55262, 150.31494]	1	other				Q874962	False	extended	Q874962 P31=province of Papua New Guinea	135.1		Milne Bay Province		[-10.25, 150]			48.2	23.7		True		geonames:2132895			0.0
987007583688105171	20260727-20260727	location-move	homonym	research	medium	"two same-named entities: NLI Q1011290 ""Hasköy"" vs Kima Q3302981 ""Hasköy"""	Hasköy (Istanbul, Turkey)	חסקוי (איסטנבול, טורקיה)	23131	Hasköy (Istanbul, Turkey)	חסקוי (איסטנבול, טורקיה)	38.1	[41.38263, 28.95166]	[41.03972222, 28.94972222]	1	gooearth			Q1011290	Q3302981	False	point	Q1011290 P31=town; Q3302981 P31=neighborhood		Hasköy	Hasköy	[38.6826159, 41.6885287]	[41.03972222, 28.94972222]	1124.0	1117.3	0.0	38.1	True	True	024	WD			0.6
987007560132205171	20260727-20260727	location-move	nli-coords-wrong	keep-existing+report	high	Wikidata Q94637 is 0 km from Kima, 88 km from NLI	Mut (Mersin İli, Turkey)	מוט (מרסין אילי, טורקיה)	81919	Mut (Mersin İli, Turkey)	מוט (מרסין עילי, טורקיה)	88.1	[36.65, 32.45]	[36.645833333333, 33.4375]	1	other			Q94637	Q94637	True	point	Q94637 P31=town		Mut	Mut	[36.645833333333, 33.4375]	[36.645833333333, 33.4375]	88.1	0.0	0.0	88.1	True	True	024	WD			0.0
987007560128205171	20260727-20260727	location-move	homonym	apply-new	medium	"Kima geonames:8583386 -> Q5192465 ""Cucurpe Municipality"" is a same-named place 955 km from the NLI point; NLI heading qualifier disambiguates"	Cucurpe (Mexico)	קוקורפה (מקסיקו)	16670	Cucurpe (Mexico)	קוקורפה (מקסיקו)	954.9	[30.33333, -100.71667]	[30.39456, -110.67269]	1	other				Q5192465	False	point	Q5192465 P31=municipality of Mexico	44.8		Cucurpe Municipality		[30.416666666666668, -110.61666666666666]			5.9	949.5		True		geonames:8583386			0.0
987007562269705171	20260727-20260727	location-move	homonym	research	medium	"two same-named entities: NLI Q10790951 ""Mandya"" vs Kima Q2768290 ""Mandya district"""	Mandya (India)	מנדיה (הודו)	13736	Mandya (India)	מנדיה (הודו)	25.7	[12.52417, 76.89583]	[12.58333, 76.66667]	1	geonames			Q10790951	Q2768290	False	point	Q10790951 P31=human settlement; Q2768290 P31=district of India	79.5	Mandya	Mandya district		[12.52, 76.9]			26.3	0.6	True	True	024	geonames:1263815			0.0
987007564533305171	20260727-20260727	location-move	kima-coords-wrong	apply-new	high	Wikidata Q83786 (NLI only) is 0 km from NLI, 12203 km from Kima	Simla (India)	סימלה (הודו)	10778	Simla (India)	סימלה (הודו)	12203.2	[31.10333, 77.17222]	[39.1408, -104.083]	1	gooearth			Q83786		False	point	Q83786 P31=city / big city	5.6	Shimla		[31.103333333333, 77.172222222222]		0.0	12203.2			True		024				0.0
987007564446205171	20260727-20260727	location-move	nli-coords-wrong	keep-existing+report	medium	Wikidata Q5003259 (NLI only) is 0 km from Kima, 6737 km from NLI	Buxton (Iowa)	בקסטון (איווה)	13532	Buxton (Iowa)	בקסטון (איווה)	6736.8	[41.15833, -92.82139]	[52.75, 1.3]	1	geonames			Q5003259		False	point	Q5003259 P31=village		Buxton		[52.75, 1.3]		6736.8	0.0			True		024				0.0
987007564844305171	20260727-20260727	location-move	nli-coords-wrong	keep-existing+report	medium	Kima geonames:5110161 -> Q2615482 (Kima only) is 0 km from Kima, 110 km from NLI	Brighton Beach (N.J.)	ברייטון ביץ' (ניו ג'רזי)	15402	Brighton Beach (N.J.)	ברייטון ביץ' (ניו ג'רזי)	110.1	[39.60639, -74.20806]	[40.57788, -73.95958]	1	geonames				Q2615482	False	point	Q2615482 P31=metro station / station located on surface / elevated station / terminus			Brighton Beach		[40.5776, -73.9616]			0.2	110.0		True		geonames:5110161			0.0
987007562000805171	20260727-20260727	location-move	extended-feature	apply-new	high	two points on one Q112953 P31=county of New Mexico (extent ~112 km)	Doña Ana County (N.M.)	מחוז דונה אנה (ניו מקסיקו)	11287	Doña Ana County (N.M.)	מחוז דונה אנה (ניו מקסיקו)	85.3	[33.00056, -106.37611]	[32.312222, -106.778333]	1	geonames			Q112953	Q112953	True	extended	Q112953 P31=county of New Mexico	112.2	Doña Ana County	Doña Ana County	[32.312222, -106.778333]	[32.312222, -106.778333]	85.3	0.0	0.0	85.3	True	True	024	WD			0.0
987007561999905171	20260727-20260727	location-move	extended-feature	apply-new	high	two points on one Q486357 P31=county of Idaho (extent ~79 km)	Boise County (Idaho)	מחוז בויזי (איידהו)	11288	Boise County (Idaho)	מחוז בויזי (איידהו)	42.7	[44.29167, -115.37611]	[44.01, -115.74]	1	geonames			Q486357	Q486357	True	extended	Q486357 P31=county of Idaho	79.3	Boise County	Boise County	[44.01, -115.74]	[44.01, -115.74]	42.7	0.0	0.0	42.7	True	True	024	WD			0.0
987007559997405171	20260727-20260727	location-move	no-wd	research	low	no Wikidata id on either side	Woodstock (Ont.)	וודסטוק (אונטריו)	15343	Woodstock (Ont.)	וודסטוק (אונטריו)	4249.1	[46.15, -67.56667]	[51.93, -8.24944]	1	other					False																		0.0
987007560004305171	20260727-20260727	location-move	nli-coords-wrong	keep-existing+report	high	Wikidata Q569838 is 0 km from Kima, 44 km from NLI	Serock (Warsaw, Poland)	סרוצק (ורשה, פולין)	15085	Serock (Warsaw, Poland)	סרוצק (ורשה, פולין)	43.9	[52.24667, 21.54659]	[52.513055555556, 21.069444444444]	1	gooearth			Q569838	Q569838	True	point	Q569838 P31=city	4.0	Serock	Serock	[52.513055555556, 21.069444444444]	[52.513055555556, 21.069444444444]	43.9	0.0	0.0	43.9	True	True	024	WD	[52.24667, 21.1017]	$d 021.988660 -> 021.0988660	30.1
987007562383005171	20260727-20260727	location-move	no-wd	research	low	no Wikidata id on either side	Petrovka (R.S.F.S.R.)	פטרובקה (רוסיה : רפובליקה)	14690	Petrovka (R.S.F.S.R.)	פטרובקה (רוסיה)	3085.2	[60.83333, 28.83333]	[57.19083, 83.92639]	1	other					False																		0.0
987007567035605171	20260727-20260727	location-move	extended-feature	apply-new	high	two points on one Q1009154 P31=district of Tanzania (extent ~61 km)	Mbulu District (Tanzania)	מחוז מבולו (טנזניה)	14593	Mbulu District (Tanzania)	מחוז מבולו (טנזניה)	22.4	[-3.75, 35.33333]	[-3.95027, 35.311]	1	geonames				Q1009154	False	extended	Q1009154 P31=district of Tanzania	61.3		Mbulu District		[-3.85, 35.55]			28.8	26.5		True		geonames:154311			0.0
987007567509405171	20260727-20260727	location-move	nli-coords-wrong	keep-existing+report	medium	Kima geonames:2097853 -> Q753702 (Kima only) is 63 km from Kima, 170 km from NLI	East New Britain Province (Papua New Guinea)	פרובינציה מזרח בריטניה החדש (פפואה גינאה החדשה)	17680	East New Britain Province (Papua New Guinea)	מחוז מזרח בריטניה החדש (פפואה גינאה החדשה)	220.5	[-6.5, 152.5]	[-4.61283, 151.88775]	1	geonames				Q753702	False	extended	Q753702 P31=province of Papua New Guinea; move 220 km exceeds extent	141.5		East New Britain Province		[-5.1666666666667, 151.75]			63.4	169.9		True		geonames:2097853			0.0
987007567513705171	20260727-20260727	location-move	nli-coords-wrong	keep-existing+report	high	Wikidata Q2343396 is 0 km from Kima, 84 km from NLI	Parczew (Lublin, Poland)	פארצ'ב (לובלין, פולין)	17675	Parczew (Biała Podlaska, Poland)	פארצ'ב (בילה פודלסקה, פולין)	84.4	[52.30738, 23.4316]	[51.633333333333, 22.866666666667]	1	gooearth			Q2343396	Q2343396	True	point	Q2343396 P31=city	3.2	Parczew	Parczew	[51.633333333333, 22.866666666667]	[51.633333333333, 22.866666666667]	84.4	0.0	0.0	84.4	True	True	024	WD	[52.02915, 23.13828]	$d 023.651822 -> 023.0651822, $f 052.618288 -> 052.0618288	37.6
987007567510605171	20260727-20260727	location-move	extended-feature	apply-new	high	two points on one Q667468 P31=province of Papua New Guinea (extent ~161 km)	West New Britain Province (Papua New Guinea)	פרובינציה מערב ניו בריטן (פפואה גינאה החדשה)	17681	West New Britain Province (Papua New Guinea)	מחוז מערב ניו בריטן (פפואה גינאה החדשה)	104.1	[-5.0, 149.5]	[-5.87833, 149.82605]	1	geonames				Q667468	False	extended	Q667468 P31=province of Papua New Guinea	161.1		West New Britain Province		[-5.8333333333333, 150]			19.9	107.9		True		geonames:2083546			0.0
987007567497705171	20260727-20260727	location-move	extended-feature	apply-new	high	two points on one Q130625 P31=province of the Democratic Republic of the Congo (extent ~275 km)	Nord-Kivu (Congo)	נורד-קיוו (קונגו)	17708	Nord-Kivu (Congo)	נורד-קיוו (קונגו)	125.2	[-1.68333, 29.23333]	[-0.66667, 28.75]	1	geonet				Q130625	False	extended	Q130625 P31=province of the Democratic Republic of the Congo	275.2		North Kivu		[-0.55, 28.8]			14.1	134.9		True		geonames:206938			0.0
987007560248205171	20260727-20260727	location-move	kima-coords-wrong	apply-new	high	Wikidata Q153779 (NLI only) is 2 km from NLI, 117 km from Kima	Mülheim am Rhein (Cologne, Germany)	מולהיים (קלן, גרמניה)	16839	Mülheim am Rhein (Cologne, Germany)	מולהיים (קלן, גרמניה)	118.1	[50.97375, 6.99757]	[49.911388888889, 7.01]	1	gooearth			Q153779		False	point	Q153779 P31=city district of Cologne	8.2	Mülheim		[50.966666666667, 7.0166666666667]		1.6	117.3			True		024				0.5
987007567731305171	20260727-20260727	location-move	nli-034-dropped-zero	keep-existing+report	high	NLI 034 fraction lost a leading 0 ($g 052.834542 -> 052.0834542); corrected centre is 1.6 km from Kima	Otwock (Poland)	אוטבוצק (פולין)	741	Otwock (Poland)	אוטבוצק (פולין)	41.7	[52.49179, 21.29046]	[52.116666666667, 21.266666666667]	1	gooearth			Q745059	Q745059	True	point	Q745059 P31=urban municipality of Poland	7.8	Otwock	Otwock	[52.116666666667, 21.266666666667]	[52.116666666667, 21.266666666667]	41.7	0.0	0.0	41.7	True	True	024	WD	[52.11625, 21.29046]	$g 052.834542 -> 052.0834542	38.5
987007568883605171	20260727-20260727	location-move	homonym	apply-new	medium	"Kima WD -> Q866311 ""Mount Vernon"" is a same-named place 3765 km from the NLI point; NLI heading qualifier disambiguates"	Mount Vernon (Ga.)	מאונט ורנון (ג'ורג'יה)	25330	Mount Vernon (Ga.)	מאונט ורנון (ג'ורג'יה)	3765.4	[32.18139, -82.59389]	[48.42, -122.32611111111]	2	wikiped|gnis				Q866311	False	point	Q866311 P31=city in the United States / county seat	6.4		Mount Vernon		[48.42, -122.32611111111]			0.0	3765.4		True		WD			0.0
987007559990305171	20260727-20260727	location-move	nli-coords-wrong	keep-existing+report	high	Wikidata Q934815 is 0 km from Kima, 49 km from NLI	Horodło (Poland)	הורודלה (פולין)	13663	Horodło (Poland)	הורודלה (פולין)	49.0	[50.89437, 24.7312]	[50.88333, 24.03333]	1	gooearth			Q934815	Q934815	True	point	Q934815 P31=village of Poland		Horodło	Horodło	[50.88333, 24.03333]	[50.88333, 24.03333]	49.0	0.0	0.0	49.0	True	True	024	WD			4.3
987007567496305171	20260727-20260727	location-move	no-wd	research	low	no Wikidata id on either side	Primavera (Paraguay)	פרימוורה (פרגוואי)	17710	Primavera (Paraguay)	פרימוורה (פרגוואי)	5783.4	[-24.16667, -58.01667]	[22.79667, -81.03417]	1	geonames					False																		0.0
987007560357105171	20260727-20260727	location-move	extended-feature	apply-new	high	two points on one Q177308 P31=autonomous county (extent ~130 km)	Muli Zangzu Zizhixian (China)	מחוז טיבט מולי (סין)	16174	Muli Zangzu Zizhixian (China)	מחוז טיבט מולי (סין)	71.6	[27.83333, 101.25]	[28.3792, 100.86266]	1	other			Q177308	Q28794767	False	extended	Q177308 P31=autonomous county	129.7	Muli Tibetan Autonomous County	Muli Zangzu Zizhixian	[27.92967, 101.27861]	[28.3792, 100.86266]	11.1	64.5	0.0	71.6	True	True	024	geonames:1800288			0.0
987007567374905171	20260727-20260727	location-move	nli-coords-wrong	keep-existing+report	high	Wikidata Q638704 is 3 km from Kima, 39 km from NLI	Béchar (Algeria)	בכר (אלג'יריה)	15309	Bechar (Algeria)	בכר (אלג'יריה)	36.5	[31.81499, -1.87823]	[31.633333333333, -2.2]	1	gooearth			Q638704	Q638704	True	point	Q638704 P31=commune of Algeria / city; NLI 034 box half-diagonal 86 km	86.2	Béchar	Béchar	[31.61638888888889, -2.2183333333333333]	[31.61638888888889, -2.2183333333333333]	39.0	2.6	2.6	39.0	True	True	024	WD			86.2
987007566846305171	20260727-20260727	location-move	extended-feature	apply-new	high	two points on one Q58698 P31=county of Arizona (extent ~135 km)	Yuma County (Ariz.)	מחוז יומה (אריזונה)	84300	Yuma County (Ariz.)	מחוז יומה (אריזונה)	20.5	[32.75139, -113.7675]	[32.786944444444, -113.98277777778]	1	geonames			Q58698	Q58698	True	extended	Q58698 P31=county of Arizona	134.9	Yuma County	Yuma County	[32.786944444444, -113.98277777778]	[32.786944444444, -113.98277777778]	20.5	0.0	0.0	20.5	True	True	024	WD			0.0
987007567529405171	20260727-20260727	location-move	homonym	research	medium	"two same-named entities: NLI Q12193904 ""Mansouri"" vs Kima Q3286586 ""Mansourieh"""	Manṣūrī (Lebanon)	מנסורי (לבנון)	16316	Manṣūrī (Lebanon)	מנסורי (לבנון)	82.8	[33.1825, 35.19278]	[33.858055555556, 35.568611111111]	1	gooearth			Q12193904	Q3286586	False	point	Q12193904 P31=human settlement / village/town/city in Lebanon / municipality of Lebanon; Q3286586 P31=human settlement	1.9	Mansouri	Mansourieh	[33.173611111111114, 35.21]	[33.858055555556, 35.568611111111]	1.9	83.1	0.0	82.8	True	True	024	WD			3.6
987007567531005171	20260727-20260727	location-move	extended-feature	apply-new	high	two points on one Q669259 P31=province of Madagascar (extent ~437 km)	Mahajanga (Madagascar : Province)	מהאג'אנגה (מדגסקר : פרובינציה)	16341	Mahajanga (Madagascar : Province)	מהאג'אנגה (מדגסקר : פרובינציה)	84.5	[-17.0, 47.0]	[-16.75, 46.25]	1	other			Q669259	Q669259	True	extended	Q669259 P31=province of Madagascar; Kima LocationTypeId=2	437.1	Mahajanga Province	Mahajanga Province	[-16.75, 46.25]	[-16.75, 46.25]	84.5	0.0	0.0	84.5	True	True	024	WD			0.0
987007564435605171	20260727-20260727	location-move	nli-coords-wrong	keep-existing+report	high	Wikidata Q132754 is 0 km from Kima, 53 km from NLI	Erbil (Iraq)	ארביל (עיראק)	12037	Irbīl (Iraq)	ארביל (עיראק)	53.1	[36.36908, 44.55924]	[36.191111111111, 44.009444444444]	1	gooearth			Q132754	Q132754	True	point	Q132754 P31=city / big city; NLI 034 box half-diagonal 152 km	152.5	Erbil	Erbil	[36.191111111111, 44.009444444444]	[36.191111111111, 44.009444444444]	53.1	0.0	0.0	53.1	True	True	024	WD			152.5
987007564427205171	20260727-20260727	location-move	nli-coords-wrong	keep-existing+report	medium	Kima geonames:1791385 -> Q28795306 (Kima only) is 0 km from Kima, 28 km from NLI	Wenzhou Shi (China)	ונז'ו שי (סין)	12043	Wenzhou Shi (China)	ונז'ו שי (סין)	28.1	[28.01917, 120.65444]	[27.81496, 120.48519]	1	geonet				Q28795306	False					Wenzhou Shi		[27.81496, 120.48519]			0.0	28.1		True		geonames:1791385			0.0
987007564432705171	20260727-20260727	location-move	nli-coords-wrong	keep-existing+report	medium	Kima WD -> Q187136 (Kima only) is 0 km from Kima, 47 km from NLI	Luoyang Shi (China)	לוו-יאנג (סין)	12233	Luoyang Shi (China)	לוו-יאנג שי (סין)	47.1	[34.35806, 112.0625]	[34.65867, 112.42447]	1	geonames				Q187136	False	point	Q187136 P31=prefecture-level city of China / big city / former capital	139.3		Luoyang		[34.65867, 112.42447]			0.0	47.1		True		WD			0.0
987007564434105171	20260727-20260727	location-move	nli-coords-wrong	keep-existing+report	medium	Kima WD -> Q188022 (Kima only) is 0 km from Kima, 26 km from NLI	Mardin İli (Turkey)	מרדין אילי (טורקיה)	13098	Mardin Ili (Turkey)	מרדין (טורקיה : מחוז)	25.7	[37.41667, 41.0]	[37.316666666667, 40.737777777778]	1	other				Q188022	False	point	Q188022 P31=metropolitan municipality in Turkey / city / big city			Mardin		[37.31305555555556, 40.735]			0.5	26.1		True		WD			0.0
987007566691205171	20260727-20260727	location-move	extended-feature	apply-new	high	two points on one Q41070 P31=province of South Korea (extent ~102 km)	Ch'ungch'ŏng-namdo (Korea)	צ'ונג-צ'ונג-נמדו (קוריאה)	11771	Chʻungchʻŏng-namdo (Korea)	צ'ונג-צ'ונג-נמדו (קוריאה)	22.3	[36.5, 127.0]	[36.5, 126.75]	1	geonames			Q41070		False	extended	Q41070 P31=province of South Korea	102.2	South Chungcheong		[36.659268, 126.673005]		34.1	19.0			True		024				0.0
987007566714905171	20260727-20260727	location-move	nli-034-dropped-zero	keep-existing+report	high	NLI 034 fraction lost a leading 0 ($f 041.995376 -> 041.0995376, $g 041.736347 -> 041.0736347); corrected centre is 0.4 km from Kima	Serres (Greece)	סירס (יוון)	10838	Serrai (Greece)	סירס (יוון)	87.0	[41.86586, 23.54805]	[41.083333333333, 23.55]	1	gooearth			Q206957	Q206957	True	point	Q206957 P31=city	27.6	Serres	Serres	[41.083333333333, 23.55]	[41.083333333333, 23.55]	87.0	0.0	0.0	87.0	True	True	024	WD	[41.08659, 23.54805]	$f 041.995376 -> 041.0995376, $g 041.736347 -> 041.0736347	14.6
987007566695005171	20260727-20260727	location-move	no-wd	research	low	no Wikidata id on either side	Para (Suriname)	פרה (סורינאם)	11752	Para (Suriname)	פרה (סורינאם)	13717.4	[5.41667, -55.33333]	[-41.36827, 173.93018]	1	geonames					False																		0.0
987007566928005171	20260727-20260727	location-move	extended-feature	apply-new	high	two points on one Q7730 P31=autonomous oblast of Russia / federal subject of Russia (extent ~215 km)	Evreĭskai︠a︡ avtonomnai︠a︡ oblastʹ (Russia)	המחוז היהודי האוטונומי (רוסיה)	13615	Evreĭskai︠a︡ avtonomnai︠a︡ oblastʹ (Russia)	המחוז היהודי האוטונומי (רוסיה)	67.5	[48.78333, 132.93333]	[48.478611, 132.139167]	1	gooearth			Q7730	Q7730	True	extended	Q7730 P31=autonomous oblast of Russia / federal subject of Russia	214.9	Jewish Autonomous Oblast	Jewish Autonomous Oblast	[48.478611, 132.139167]	[48.478611, 132.139167]	67.5	0.0	0.0	67.5	True	True	024	WD			0.0
987007561967105171	20260727-20260727	location-move	extended-feature	apply-new	high	two points on one Q130626 P31=state of Nigeria (extent ~300 km)	Borno State (Nigeria)	מדינת בורנו (ניגריה)	6206	Borno State (Nigeria)	בורנו (ניגריה : מדינה)	66.4	[12.0, 12.66667]	[11.5, 13]	1	other			Q130626	Q130626	True	extended	Q130626 P31=state of Nigeria	300.4	Borno State	Borno State	[11.5, 13]	[11.5, 13]	66.4	0.0	0.0	66.4	True	True	024	WD			0.0
987007566846705171	20260727-20260727	location-move	extended-feature	apply-new	high	two points on one Q2753 P31=oblast of Russia / federal subject of Russia (extent ~225 km)	Ri︠a︡zanskai︠a︡ oblastʹ (Russia)	מחוז ריאזן (רוסיה)	10167	Riazanskaia oblast (Russia)	מחוז ריאזן (רוסיה)	65.0	[54.25, 40.5]	[54.616666666667, 39.716666666667]	1	geonames			Q2753	Q2746	False	extended	Q2753 P31=oblast of Russia / federal subject of Russia; Q2746 P31=administrative divisions of Russia / big city / city or town	224.5	Ryazan Oblast	Ryazan	[54.4, 40.6]	[54.63, 39.7425]	17.9	61.9	2.2	64.7	True	True	024	WD			0.0
987007566848205171	20260727-20260727	location-move	extended-feature	apply-new	high	two points on one Q156265 P31=county of New Mexico (extent ~135 km)	San Juan County (N.M.)	מחוז סן חואן (ניו מקסיקו)	10186	San Juan County (N.M.)	מחוז סן חואן (ניו מקסיקו)	84.2	[36.99917, -109.04083]	[36.51, -108.32]	1	geonames			Q156265		False	extended	Q156265 P31=county of New Mexico	134.8	San Juan County		[36.51, -108.32]		84.2	0.0			True		024				0.0
987007567164205171	20260727-20260727	location-move	extended-feature	apply-new	high	two points on one Q770297 P31=autonomous prefecture (extent ~196 km)	Qiandongnan Miaozu Dongzu Zizhizhou (China)	מחוז אוטונומי קיאנדונגנם מייאוזו דונגזו (סין)	75644	Qiandongnan Miaozu Dongzu Zizhizhou (China)	מחוז אוטונומי קיאנדונגנם מייאוזו דונגזו (סין)	62.1	[26.57389, 108.59917]	[26.5869, 107.97458]	1	geonames			Q770297	Q770297	True	extended	Q770297 P31=autonomous prefecture	196.4	Qiandongnan Miao and Dong Autonomous Prefecture	Qiandongnan Miao and Dong Autonomous Prefecture	[26.5869, 107.97458]	[26.5869, 107.97458]	62.1	0.0	0.0	62.1	True	True	024	WD			0.0
987007566855105171	20260727-20260727	location-move	nli-034-dropped-zero	keep-existing+report	high	NLI 034 fraction lost a leading 0 ($f 052.7361 -> 052.07361); corrected centre is 4.0 km from Kima	Międzyrzec Podlaski (Poland)	מזריץ' (פולין)	223	Międzyrzec Podlaski (Poland)	מזריץ' (פולין)	40.6	[52.34814, 22.77771]	[51.983333, 22.8]	1	gooearth			Q34267	Q34267	True	point	Q34267 P31=urban municipality of Poland	5.1	Międzyrzec Podlaski	Międzyrzec Podlaski	[51.983333, 22.8]	[51.983333, 22.8]	40.6	0.0	0.0	40.6	True	True	024	WD	[52.0169, 22.77771]	$f 052.7361 -> 052.07361	43.3
987007567164905171	20260727-20260727	location-move	kima-wd-wrong	apply-new	high	"Kima WD -> Q15382 = ""Krishna district"" does not match the name; NLI WD Q2283714 = ""Santa Bárbara"""	Santa Bárbara (Honduras : Department)	סנטה ברברה (הונדורס : מחוז)	76603	Santa Bárbara (Honduras : Department)	סנטה ברברה (הונדורס : מחוז)	16364.5	[14.91667, -88.23333]	[16.194444444444443, 81.14944444444444]	1	gooearth			Q2283714	Q15382	False	point	Q2283714 P31=city / municipality of Honduras; Q15382 P31=district of India	105.4	Santa Bárbara	Krishna district	[14.921644444444444, -88.23644722222222]	[16.194444444444443, 81.14944444444444]	0.6	16364.1	0.0	16364.5	True	False	024	WD			0.0
987007564539905171	20260727-20260727	location-move	nli-coords-wrong	keep-existing+report	high	Wikidata Q928099 is 0 km from Kima, 147 km from NLI	Chęciny (Województwo Świętokrzyskie, Poland)	חנטשין (מחוז שוויינטוקז'יסקיה, פולין)	11333	Chęiny (Województwo Święokrzyskie, Poland)	חנטשין (קילצה, פולין)	147.3	[50.81128, 20.4671]	[51.86833333, 21.74555556]	1	gooearth			Q928099	Q928099	True	point	Q928099 P31=village of Poland		Chęciny	Chęciny	[51.86833333, 21.74555556]	[51.86833333, 21.74555556]	147.3	0.0	0.0	147.3	True	True	024	WD			3.9
987007567226805171	20260727-20260727	location-move	nli-coords-wrong	keep-existing+report	high	Wikidata Q938536 is 1 km from Kima, 7172 km from NLI	Trancoso (Brazil)	טרנקוזו (ברזיל)	86844	Trancoso (Brazil)	טרנקוזו (ברזיל)	7171.5	[40.7833, -7.35]	[-16.59055556, -39.09583333]	1	gooearth			Q938536	Q938536	True	point	Q938536 P31=municipality district of Brazil		Trancoso	Trancoso	[-16.59252777777778, -39.102805555555555]	[-16.59252777777778, -39.102805555555555]	7172.0	0.8	0.8	7172.0	True	True	024	WD			0.0
987007567229305171	20260727-20260727	location-move	extended-feature	apply-new	medium	two points on one Q1471417 P31=district of India (extent unknown)	Jhalawar (India : District)	ג'אלוואר (הודו : מחוז)	16545	Jhalawar (India : District)	ג'אלוואר (הודו : מחוז)	22.8	[24.41667, 76.25]	[24.6, 76.15]	2	gooearth|geonames			Q1471417	Q1471417	True	extended	Q1471417 P31=district of India; Kima LocationTypeId=2		Jhalawar district	Jhalawar district	[24.6, 76.15]	[24.6, 76.15]	22.8	0.0	0.0	22.8	True	True	024	WD			0.0
987007566958205171	20260727-20260727	location-move	nli-coords-wrong	keep-existing+report	medium	Kima geonames:6555203 -> Q22969 (Kima only) is 0 km from Kima, 112 km from NLI	Maikammer (Germany)	מאיקאמר (גרמניה)	12096	Maikammer (Germany)	מאיקאמר (גרמניה)	111.7	[48.3, 8.13333]	[49.30471, 8.12527]	1	other				Q22969	False	point	Q22969 P31=municipality without town privileges in Germany	4.2		Maikammer		[49.306388888889, 8.1294444444444]			0.4	111.9		True		geonames:6555203			0.0
987007567119705171	20260727-20260727	location-move	homonym	apply-new	medium	"Kima WD -> Q26759507 ""Deli"" is a same-named place 2116 km from the NLI point; NLI heading qualifier disambiguates"	Labuhandeli (Indonesia)	לבוהאן דלי (אינדונזיה)	15226	Labuhandeli (Indonesia)	לבוהאן דלי (אינדונזיה)	2115.5	[3.75, 98.68333]	[4.1148, 117.7503]	1	other				Q26759507	False	extended	Q26759507 P31=mountain; move 2116 km exceeds extent			Deli		[4.1148, 117.7503]			0.0	2115.5		True		WD			0.0
987007562450905171	20260727-20260727	location-move	extended-feature	apply-new	high	two points on one Q243656 P31=province of Saudi Arabia (extent ~364 km)	Ḥāʼil (Saudi Arabia : Province)	חאיל (ערב הסעודית : פרובינציה)	15872	Ḥāʾil (Saudi Arabia : Province)	חאיל (ערב הסעודית : פרובינציה)	74.4	[27.5, 42.5]	[27, 42]	1	geonames			Q243656		False	extended	Q243656 P31=province of Saudi Arabia	363.7	Ḥaʼil Province		[27, 42]		74.4	0.0			True		024				0.0
987007562453005171	20260727-20260727	location-move	extended-feature	apply-new	high	two points on one Q276574 P31=governorate of Tunisia (extent ~92 km)	Qayrawān (Tunisia : Province)	קירואן (תוניסיה : פרובינציה)	83853	Qayrawān (Tunisia : Province)	קירואן (תוניסיה : פרובינציה)	25.8	[35.58333, 9.83333]	[35.666666666667, 10.1]	1	geonames			Q276574	Q276574	True	extended	Q276574 P31=governorate of Tunisia	92.4	Kairouan Governorate	Kairouan Governorate	[35.666666666667, 10.1]	[35.666666666667, 10.1]	25.8	0.0	0.0	25.8	True	True	024	WD			0.0
987007560151605171	20260727-20260727	location-move	no-wd	research	low	no Wikidata id on either side	Villingen (Germany)	וילינגן (גרמניה)	15065	Villingen (Germany)	וילינגן (גרמניה)	1353.8	[49.06667, 8.46667]	[60.4, 16.26667]	1	other					False																		0.0
987007567118505171	20260727-20260727	location-move	nli-034-dropped-zero	keep-existing+report	high	NLI 034 fraction lost a leading 0 ($d 018.917870 -> 018.0917870); corrected centre is 2.8 km from Kima	Mór (Hungary)	מור (הונגריה)	15151	Mór (Hungary)	מור (הונגריה)	29.8	[47.39325, 18.60282]	[47.371666666667, 18.208611111111]	1	gooearth			Q680963	Q680963	True	point	Q680963 P31=town in Hungary	11.8	Mór	Mór	[47.371666666667, 18.208611111111]	[47.371666666667, 18.208611111111]	29.8	0.0	0.0	29.8	True	True	024	WD	[47.39325, 18.18978]	$d 018.917870 -> 018.0917870	24.6
987007560239705171	20260727-20260727	location-move	nli-034-dropped-zero	keep-existing+report	high	NLI 034 fraction lost a leading 0 ($f 052.976873 -> 052.0976873, $g 052.193715 -> 052.0193715); corrected centre is 1.4 km from Kima	Mazyr (Belarus)	מוזיר (בלארוס)	16166	Mazyr (Homelʹskai︠a︡ voblastsʹ, Belarus)	מוזיר (מחוז הומל, בלארוס)	59.5	[52.58529, 29.24803]	[52.05, 29.233333333333]	1	gooearth			Q386487	Q386487	True	point	Q386487 P31=city of raion subordinance / big city	6.8	Mazyr	Mazyr	[52.05, 29.233333333333]	[52.05, 29.233333333333]	59.5	0.0	0.0	59.5	True	True	024	WD	[52.05853, 29.24803]	$f 052.976873 -> 052.0976873, $g 052.193715 -> 052.0193715	43.8
987007564316805171	20260727-20260727	location-move	kima-geonames-wrong	apply-new	high	"Kima geonames:2042710 -> Q705076 = ""Myonggan County"" does not match the name; NLI WD Q42160 = ""Hwaseong"""	Hwasŏng-gun (Korea)	הוואסונג-גון (קוריאה)	8249	Hwasŏng-gun (Korea)	הוואסונג-גון (קוריאה)	494.1	[37.25, 126.91667]	[41.25, 129.41667]	1	geonames			Q42160	Q705076	False	point	Q42160 P31=big city of South Korea / special-status city; Q705076 P31=county of North Korea	29.6	Hwaseong	Myonggan County	[37.2, 126.76666666667]	[41.25, 129.41666666667]	14.4	504.8	0.0	494.1	True	False	024	geonames:2042710			0.0
987007560546705171	20260727-20260727	location-move	nli-coords-wrong	keep-existing+report	high	Wikidata Q170295 is 0 km from Kima, 80 km from NLI	Ionian Islands (Greece)	איים איוניים (יוון)	1328	Ionian Islands (Greece)	איים איוניים (יוון)	79.8	[38.5, 20.5]	[37.8, 20.7]	1	gooearth			Q170295	Q170295	True	extended	Q170295 P31=island group / traditional geographic divisions of Greece; move 80 km exceeds extent	54.2	Ionian Islands	Ionian Islands	[37.8, 20.7]	[37.8, 20.7]	79.8	0.0	0.0	79.8	True	True	024	WD			0.0
987007564323305171	20260727-20260727	location-move	homonym	apply-new	medium	"Kima linked to a same-named entity elsewhere: Kima Q11025 ""Semarang"" is 967 km from NLI's self-consistent Q13544450 ""Semarang"""	Semarang (Indonesia)	סמרנג (אינדונזיה)	8827	Semarang (Indonesia)	סמרנג (אינדונזיה)	967.2	[-3.78945, 102.29781]	[-6.99, 110.4225]	1	gooearth			Q13544450	Q11025	False	point	Q13544450 P31=kelurahan; Q11025 P31=city of Indonesia / Kota Besar / Kotapraja	21.8	Semarang	Semarang	[-3.789449, 102.297815]	[-6.99, 110.4225]	0.0	967.2	0.0	967.2	True	True	024	WD			0.0
987007562661405171	20260727-20260727	location-move	homonym	apply-new	medium	"Kima geonames:8469241 -> Q2086273 ""Njombe Region"" is a same-named place 8998 km from the NLI point; NLI heading qualifier disambiguates"	Njombe (Tanzania)	נג'ומבה (טנזניה)	16761	Njombe (Tanzania)	נג'ומבה (טנזניה)	8997.5	[-90.33333, 34.76667]	[-9.41667, 34.75]	1	other				Q2086273	False	extended	Q2086273 P31=region of Tanzania; move 8998 km exceeds extent	164.9		Njombe Region		[-9.36666667, 34.9]			17.4	9003.1		True		geonames:8469241			0.0
987007561813405171	20260727-20260727	location-move	nli-coords-wrong	keep-existing+report	high	Wikidata Q219583 is 0 km from Kima, 85 km from NLI	Jadīdah (Morocco)	ג'דידה (מרוקו)	1001	Jadida (Morocco)	ג'דידה (מרוקו)	85.4	[33.53106, -7.67457]	[33.2342, -8.5228]	1	gooearth			Q219583	Q219583	True	point	Q219583 P31=city / urban commune of Morocco / big city	0.3	El Jadida	El Jadida	[33.2342, -8.5228]	[33.2342, -8.5228]	85.4	0.0	0.0	85.4	True	True	024	WD			1.2
987007564668505171	20260727-20260727	location-move	nli-coords-wrong	keep-existing+report	high	Wikidata Q107426 is 0 km from Kima, 478 km from NLI	Anjou (France)	אנז'ו (צרפת)	14733	Anjou (France)	אנז'ו (צרפת)	478.3	[45.35, 4.88333]	[47.466666666667, -0.55]	2	geonames|gooearth			Q107426	Q107426	True	extended	Q107426 P31=historical province of France; move 478 km exceeds extent		Anjou	Anjou	[47.466666666667, -0.55]	[47.466666666667, -0.55]	478.3	0.0	0.0	478.3	True	True	024	WD			2.4
987007567282705171	20260727-20260727	location-move	no-wd	research	low	no Wikidata id on either side (heading qualifier)	Shamālīyah (Sudan : State)	שמלייה (סודאן : מדינה)	15878	Shamālīyah (Sudan)	שמלייה (סודאן)	1359.5	[19.0, 30.0]	[21.65, 42.73333]	1	geonames					False	extended	heading qualifier; move 1360 km exceeds extent																0.0
987007567544605171	20260727-20260727	location-move	homonym	research	medium	"two same-named entities: NLI Q383170 ""Manica"" vs Kima Q622792 ""Manica Province"""	Manica (Mozambique : Province)	מניקה (מוזמביק : פרובינציה)	88813	Manica (Mozambique : Province)	מניקה (מוזמביק : פרובינציה)	74.2	[-18.93444, 32.87556]	[-19.5, 33.25]	1	gooearth			Q383170	Q622792	False	point	Q383170 P31=city / municipality of Mozambique / border city; Q622792 P31=province of Mozambique	281.6	Manica	Manica Province	[-18.934444444444, 32.875555555556]	[-19.5, 33.25]	0.0	74.2	0.0	74.2	True	True	024	WD			0.0
987007567544805171	20260727-20260727	location-move	extended-feature	apply-new	high	two points on one Q466547 P31=province of Mozambique (extent ~296 km)	Inhambane Province (Mozambique)	פרובינציה אינהמבנה (מוזמביק)	16352	Inhambane Province (Mozambique)	מחוז אינהמבנה (מוזמביק)	134.5	[-23.0, 34.5]	[-23.876430555556, 35.408544444444]	1	other			Q466547	Q3015312	False	extended	Q466547 P31=province of Mozambique; Q3015312 P31=airport / commercial traffic aerodrome / international airport	295.9	Inhambane Province	Inhambane Airport	[-23, 34.5]	[-23.876430555556, 35.408544444444]	0.0	134.5	0.0	134.5	True	True	024	WD			0.0
987007567541105171	20260727-20260727	location-move	homonym	apply-new	medium	"Kima linked to a same-named entity elsewhere: Kima Q729170 ""Bari"" is 3368 km from NLI's self-consistent Q707848 ""Bari"""	Bari (Somalia)	בארי (סומליה)	75344	Bari (Somalia)	בארי (סומליה)	3368.2	[26.63, 77.62]	[10.833333333333, 50.183333333333]	1	gooearth			Q707848	Q729170	False	point	Q707848 P31=city; Q729170 P31=region of Somalia	298.7	Bari	Bari	[26.63, 77.62]	[10.833333333333, 50.183333333333]	0.0	3368.2	0.0	3368.2	True	True	024	WD			0.0
987007561828205171	20260727-20260727	location-move	nli-coords-wrong	keep-existing+report	high	Wikidata Q996914 is 0 km from Kima, 133 km from NLI	Brühl (Baden-Württemberg, Germany)	בריל (באדן-וירטמברג, גרמניה)	87535	Brühl (Baden-Württemberg, Germany)	בריל (באדן-וירטמברג, גרמניה)	133.4	[49.4, 8.53333]	[50.3621, 9.64677]	1	other			Q996914	Q996914	True	point	Q996914 P31=human settlement		Brühl	Brühl	[50.3621, 9.64677]	[50.3621, 9.64677]	133.4	0.0	0.0	133.4	True	True	024	WD			0.0
987007567626905171	20260727-20260727	location-move	extended-feature	apply-new	high	two points on one Q184 P31=sovereign state / unitary state / social state / country / landlocked country (extent ~514 km)	Belarus	בלארוס	17986	Belarus	בלארוס	21.5	[53.0, 28.0]	[53.528333333333, 28.046666666667]	2	geonames|gooearth			Q184	Q184	True	extended	Q184 P31=sovereign state / unitary state / social state / country / landlocked country; Kima LocationTypeId=2; NLI 034 box half-diagonal 417 km	514.1	Belarus	Belarus	[53.528333333333, 28.046666666667]	[53.528333333333, 28.046666666667]	58.8	0.0	0.0	58.8	True	True	024	WD			416.8
987007567629005171	20260727-20260727	location-move	extended-feature	apply-new	high	two points on one Q1004067 P31=bay (extent ~265 km)	Frobisher Bay (N.W.T.)	פרובישר ביי (הטריטוריות הצפון-מערביות)	17951	Frobisher Bay (N.W.T.)	פרובישר ביי (טריטוריה הצפון-מערבית)	138.6	[63.73333, -68.5]	[62.83378, -66.58097]	1	other				Q1004067	False	extended	Q1004067 P31=bay	265.0		Frobisher Bay		[62.833333333333, -66.583333333333]			0.1	138.5		True		geonames:5958389			0.0
987007562760205171	20260727-20260727	location-move	homonym	apply-new	medium	"Kima geonames:2883895 -> Q696820 ""Krina"" is a same-named place 4752 km from the NLI point; NLI heading qualifier disambiguates"	Krina (Mali)	קרינה (מאלי)	16461	Krina (Mali)	קרינה (מאלי)	4751.7	[12.31667, -8.15]	[51.65483, 12.48713]	1	other				Q696820	False	point	Q696820 P31=Ortsteil	4.4		Krina		[51.649722222222, 12.483055555556]			0.6	4751.1		True		geonames:2883895			0.0
987007562276505171	20260727-20260727	location-move	extended-feature	apply-new	medium	two points on one Q1186029 P31=community and regional governments (extent unknown)	Flanders (Belgium)	פלנדריה (בלגיה)	13729	Flanders (Belgium)	פלנדריה (בלגיה)	87.5	[51.0, 3.25]	[51, 4.5]	1	other			Q1186029	Q234	False	extended	Q1186029 P31=community and regional governments; Q234 P31=ethnic territory		Flemish Government	Flanders		[51, 4.5]			0.0	87.5	False	True	024	WD			0.0
987007566857905171	20260727-20260727	location-move	nli-034-dropped-zero	keep-existing+report	high	NLI 034 fraction lost a leading 0 ($e 083.607605 -> 083.0607605); corrected centre is 2.2 km from Kima	Vārānasi (Uttar Pradesh, India)	ורנאסי (אוטר פראדש, הודו)	10817	Vārānasi (Uttar Pradesh, India)	ורנאסי (אוטאר פראדש, הודו)	25.3	[25.32076, 83.26453]	[25.318888888889, 83.012777777778]	1	gooearth			Q79980	Q79980	True	point	Q79980 P31=city / holy city	10.2	Varanasi	Varanasi	[25.318888888889, 83.012777777778]	[25.318888888889, 83.012777777778]	25.3	0.0	0.0	25.3	True	True	024	WD	[25.32076, 82.99111]	$e 083.607605 -> 083.0607605	35.5
987007566859705171	20260727-20260727	location-move	extended-feature	apply-new	high	two points on one Q54955 P31=province of Spain (extent ~137 km)	Teruel (Spain : Province)	טרואל (ספרד : פרובינציה)	10842	Teruel (Spain : Province)	טרואל (ספרד : פרובינציה)	45.3	[40.66667, -0.66667]	[40.4667, -1.1333]	1	gooearth			Q54955	Q163303	False	extended	Q54955 P31=province of Spain; Q163303 P31=comarca of Aragon; Kima LocationTypeId=2	137.3	Teruel Province	Teruel Community	[40.666666666667, -0.66666666666667]	[40.4667, -1.1333]	0.0	45.3	0.0	45.3	True	True	024	WD			0.0
987007562098805171	20260727-20260727	location-move	no-wd	research	low	no Wikidata id on either side	Lewiston (N.Y.)	לויסטון (ניו יורק)	14688	Lewiston (N.Y.)	לויסטון (ניו יורק)	1690.8	[43.1725, -79.03583]	[30.94129, -90.42232]	1	geonames					False																		0.0
987007562086705171	20260727-20260727	location-move	nli-034-dropped-zero	keep-existing+report	high	NLI 034 fraction lost a leading 0 ($f 009.856549 -> 009.0856549); corrected centre is 8.4 km from Kima	Addis Ababa (Ethiopia)	אדיס אבבה (אתיופיה)	7917	Addis Ababa (Ethiopia)	אדיס אבבה (אתיופיה)	36.0	[9.34862, 38.77814]	[9.0272222222222, 38.736944444444]	1	gooearth			Q3624	Q3624	True	point	Q3624 P31=region of Ethiopia / federal capital / human settlement / city	25.9	Addis Ababa	Addis Ababa	[9.035833333333333, 38.7525]	[9.035833333333333, 38.7525]	34.9	2.0	2.0	34.9	True	True	024	WD	[8.96318, 38.77814]	$f 009.856549 -> 009.0856549	58.0
987007562351605171	20260727-20260727	location-move	nli-034-dropped-zero	keep-existing+report	high	NLI 034 fraction lost a leading 0 ($f 039.491 -> 039.0491); corrected centre is 3.0 km from Kima	Játiva (Spain)	שטיבה (ספרד)	14291	Játiva (Spain)	שטיבה (ספרד)	27.5	[39.23632, -0.52181]	[38.9887291, -0.5191539]	1	gooearth			Q738013	Q738013	True	point	Q738013 P31=municipality of Spain / municipality of the Valencian Community	9.9	Xàtiva	Xàtiva	[38.9887291, -0.5191539]	[38.9887291, -0.5191539]	27.5	0.0	0.0	27.5	True	True	024	WD	[39.01537, -0.52181]	$f 039.491 -> 039.0491	28.4
987007567552405171	20260728-20260803	location-move	homonym	apply-new	medium	"Kima linked to a same-named entity elsewhere: Kima Q734074 ""Ganges"" is 8104 km from NLI's self-consistent Q5089 ""Ganges"""	Ganges (France)	גנגס (צרפת)	76647	Ganges (France)	גנגס (צרפת)	8104.2	[22.0833, 90.8333]	[43.934166666667, 3.7083333333333]	1	gooearth			Q5089	Q734074	False	extended	Q5089 P31=river / sacred river; Q734074 P31=commune of France; move 8104 km exceeds extent	2525.0	Ganges	Ganges	[22, 90.9]	[43.934166666667, 3.7083333333333]	11.5	8115.5	0.0	8104.2	True	True	024	WD			0.0
987007561902705171	20260728-20260803	location-move	nli-coords-wrong	keep-existing+report	high	Wikidata Q186254 is 0 km from Kima, 34 km from NLI	Khaskovo (Bulgaria)	חאסקובו (בולגריה)	9921	Khaskovo (Bulgaria)	חאסקובו (בולגריה)	34.3	[41.76302, 25.89925]	[41.93465, 25.55556]	1	gooearth			Q186254	Q186254	True	point	Q186254 P31=municipality seat / oblast seat / city in Bulgaria / average city; NLI 034 box half-diagonal 75 km	75.3	Haskovo	Haskovo	[41.93465, 25.55556]	[41.93465, 25.55556]	34.3	0.0	0.0	34.3	True	True	024	WD			75.3
987007564798905171	20260728-20260803	location-move	nli-coords-wrong	keep-existing+report	high	Wikidata Q60817046 is 0 km from Kima, 117 km from NLI	Hāora (India)	האורה (הודו)	84985	Hāora (India)	האורה (הודו)	117.3	[22.6214, 88.30433]	[23.38642, 87.51565]	1	gooearth			Q60817046	Q60817046	True	point	Q60817046 P31=village in India		Haora	Haora	[23.38642, 87.51565]	[23.38642, 87.51565]	117.3	0.0	0.0	117.3	True	True	024	WD			0.0
987007560015905171	20260728-20260803	location-move	extended-feature	apply-new	high	two points on one Q134417 P31=province of Iran (extent ~193 km)	Markazī (Iran)	מרכזי (איראן)	15112	Markazī (Iran)	מרכזי (איראן)	141.2	[35.16667, 51.0]	[34.33333, 49.83333]	1	geonames			Q134417	Q134417	True	extended	Q134417 P31=province of Iran	192.6	Markazi Province	Markazi Province	[34.618611111111115, 49.94416666666667]	[34.618611111111115, 49.94416666666667]	114.0	33.3	33.3	114.0	True	True	024	geonames:124763			0.0
987007564736505171	20260728-20260803	location-move	nli-034-dropped-zero	keep-existing+report	high	NLI 034 fraction lost a leading 0 ($d 018.895120 -> 018.0895120); corrected centre is 3.5 km from Kima	Dombóvár (Hungary)	דומבובאר (הונגריה)	14278	Dombóvár (Hungary)	דומבובאר (הונגריה)	33.2	[46.40149, 18.56217]	[46.376888, 18.131007]	1	gooearth			Q633789	Q633789	True	point	Q633789 P31=town in Hungary	10.0	Dombóvár	Dombóvár	[46.376888, 18.131007]	[46.376888, 18.131007]	33.2	0.0	0.0	33.2	True	True	024	WD	[46.40149, 18.15937]	$d 018.895120 -> 018.0895120	26.6
987007564736405171	20260728-20260803	location-move	nli-034-dropped-zero	keep-existing+report	high	NLI 034 fraction lost a leading 0 ($f 048.414920 -> 048.0414920); corrected centre is 1.3 km from Kima	Fehérgyarmat (Hungary)	פהרג'רמט (הונגריה)	14280	Fehérgyarmat (Hungary)	פהרג'רמט (הונגריה)	22.1	[48.18332, 22.51599]	[47.985, 22.516944444444]	1	gooearth			Q745657	Q745657	True	point	Q745657 P31=town in Hungary	8.2	Fehérgyarmat	Fehérgyarmat	[47.985, 22.516944444444]	[47.985, 22.516944444444]	22.1	0.0	0.0	22.1	True	True	024	WD	[47.9966, 22.51599]	$f 048.414920 -> 048.0414920	26.1
987007564343005171	20260728-20260803	location-move	nli-034-dropped-zero	keep-existing+report	high	NLI 034 fraction lost a leading 0 ($d 013.527882 -> 013.0527882, $e 013.853987 -> 013.0853987); corrected centre is 0.6 km from Kima	Camerino (Italy)	קמרינו (איטליה)	7761	Camerino (Italy)	קמרינו (איטליה)	50.7	[43.13831, 13.69093]	[43.133333333333, 13.066666666667]	1	gooearth			Q73489	Q73489	True	point	Q73489 P31=comune of Italy	12.9	Camerino	Camerino	[43.133333333333, 13.066666666667]	[43.133333333333, 13.066666666667]	50.7	0.0	0.0	50.7	True	True	024	WD	[43.13831, 13.06909]	$d 013.527882 -> 013.0527882, $e 013.853987 -> 013.0853987	13.3
987007560069505171	20260728-20260803	location-move	nli-034-dropped-zero	keep-existing+report	high	NLI 034 fraction lost a leading 0 ($g 051.836979 -> 051.0836979); corrected centre is 1.3 km from Kima	Fritzlar (Germany)	פריצלאר (גרמניה)	14492	Fritzlar (Germany)	פריצלאר (גרמניה)	42.9	[51.51875, 9.278]	[51.13333333333333, 9.266666666666667]	1	gooearth			Q492503	Q492503	True	point	Q492503 P31=town / urban municipality in Germany	10.6	Fritzlar	Fritzlar	[51.13333333333333, 9.266666666666667]	[51.13333333333333, 9.266666666666667]	42.9	0.0	0.0	42.9	True	True	024	WD	[51.14211, 9.278]	$g 051.836979 -> 051.0836979	36.0
987007567354305171	20260728-20260803	location-move	nli-coords-wrong	keep-existing+report	medium	Wikidata Q556944 (NLI only) is 0 km from Kima, 29 km from NLI	Krobia (Leszno, Poland)	קרוביה (פולין)	16939	Krobia (Leszno, Poland)	קרוביה (פולין)	29.1	[51.84406, 16.5756]	[51.775, 16.983333333333334]	1	gooearth			Q556944		False	point	Q556944 P31=city	3.0	Krobia		[51.775, 16.983333333333334]		29.1	0.0			True		024				5.3
987007562251505171	20260728-20260803	location-move	nli-034-dropped-zero	keep-existing+report	high	NLI 034 fraction lost a leading 0 ($e 005.359371 -> 005.0359371, $f 044.696160 -> 044.0696160); corrected centre is 0.9 km from Kima	Monteux (France)	מונטה (צרפת)	13017	Monteux (France)	מונטה (צרפת)	36.5	[44.34629, 5.1479]	[44.03618, 4.9963]	1	gooearth					False																[44.03302, 4.98618]	$e 005.359371 -> 005.0359371, $f 044.696160 -> 044.0696160	42.4
987007560162605171	20260728-20260803	location-move	nli-034-dropped-zero	keep-existing+report	high	NLI 034 fraction lost a leading 0 ($f 053.529773 -> 053.0529773); corrected centre is 0.7 km from Kima	Slutsk (Belarus)	סלוצק (בלארוס)	104	Slutsk (Belarus)	סלוצק (בלארוס)	27.2	[53.26086, 27.54504]	[53.016666666667, 27.55]	1	gooearth			Q201243	Q201243	True	point	Q201243 P31=city of raion subordinance	5.6	Slutsk	Slutsk	[53.016666666667, 27.55]	[53.016666666667, 27.55]	27.2	0.0	0.0	27.2	True	True	024	WD	[53.02247, 27.54504]	$f 053.529773 -> 053.0529773	30.1
987007564350605171	20260728-20260803	location-move	extended-feature	apply-new	high	two points on one Q44754 P31=province of Argentina / electoral unit / sovereign state (extent ~626 km)	Buenos Aires (Argentina : Province)	בואנוס איירס (ארגנטינה : פרובינציה)	7921	Buenos Aires (Argentina : Province)	בואנוס איירס (ארגנטינה : פרובינציה)	106.6	[-36.15722, -60.56972]	[-37, -60]	1	gooearth			Q44754	Q44754	True	extended	Q44754 P31=province of Argentina / electoral unit / sovereign state; Kima LocationTypeId=2	625.8	Buenos Aires Province	Buenos Aires Province	[-37, -60]	[-37, -60]	106.6	0.0	0.0	106.6	True	True	024	WD			0.0
987007560104105171	20260728-20260803	location-move	extended-feature	apply-new	medium	two points on one Q32171899 P31=river (extent unknown)	Pattani (Thailand)	פאתני (תאילנד)	16953	Pattani (Thailand)	פאתני (תאילנד)	132.2	[6.86667, 101.26667]	[5.6833333333333, 101.15]	1	other				Q32171899	False	extended	Q32171899 P31=river			Ai Langkasuka		[5.6833333333333, 101.15]			0.0	132.2		True		WD			0.0
987007560247005171	20260728-20260803	location-move	nli-034-dropped-zero	keep-existing+report	high	NLI 034 fraction lost a leading 0 ($g 050.526260 -> 050.0526260); corrected centre is 0.0 km from Kima	Brody (Lʹvivsʹka oblastʹ, Ukraine)	ברודי (מחוז לביב, אוקראינה)	677	Brody (Ukraine)	ברודי (אוקראינה)	26.3	[50.31487, 25.15408]	[50.078055555556, 25.154166666667]	1	gooearth			Q465104	Q465104	True	point	Q465104 P31=city in Ukraine	3.3	Brody	Brody	[50.078055555556, 25.154166666667]	[50.078055555556, 25.154166666667]	26.3	0.0	0.0	26.3	True	True	024	WD	[50.07805, 25.15408]	$g 050.526260 -> 050.0526260	23.6
987007562382405171	20260728-20260803	location-move	homonym	research	medium	"two same-named entities: NLI Q1020261 ""Higüey"" vs Kima Q16892919 ""Jigüey Dam"""	Higüey (Dominican Republic)	היגואי (הרפובליקה הדומיניקנית)	14691	Higüey (Dominican Republic)	היגואי (רפובליקה דומיניקנית)	175.8	[18.61806, -68.71111]	[18.5466, -70.3773]	1	gooearth			Q1020261	Q16892919	False	point	Q1020261 P31=municipality of the Dominican Republic / city; Q16892919 P31=dam / hydroelectric power station	50.8	Higüey	Jigüey Dam	[18.618055555556, -68.711111111111]	[18.5466, -70.3773]	0.0	175.8	0.0	175.8	True	True	024	WD			0.0
987007564445805171	20260728-20260803	location-move	nli-034-dropped-zero	keep-existing+report	high	NLI 034 fraction lost a leading 0 ($d 004.991989 -> 004.0991989); corrected centre is 0.2 km from Kima	Lunel (France)	לוניל (צרפת)	12204	Lunel (France)	לוניל (צרפת)	35.7	[43.67802, 4.5793]	[43.676944444444, 4.1352777777778]	1	gooearth				Q318082	False	point	Q318082 P31=commune of France	5.5		Lunel		[43.676944444444, 4.1352777777778]			0.0	35.7		True		WD	[43.67802, 4.1329]	$d 004.991989 -> 004.0991989	33.5
987007562216305171	20260728-20260803	location-move	no-wd	research	low	no Wikidata id on either side	Sayyālah (Egypt)	סיילה (מצרים)	14181	Sayyālah (Egypt)	סיילה (מצרים)	886.4	[22.98333, 32.65]	[15.01667, 32.36667]	1	geonames					False																		0.0
987007560358905171	20260728-20260803	location-move	nli-coords-wrong	keep-existing+report	high	Wikidata Q2995176 is 0 km from Kima, 112 km from NLI	Radunʹ (Belarus)	רדין (בלארוס)	16171	Radunʹ (Belarus)	רדין (בלארוס)	111.7	[53.4541, 26.36187]	[54.05305555555555, 24.997777777777777]	1	gooearth			Q2995176	Q2995176	True	point	Q2995176 P31=urban settlement in Belarus		Raduń	Raduń	[54.05305555555555, 24.997777777777777]	[54.05305555555555, 24.997777777777777]	111.7	0.0	0.0	111.7	True	True	024	WD			1.2
987007565278505171	20260728-20260803	location-move	nli-034-dropped-zero	keep-existing+report	high	NLI 034 fraction lost a leading 0 ($f 050.581280 -> 050.0581280); corrected centre is 2.4 km from Kima	Hochheim am Main (Germany)	הוכהיים אם מיין (גרמניה)	16330	Hochheim am Main (Germany)	הוכהיים אם מיין (גרמניה)	31.0	[50.28915, 8.37156]	[50.01083333333333, 8.350763888888888]	1	gooearth			Q632750	Q632750	True	point	Q632750 P31=wine producing locality / urban municipality in Germany	5.0	Hochheim am Main	Hochheim am Main	[50.01083333333333, 8.350763888888888]	[50.01083333333333, 8.350763888888888]	31.0	0.0	0.0	31.0	True	True	024	WD	[50.02758, 8.37156]	$f 050.581280 -> 050.0581280	32.6
987007562550005171	20260728-20260803	location-move	nli-034-dropped-zero	keep-existing+report	high	NLI 034 fraction lost a leading 0 ($f 048.910835 -> 048.0910835); corrected centre is 3.5 km from Kima	Breisach am Rhein (Germany)	ברייסך אם ריין (גרמניה)	16910	Breisach am Rhein (Germany)	ברייסך אם ריין (גרמניה)	45.0	[48.43249, 7.6268]	[48.028888888889, 7.58]	1	gooearth			Q489911	Q489911	True	point	Q489911 P31=town / European City / urban municipality in Germany / medium regional center	8.3	Breisach	Breisach	[48.028888888889, 7.58]	[48.028888888889, 7.58]	45.0	0.0	0.0	45.0	True	True	024	WD	[48.02262, 7.6268]	$f 048.910835 -> 048.0910835	53.4
987007564489505171	20260728-20260803	location-move	nli-034-dropped-zero	keep-existing+report	high	NLI 034 fraction lost a leading 0 ($e 005.622690 -> 005.0622690); corrected centre is 0.3 km from Kima	Crest (France)	קרסט (צרפת)	11894	Crest (France)	קרסט (צרפת)	22.1	[44.73113, 5.30135]	[44.728333333333, 5.0222222222222]	1	gooearth			Q327259	Q327259	True	point	Q327259 P31=commune of France	5.5	Crest	Crest	[44.728333333333, 5.0222222222222]	[44.728333333333, 5.0222222222222]	22.1	0.0	0.0	22.1	True	True	024	WD	[44.73113, 5.02114]	$e 005.622690 -> 005.0622690	25.6
987007562209605171	20260728-20260803	location-move	nli-034-dropped-zero	keep-existing+report	high	NLI 034 fraction lost a leading 0 ($e 009.233562 -> 009.0233562, $f 050.622320 -> 050.0622320); corrected centre is 1.8 km from Kima	Seligenstadt (Hesse, Germany)	סליגנשטט (הסה, גרמניה)	14154	Seligenstadt (Hesse, Germany)	סליגנשטט (הסה, גרמניה)	30.2	[50.3092, 9.06944]	[50.044097222222, 8.9753472222222]	1	gooearth			Q516529	Q516529	True	point	Q516529 P31=town / urban municipality in Germany	6.3	Seligenstadt	Seligenstadt	[50.044097222222, 8.9753472222222]	[50.044097222222, 8.9753472222222]	30.2	0.0	0.0	30.2	True	True	024	WD	[50.02916, 8.96434]	$e 009.233562 -> 009.0233562, $f 050.622320 -> 050.0622320	36.7
987007560146505171	20260728-20260803	location-move	nli-coords-wrong	keep-existing+report	medium	Wikidata Q20141185 (NLI only) is 0 km from Kima, 275 km from NLI	Gómez Farías (Michoacán de Ocampo, Mexico)	גומז פאריאס (מיצ'ואקאן דה אוקמפו, מקסיקו)	15071	Gómez Farías (Michoacán de Ocampo, Mexico)	גומז פאריאס (מיצ'ואקאן דה אוקמפו, מקסיקו)	274.8	[19.91667, -102.15]	[18.01898, -100.47523]	1	geonames			Q20141185		False	point	Q20141185 P31=human settlement		Gómez Farías		[18.01898, -100.47523]		274.8	0.0			True		024				0.0
987007565081505171	20260728-20260803	location-move	extended-feature	apply-new	high	two points on one Q1135612 P31=district of India (extent ~115 km)	Satara (India : District)	סטארה (הודו : מחוז)	16767	Satara (India : District)	סטארה (הודו : מחוז)	22.2	[17.5, 74.0]	[17.7, 74]	1	geonames				Q1135612	False	extended	Q1135612 P31=district of India; Kima LocationTypeId=2	115.5		Satara district		[17.7, 74]			0.0	22.2		True		WD			0.0
987007564692605171	20260728-20260803	location-move	homonym	research	medium	"two same-named entities: NLI Q3658195 ""Turda"" vs Kima Q16898198 ""Turda"""	Turda (Romania)	טורדה (רומניה)	15128	Turda (Romania)	טורדה (רומניה)	412.7	[46.5601, 23.8123]	[44.97501, 28.624022]	1	gooearth			Q3658195	Q16898198	False	point	Q3658195 P31=village; Q16898198 P31=constituent locality / municipality seat of Romania / human settlement		Turda	Turda	[44.97501, 28.624022]	[46.566666666667, 23.783333333333]	412.7	0.0	415.0	2.3	True	True	024	geonames:664460			6.7
987007564660405171	20260728-20260803	location-move	nli-coords-wrong	keep-existing+report	medium	Kima geonames:2017059 -> Q1016717 (Kima only) is 1 km from Kima, 102 km from NLI	Selenginsk (Russia)	סלנגינסק (רוסיה)	14545	Selenginsk (Russia)	סלנגינסק (רוסיה)	102.2	[51.1, 106.61667]	[52.00639, 106.86472]	1	other				Q1016717	False	point	Q1016717 P31=administrative divisions of Russia / urban-type settlement in Russia			Selenginsk		[52, 106.86666666667]			0.7	101.6		True		geonames:2017059			0.0
987007562576505171	20260728-20260803	location-move	extended-feature	apply-new	high	two points on one Q36690 P31=province of Vietnam (extent ~152 km)	Đắk Lắk (Vietnam : Province)	דאקלאק (וייטנאם : פרובינציה)	72341	Đắk Lắk (Vietnam : Province)	דאקלאק (וייטנאם : פרובינציה)	23.6	[12.75, 108.25]	[12.666666666667, 108.05]	1	gooearth			Q36690	Q36690	True	extended	Q36690 P31=province of Vietnam	151.8	Đắk Lắk	Đắk Lắk	[12.666666666667, 108.05]	[12.666666666667, 108.05]	23.6	0.0	0.0	23.6	True	True	024	WD			0.0
987007564309205171	20260728-20260803	location-move	homonym	research	medium	"two same-named entities: NLI Q3651 ""Aysén"" vs Kima Q201126 ""Aysén Province"""	Aisén (Chile : Province)	אייזן (צ'ילה : פרובינציה)	82023	Aisén (Chile : Province)	אייזן (צ'ילה : פרובינציה)	87.7	[-45.4, -72.7]	[-44.916666666667, -73.583333333333]	1	gooearth			Q3651	Q201126	False	point	Q3651 P31=commune of Chile; Q201126 P31=province of Chile	243.6	Aysén	Aysén Province	[-45.4, -72.7]	[-44.916666666667, -73.583333333333]	0.0	87.7	0.0	87.7	True	True	024	WD			0.0
987007564314905171	20260728-20260803	location-move	kima-wd-wrong	research	medium	"Kima WD -> Q156726 = ""Ivano-Frankivsk"" does not match the name"	Stanislav (Ukraine)	סטניסלב (אוקראינה)	526	Stanislav (Ukraine)	סטניסלב (אוקראינה)	614.1	[46.57083, 32.14972]	[48.922777777778, 24.710555555556]	2	geonames|gooearth				Q156726	False	point	Q156726 P31=city of regional significance of Ukraine / city or town / big city	12.3		Ivano-Frankivsk		[48.922777777778, 24.710555555556]			0.0	614.3		False		WD			2.0
987007567047105171	20260728-20260803	location-move	nli-034-dropped-zero	keep-existing+report	high	NLI 034 fraction lost a leading 0 ($g 049.791167 -> 049.0791167); corrected centre is 1.1 km from Kima	Crailsheim (Germany)	קריילסהיים (גרמניה)	14619	Crailsheim (Germany)	קריילסהיים (גרמניה)	39.4	[49.48862, 10.05571]	[49.134722222222, 10.070555555556]	1	gooearth			Q16048	Q16048	True	point	Q16048 P31=urban municipality in Germany / Greater district town in Baden-Württemberg	11.5	Crailsheim	Crailsheim	[49.134722222222, 10.070555555556]	[49.134722222222, 10.070555555556]	39.4	0.0	0.0	39.4	True	True	024	WD	[49.13259, 10.05571]	$g 049.791167 -> 049.0791167	34.6
987007566833805171	20260728-20260803	location-move	no-wd	research	low	no Wikidata id on either side	Hamburg-Harburg (Hamburg, Germany)	המבורג-הרבורג (המבורג, גרמניה)	79172	Hamburg-Harburg (Hamburg, Germany)	המבורג-הרבורג (המבורג, גרמניה)	23.8	[53.46189, 10.32146]	[53.4485629, 10.68002]	1	gooearth					False																[53.46189, 10.01546]	$e 010.68002 -> 010.068002	23.8
987007562110305171	20260728-20260803	location-move	nli-034-dropped-zero	keep-existing+report	high	NLI 034 fraction lost a leading 0 ($d 010.9070 -> 010.09070, $f 050.438419 -> 050.0438419); corrected centre is 1.4 km from Kima	Werneck (Germany)	ורנק (גרמניה)	13007	Werneck (Germany)	ורנק (גרמניה)	37.8	[50.18347, 10.52762]	[49.983333333333, 10.1]	1	gooearth			Q526691	Q526691	True	point	Q526691 P31=market municipality of Germany / municipality without town privileges in Germany	9.7	Werneck	Werneck	[49.983333333333, 10.1]	[49.983333333333, 10.1]	37.8	0.0	0.0	37.8	True	True	024	WD	[49.98618, 10.11947]	$d 010.9070 -> 010.09070, $f 050.438419 -> 050.0438419	39.1
987007567614305171	20260728-20260803	location-move	extended-feature	apply-new	high	two points on one Q130566 P31=province of the Democratic Republic of the Congo (extent ~411 km)	Maniema (Congo)	מניימה (קונגו)	17961	Maniema (Congo)	מניימה (קונגו)	354.0	[-1.18333, 28.61667]	[-3, 26]	1	geonames				Q130566	False	extended	Q130566 P31=province of the Democratic Republic of the Congo	410.8		Maniema		[-2.95, 25.95]			7.9	355.5		True		geonames:209610			0.0
987007562239605171	20260728-20260803	location-move	extended-feature	apply-new	high	two points on one Q486144 P31=region of Kazakhstan (extent ~399 km)	Pavlodar oblysy (Kazakhstan)	מחוז פבלודר (קזחסטן)	14748	Pavlodar oblysy (Kazakhstan)	מחוז פבלודר (קזחסטן)	72.9	[52.0, 76.0]	[52.3, 76.95]	1	geonames			Q486144	Q486144	True	extended	Q486144 P31=region of Kazakhstan	398.6	Pavlodar Region	Pavlodar Region	[52.3, 76.95]	[52.3, 76.95]	72.9	0.0	0.0	72.9	True	True	024	WD			0.0
987007600144505171	20260728-20260803	location-move	nli-coords-wrong	keep-existing+report	medium	Kima geonames:3167119 -> Q30030422 (Kima only) is 0 km from Kima, 34 km from NLI	Sarnano (Italy)	סרנאנו (איטליה)	24737	Sarnano (Italy)	סרנאנו (איטליה)	34.5	[43.34529, 13.29807]	[43.03475, 13.29818]	1	gooearth				Q30030422	False	point	Q30030422 P31=municipality seat			Sarnano		[43.03475, 13.29818]			0.0	34.5		True		geonames:3167119			6.5
987007562083805171	20260728-20260803	location-move	extended-feature	apply-new	high	two points on one Q493250 P31=county of New Mexico (extent ~134 km)	McKinley County (N.M.)	מחוז מקינלי (ניו מקסיקו)	8897	McKinley County (N.M.)	מחוז מקינלי (ניו מקסיקו)	78.4	[35.9, -109.03389]	[35.58, -108.26]	1	geonames			Q493250	Q493250	True	extended	Q493250 P31=county of New Mexico	134.1	McKinley County	McKinley County	[35.58, -108.26]	[35.58, -108.26]	78.4	0.0	0.0	78.4	True	True	024	WD			0.0
987007567720905171	20260728-20260803	location-move	extended-feature	apply-new	high	two points on one NLI 034 box half-diagonal 42 km (extent ~42 km)	Woerth-sur-Sauer (France)	ורט סור סואר (צרפת)	17786	Woerth-sur-Sauer (France)	ורט סור סואר (צרפת)	37.7	[49.09077, 8.20652]	[48.92046277, 7.75927756]	1	gooearth			Q1397696	Q1397696	True	extended	NLI 034 box half-diagonal 42 km	42.0	Canton of Wœrth	Canton of Wœrth	[48.9205, 7.759305555555556]	[48.9205, 7.759305555555556]	37.7	0.0	0.0	37.7	False	False	024	WD			42.0
987011383045805171	20260728-20260803	location-move	extended-feature	apply-new	medium	two points on one Q3404293 P31=district of Mongolia (extent unknown)	Bai︠a︡ntu̇mėn Sum (Mongolia)	באיאנטומן סום (מונגוליה)	77231	Bai︠a︡ntu̇mėn Sum (Mongolia)	באיאנטומן סום (מונגוליה)	40.3	[48.00833, 114.91694]	[48.051666666667, 114.37833333333]	1	geonames			Q3404293	Q3404293	True	extended	Q3404293 P31=district of Mongolia		Bayantümen	Bayantümen	[48.051666666667, 114.37833333333]	[48.051666666667, 114.37833333333]	40.3	0.0	0.0	40.3	True	True	024	WD			0.0
987011433524905171	20260728-20260803	location-move	nli-wd-wrong	keep-existing+report	high	"NLI WD Q1004716 = ""Ras Kebdana"" does not match the name; Kima WD Q22928906 = ""Ras El Ma"""	Râs el Ma (Algeria)	ראס אל מא (אלג'יריה)	73680	Râs el Ma (Algeria)	ראס אל מא (אלג'יריה)	726.9	[35.14069, -2.42455]	[36.118463888889, 5.5299861111111]	1	gooearth			Q1004716	Q22928906	False	point	Q1004716 P31=city / urban commune of Morocco / commune of Morocco; Q22928906 P31=city		Ras Kebdana	Ras El Ma	[35.1372835, -2.4227911]	[36.118463888889, 5.5299861111111]	0.4	726.8	0.0	726.9	False	True	024	WD			0.0
987007498936105171	20260728-20260803	location-move	homonym	research	medium	"two same-named entities: NLI Q767989 ""Modrzejowice"" vs Kima Q11784547 ""Modrzejów"""	Modrzejów (Poland)	מונדזיוב (פולין)	19391	Modrzejów (Poland)	מונדזיוב (פולין)	186.6	[51.2667, 21.25]	[50.2411, 19.1497]	1	gooearth			Q767989	Q11784547	False	point	Q767989 P31=village of Poland; Q11784547 P31=quarter / district / city / hamlet		Modrzejowice	Modrzejów	[51.2667, 21.25]	[50.2411, 19.1497]	0.0	186.6	0.0	186.6	True	True	024	WD			0.0
987007480078105171	20260804-20260810	location-move	homonym	research	medium	"two same-named entities: NLI Q1876378 ""Alford"" vs Kima Q68814827 ""Alford"""	Alford (Scotland : Parish)	אלפורד (סקוטלנד : פאריש)	77412	Alford (Scotland : Parish)	אלפורד (סקוטלנד : פאריש)	477.9	[53.26, 0.18]	[57.2256031, -2.731956727]	1	gooearth			Q1876378	Q68814827	False	point	Q1876378 P31=town / civil parish	6.9	Alford	Alford	[53.26, 0.18]	[57.2256031, -2.731956727]	0.0	477.9	0.0	477.9	True	True	024	WD			0.0
987007477241505171	20260804-20260810	location-move	kima-coords-wrong	apply-new	high	Wikidata Q4702222 (NLI only) is 2 km from NLI, 246 km from Kima	Al-'Araqib (Israel)	אלעראקיב (ישראל)	21337	Al-'Araqib (Israel)	אלעראקיב (ישראל)	245.6	[31.34617, 34.7797]	[33.50167, 35.35]	2	osm|gooearth			Q4702222		False	point	Q4702222 P31=human settlement / unrecognized Bedouin villages in Israel		Al-Araqeeb		[31.33388889, 34.80222222]		2.5	246.5			True		024				2.9
987007557401105171	20260804-20260810	location-move	homonym	research	medium	"two same-named entities: NLI Q681554 ""Toron"" vs Kima Q1670976 ""Latrun"""	Latrun (Israel)	לטרון (ישראל)	13834	Latrun (Israel)	לטרון (ישראל)	156.5	[33.19538, 35.41241]	[31.835555555556, 34.980277777778]	2	osm|gooearth			Q681554	Q1670976	False	point	Q681554 P31=castle ruin / crusader castle; Q1670976 P31=locality / depopulated Palestinian village / human settlement / village / former settlement		Toron	Latrun	[33.195713888889, 35.412325]	[31.83349130406835, 35.02360525344946]	0.0	156.6	4.1	155.8	True	True	024	WD			0.1
987007324576305171	20260804-20260810	location-move	extended-feature	apply-new	medium	two points on one Q19330806 P31=human-geographic territorial entity (extent unknown)	Netser Ḥazani (Israel)	נצר חזני (ישראל)	26099	Netser Ḥazani (Israel)	נצר חזני (ישראל)	70.9	[31.82055, 34.8625]	[31.38, 34.321944444444]	2	osm|gooearth			Q19330806	Q2909782	False	extended	Q19330806 P31=human-geographic territorial entity; Q2909782 P31=Israeli settlement / moshav		Netzer Hazani	Netzer Hazani	[31.8211, 34.8631]	[31.38, 34.321944444444]	0.1	70.9	0.0	70.9	True	True	024	WD			0.5
987007568675705171	20260804-20260810	location-move	extended-feature	apply-new	high	two points on one Q3321659 P31=mountain (extent ~32 km)	Alexander, Mount (Israel)	הר אלכסנדר (ישראל)	26999	Alexander, Mount (Israel)	הר אלכסנדר (ישראל)	30.9	[32.51371, 35.16442]	[32.396197, 34.865706]	2	osm|gooearth			Q3321659	Q1962200	False	extended	Q3321659 P31=mountain; Q1962200 P31=river / national park	32.0	Alexander Mountain	Alexander	[32.5136111, 35.1644444]	[32.396197, 34.865706]	0.0	30.9	0.0	30.9	True	True	024	WD			0.0
987007551685005171	20260804-20260810	location-move	extended-feature	apply-new	high	two points on one Q1962200 P31=river / national park (extent ~32 km)	Aleksander River (Israel)	נחל אלכסנדר (ישראל)	4432	Aleksander River (Israel)	נחל אלכסנדר (ישראל)	21.1	[32.23743, 34.98944]	[32.396197, 34.865706]	2	osm|gooearth			Q1962200	Q1962200	True	extended	Q1962200 P31=river / national park	32.0	Alexander	Alexander	[32.396197, 34.865706]	[32.396197, 34.865706]	21.1	0.0	0.0	21.1	True	True	024	WD			0.1
987007465731605171	20260804-20260810	location-move	nli-coords-wrong	keep-existing+report	high	Wikidata Q481397 is 0 km from Kima, 21 km from NLI	Ammud Cave (Israel)	מערת עמוד (ישראל)	21708	Ammud Cave (Israel)	מערת עמוד (ישראל)	20.8	[32.86667, 35.5]	[32.94588207, 35.29633105]	2	osm|gooearth			Q481397	Q481397	True				Amud cave	Amud cave	[32.94588207, 35.29633105]	[32.94588207, 35.29633105]	21.0	0.0	0.0	21.0	True	True	024	WD			0.0
987007511199105171	20260804-20260810	location-move	extended-feature	apply-new	medium	two points on one Q589512 P31=park (extent unknown)	Gan ha-Atzmaut (Jerusalem, Israel)	גן העצמאות (ירושלים, ישראל)	22076	Gan ha-Atzmaut (Jerusalem, Israel)	גן העצמאות (ירושלים, ישראל)	54.8	[31.7774, 35.21864]	[32.091666666667, 34.771944444444]	2	osm|gooearth			Q589512	Q7190091	False	extended	Q589512 P31=park; Q7190091 P31=park		Independence Park Jerusalem	Gan Ha'atzmaut	[31.77746667, 35.21896944]	[32.091666666667, 34.771944444444]	0.0	54.8	0.0	54.8	True	True	024	WD			0.2
987007285545905171	20260804-20260810	location-move	extended-feature	apply-new	high	two points on one Q1743701 P31=river (extent ~70 km)	Kishon River (Israel)	נחל קישון (ישראל)	1626	Kishon River (Israel)	נחל קישון (ישראל)	23.1	[32.63918, 35.16118]	[32.816666666667, 35.033333333333]	2	osm|gooearth			Q1743701	Q1743701	True	extended	Q1743701 P31=river	70.0	Kishon River	Kishon River	[32.816666666667, 35.033333333333]	[32.816666666667, 35.033333333333]	23.1	0.0	0.0	23.1	True	True	024	WD	[32.06392, 35.02864]	$e 35.2945355 -> 35.02945355, $f 32.8088866 -> 32.08088866, $g 32.4694751 -> 32.04694751	22.6
987007546858905171	20260804-20260810	location-move	extended-feature	apply-new	high	two points on one Q2668577 P31=river (extent ~80 km)	Besor River (Israel)	נחל בשור (ישראל)	4411	Besor River (Israel)	נחל בשור (ישראל)	22.3	[31.46423, 34.37568]	[31.287022222222, 34.485311111111]	1	gooearth			Q35256691	Q2668577	False	extended	Q2668577 P31=river	80.0	Wādī Ghazzah	Besor River	[31.46423, 34.37568]	[30.816, 34.728]	0.0	22.3	57.3	79.5	True	True	024	WD			0.0
